ISO-10303-21;
HEADER;
/* Generated by software containing ST-Developer
 * from STEP Tools, Inc. (www.steptools.com) 
 */
/* OPTION: using custom renumber hook */

FILE_DESCRIPTION(
/* description */ ('STEP AP214'),
/* implementation_level */ '2;1');

FILE_NAME(
/* name */ 'FTSH-107-01-L-DV-K-P',
/* time_stamp */ '2026-09-18T12:47:31+02:00',
/* author */ ('License CC BY-ND 4.0'),
/* organization */ ('CADENAS'),
/* preprocessor_version */ 'ST-DEVELOPER v20',
/* originating_system */ 'PARTsolutions',
/* authorisation */ '  ');

FILE_SCHEMA (('AUTOMOTIVE_DESIGN {1 0 10303 214 3 1 1}'));
ENDSEC;

DATA;
#10=PROPERTY_DEFINITION_REPRESENTATION(#14,#12);
#11=PROPERTY_DEFINITION_REPRESENTATION(#15,#13);
#12=REPRESENTATION('',(#16),#11422);
#13=REPRESENTATION('',(#17),#11422);
#14=PROPERTY_DEFINITION('pmi validation property','',#11438);
#15=PROPERTY_DEFINITION('pmi validation property','',#11438);
#16=VALUE_REPRESENTATION_ITEM('number of annotations',COUNT_MEASURE(0.));
#17=VALUE_REPRESENTATION_ITEM('number of views',COUNT_MEASURE(0.));
#18=CIRCLE('',#7464,0.0250000000000005);
#19=CIRCLE('',#7465,0.0250000000000005);
#20=CIRCLE('',#7467,0.0250000000000005);
#21=CIRCLE('',#7468,0.0250000000000005);
#22=CIRCLE('',#7470,0.0250000000000005);
#23=CIRCLE('',#7471,0.0250000000000005);
#24=CIRCLE('',#7473,0.0250000000000005);
#25=CIRCLE('',#7474,0.0250000000000005);
#26=CIRCLE('',#7476,0.0250000000000005);
#27=CIRCLE('',#7477,0.0250000000000005);
#28=CIRCLE('',#7479,0.0250000000000005);
#29=CIRCLE('',#7480,0.0250000000000005);
#30=CIRCLE('',#7494,0.0250000000000005);
#31=CIRCLE('',#7495,0.0250000000000005);
#32=CIRCLE('',#7497,0.0250000000000005);
#33=CIRCLE('',#7498,0.0250000000000005);
#34=CIRCLE('',#7500,0.0250000000000005);
#35=CIRCLE('',#7501,0.0250000000000005);
#36=CIRCLE('',#7503,0.0250000000000005);
#37=CIRCLE('',#7504,0.0250000000000005);
#38=CIRCLE('',#7506,0.0250000000000005);
#39=CIRCLE('',#7507,0.0250000000000005);
#40=CIRCLE('',#7509,0.0250000000000005);
#41=CIRCLE('',#7510,0.0250000000000005);
#42=CIRCLE('',#7533,0.0250000000000005);
#43=CIRCLE('',#7534,0.0250000000000005);
#44=CIRCLE('',#7539,0.0250000000000005);
#45=CIRCLE('',#7540,0.0250000000000005);
#46=CIRCLE('',#7576,0.0099999999999948);
#47=CIRCLE('',#7577,0.0099999999999948);
#48=CIRCLE('',#7580,0.0099999999999931);
#49=CIRCLE('',#7581,0.0099999999999931);
#50=CIRCLE('',#7590,0.0099999999999948);
#51=CIRCLE('',#7591,0.0099999999999948);
#52=CIRCLE('',#7594,0.00999999999999479);
#53=CIRCLE('',#7595,0.00999999999999479);
#54=CIRCLE('',#7604,0.00999999999999309);
#55=CIRCLE('',#7605,0.00999999999999309);
#56=CIRCLE('',#7608,0.0099999999999948);
#57=CIRCLE('',#7609,0.0099999999999948);
#58=CYLINDRICAL_SURFACE('',#7463,0.0250000000000005);
#59=CYLINDRICAL_SURFACE('',#7466,0.0250000000000005);
#60=CYLINDRICAL_SURFACE('',#7469,0.0250000000000005);
#61=CYLINDRICAL_SURFACE('',#7472,0.0250000000000005);
#62=CYLINDRICAL_SURFACE('',#7475,0.0250000000000005);
#63=CYLINDRICAL_SURFACE('',#7478,0.0250000000000005);
#64=CYLINDRICAL_SURFACE('',#7493,0.0250000000000005);
#65=CYLINDRICAL_SURFACE('',#7496,0.0250000000000005);
#66=CYLINDRICAL_SURFACE('',#7499,0.0250000000000005);
#67=CYLINDRICAL_SURFACE('',#7502,0.0250000000000005);
#68=CYLINDRICAL_SURFACE('',#7505,0.0250000000000005);
#69=CYLINDRICAL_SURFACE('',#7508,0.0250000000000005);
#70=CYLINDRICAL_SURFACE('',#7532,0.0250000000000005);
#71=CYLINDRICAL_SURFACE('',#7538,0.0250000000000005);
#72=CYLINDRICAL_SURFACE('',#7575,0.0099999999999948);
#73=CYLINDRICAL_SURFACE('',#7579,0.0099999999999931);
#74=CYLINDRICAL_SURFACE('',#7589,0.0099999999999948);
#75=CYLINDRICAL_SURFACE('',#7593,0.00999999999999479);
#76=CYLINDRICAL_SURFACE('',#7603,0.00999999999999309);
#77=CYLINDRICAL_SURFACE('',#7607,0.0099999999999948);
#78=CONTEXT_DEPENDENT_SHAPE_REPRESENTATION(#86,#11440);
#79=CONTEXT_DEPENDENT_SHAPE_REPRESENTATION(#87,#11442);
#80=CONTEXT_DEPENDENT_SHAPE_REPRESENTATION(#88,#11444);
#81=CONTEXT_DEPENDENT_SHAPE_REPRESENTATION(#89,#11446);
#82=NEXT_ASSEMBLY_USAGE_OCCURRENCE('NAUO1','FTSH-107-01-L-DV-K-P_body',
'FTSH-107-01-L-DV-K-P_body',#11447,#11448,'');
#83=NEXT_ASSEMBLY_USAGE_OCCURRENCE('NAUO2','FTSH-107-01-L-DV-K-P_pins1',
'FTSH-107-01-L-DV-K-P_pins1',#11447,#11449,'');
#84=NEXT_ASSEMBLY_USAGE_OCCURRENCE('NAUO3','FTSH-107-01-L-DV-K-P_pins2',
'FTSH-107-01-L-DV-K-P_pins2',#11447,#11450,'');
#85=NEXT_ASSEMBLY_USAGE_OCCURRENCE('NAUO4',
'FTSH-107-01-L-DV-K-P_pp_pad','FTSH-107-01-L-DV-K-P_pp_pad',#11447,#11451,
'');
#86=(
REPRESENTATION_RELATIONSHIP(' ',' ',#7205,#7204)
REPRESENTATION_RELATIONSHIP_WITH_TRANSFORMATION(#90)
SHAPE_REPRESENTATION_RELATIONSHIP()
);
#87=(
REPRESENTATION_RELATIONSHIP(' ',' ',#7206,#7204)
REPRESENTATION_RELATIONSHIP_WITH_TRANSFORMATION(#91)
SHAPE_REPRESENTATION_RELATIONSHIP()
);
#88=(
REPRESENTATION_RELATIONSHIP(' ',' ',#7207,#7204)
REPRESENTATION_RELATIONSHIP_WITH_TRANSFORMATION(#92)
SHAPE_REPRESENTATION_RELATIONSHIP()
);
#89=(
REPRESENTATION_RELATIONSHIP(' ',' ',#7208,#7204)
REPRESENTATION_RELATIONSHIP_WITH_TRANSFORMATION(#93)
SHAPE_REPRESENTATION_RELATIONSHIP()
);
#90=ITEM_DEFINED_TRANSFORMATION(' ',' ',#7209,#7316);
#91=ITEM_DEFINED_TRANSFORMATION(' ',' ',#7209,#7444);
#92=ITEM_DEFINED_TRANSFORMATION(' ',' ',#7209,#7572);
#93=ITEM_DEFINED_TRANSFORMATION(' ',' ',#7209,#7620);
#94=SHAPE_REPRESENTATION_RELATIONSHIP('','',#7205,#98);
#95=SHAPE_REPRESENTATION_RELATIONSHIP('','',#7206,#99);
#96=SHAPE_REPRESENTATION_RELATIONSHIP('','',#7207,#100);
#97=SHAPE_REPRESENTATION_RELATIONSHIP('','',#7208,#101);
#98=ADVANCED_BREP_SHAPE_REPRESENTATION('',(#7195),#11423);
#99=ADVANCED_BREP_SHAPE_REPRESENTATION('',(#7196),#11424);
#100=ADVANCED_BREP_SHAPE_REPRESENTATION('',(#7197),#11425);
#101=ADVANCED_BREP_SHAPE_REPRESENTATION('',(#7198),#11426);
#102=ORIENTED_EDGE('',*,*,#2102,.T.);
#103=ORIENTED_EDGE('',*,*,#2103,.T.);
#104=ORIENTED_EDGE('',*,*,#2104,.T.);
#105=ORIENTED_EDGE('',*,*,#2105,.T.);
#106=ORIENTED_EDGE('',*,*,#2106,.F.);
#107=ORIENTED_EDGE('',*,*,#2107,.F.);
#108=ORIENTED_EDGE('',*,*,#2108,.T.);
#109=ORIENTED_EDGE('',*,*,#2109,.T.);
#110=ORIENTED_EDGE('',*,*,#2110,.T.);
#111=ORIENTED_EDGE('',*,*,#2111,.T.);
#112=ORIENTED_EDGE('',*,*,#2112,.T.);
#113=ORIENTED_EDGE('',*,*,#2113,.T.);
#114=ORIENTED_EDGE('',*,*,#2114,.T.);
#115=ORIENTED_EDGE('',*,*,#2115,.T.);
#116=ORIENTED_EDGE('',*,*,#2116,.F.);
#117=ORIENTED_EDGE('',*,*,#2117,.T.);
#118=ORIENTED_EDGE('',*,*,#2118,.T.);
#119=ORIENTED_EDGE('',*,*,#2119,.T.);
#120=ORIENTED_EDGE('',*,*,#2120,.T.);
#121=ORIENTED_EDGE('',*,*,#2121,.T.);
#122=ORIENTED_EDGE('',*,*,#2122,.F.);
#123=ORIENTED_EDGE('',*,*,#2112,.F.);
#124=ORIENTED_EDGE('',*,*,#2123,.F.);
#125=ORIENTED_EDGE('',*,*,#2104,.F.);
#126=ORIENTED_EDGE('',*,*,#2124,.F.);
#127=ORIENTED_EDGE('',*,*,#2108,.F.);
#128=ORIENTED_EDGE('',*,*,#2125,.F.);
#129=ORIENTED_EDGE('',*,*,#2120,.F.);
#130=ORIENTED_EDGE('',*,*,#2126,.T.);
#131=ORIENTED_EDGE('',*,*,#2127,.T.);
#132=ORIENTED_EDGE('',*,*,#2128,.T.);
#133=ORIENTED_EDGE('',*,*,#2129,.T.);
#134=ORIENTED_EDGE('',*,*,#2130,.F.);
#135=ORIENTED_EDGE('',*,*,#2131,.F.);
#136=ORIENTED_EDGE('',*,*,#2132,.F.);
#137=ORIENTED_EDGE('',*,*,#2133,.T.);
#138=ORIENTED_EDGE('',*,*,#2134,.F.);
#139=ORIENTED_EDGE('',*,*,#2135,.T.);
#140=ORIENTED_EDGE('',*,*,#2136,.T.);
#141=ORIENTED_EDGE('',*,*,#2137,.F.);
#142=ORIENTED_EDGE('',*,*,#2138,.F.);
#143=ORIENTED_EDGE('',*,*,#2139,.T.);
#144=ORIENTED_EDGE('',*,*,#2140,.T.);
#145=ORIENTED_EDGE('',*,*,#2141,.F.);
#146=ORIENTED_EDGE('',*,*,#2142,.T.);
#147=ORIENTED_EDGE('',*,*,#2143,.T.);
#148=ORIENTED_EDGE('',*,*,#2144,.F.);
#149=ORIENTED_EDGE('',*,*,#2145,.T.);
#150=ORIENTED_EDGE('',*,*,#2146,.T.);
#151=ORIENTED_EDGE('',*,*,#2147,.T.);
#152=ORIENTED_EDGE('',*,*,#2148,.F.);
#153=ORIENTED_EDGE('',*,*,#2149,.T.);
#154=ORIENTED_EDGE('',*,*,#2150,.T.);
#155=ORIENTED_EDGE('',*,*,#2151,.T.);
#156=ORIENTED_EDGE('',*,*,#2152,.F.);
#157=ORIENTED_EDGE('',*,*,#2153,.T.);
#158=ORIENTED_EDGE('',*,*,#2152,.T.);
#159=ORIENTED_EDGE('',*,*,#2154,.T.);
#160=ORIENTED_EDGE('',*,*,#2155,.F.);
#161=ORIENTED_EDGE('',*,*,#2156,.T.);
#162=ORIENTED_EDGE('',*,*,#2155,.T.);
#163=ORIENTED_EDGE('',*,*,#2157,.T.);
#164=ORIENTED_EDGE('',*,*,#2158,.F.);
#165=ORIENTED_EDGE('',*,*,#2159,.T.);
#166=ORIENTED_EDGE('',*,*,#2160,.T.);
#167=ORIENTED_EDGE('',*,*,#2161,.T.);
#168=ORIENTED_EDGE('',*,*,#2162,.F.);
#169=ORIENTED_EDGE('',*,*,#2163,.T.);
#170=ORIENTED_EDGE('',*,*,#2162,.T.);
#171=ORIENTED_EDGE('',*,*,#2164,.T.);
#172=ORIENTED_EDGE('',*,*,#2165,.F.);
#173=ORIENTED_EDGE('',*,*,#2166,.T.);
#174=ORIENTED_EDGE('',*,*,#2165,.T.);
#175=ORIENTED_EDGE('',*,*,#2167,.T.);
#176=ORIENTED_EDGE('',*,*,#2168,.F.);
#177=ORIENTED_EDGE('',*,*,#2169,.T.);
#178=ORIENTED_EDGE('',*,*,#2170,.T.);
#179=ORIENTED_EDGE('',*,*,#2171,.T.);
#180=ORIENTED_EDGE('',*,*,#2172,.F.);
#181=ORIENTED_EDGE('',*,*,#2173,.T.);
#182=ORIENTED_EDGE('',*,*,#2172,.T.);
#183=ORIENTED_EDGE('',*,*,#2174,.T.);
#184=ORIENTED_EDGE('',*,*,#2175,.F.);
#185=ORIENTED_EDGE('',*,*,#2176,.T.);
#186=ORIENTED_EDGE('',*,*,#2175,.T.);
#187=ORIENTED_EDGE('',*,*,#2177,.T.);
#188=ORIENTED_EDGE('',*,*,#2178,.F.);
#189=ORIENTED_EDGE('',*,*,#2179,.T.);
#190=ORIENTED_EDGE('',*,*,#2180,.T.);
#191=ORIENTED_EDGE('',*,*,#2181,.T.);
#192=ORIENTED_EDGE('',*,*,#2182,.F.);
#193=ORIENTED_EDGE('',*,*,#2183,.T.);
#194=ORIENTED_EDGE('',*,*,#2182,.T.);
#195=ORIENTED_EDGE('',*,*,#2184,.T.);
#196=ORIENTED_EDGE('',*,*,#2185,.F.);
#197=ORIENTED_EDGE('',*,*,#2186,.T.);
#198=ORIENTED_EDGE('',*,*,#2185,.T.);
#199=ORIENTED_EDGE('',*,*,#2187,.T.);
#200=ORIENTED_EDGE('',*,*,#2188,.F.);
#201=ORIENTED_EDGE('',*,*,#2189,.T.);
#202=ORIENTED_EDGE('',*,*,#2190,.T.);
#203=ORIENTED_EDGE('',*,*,#2191,.T.);
#204=ORIENTED_EDGE('',*,*,#2192,.F.);
#205=ORIENTED_EDGE('',*,*,#2193,.T.);
#206=ORIENTED_EDGE('',*,*,#2192,.T.);
#207=ORIENTED_EDGE('',*,*,#2194,.T.);
#208=ORIENTED_EDGE('',*,*,#2195,.F.);
#209=ORIENTED_EDGE('',*,*,#2196,.T.);
#210=ORIENTED_EDGE('',*,*,#2195,.T.);
#211=ORIENTED_EDGE('',*,*,#2197,.T.);
#212=ORIENTED_EDGE('',*,*,#2198,.F.);
#213=ORIENTED_EDGE('',*,*,#2199,.T.);
#214=ORIENTED_EDGE('',*,*,#2200,.T.);
#215=ORIENTED_EDGE('',*,*,#2201,.T.);
#216=ORIENTED_EDGE('',*,*,#2202,.F.);
#217=ORIENTED_EDGE('',*,*,#2203,.T.);
#218=ORIENTED_EDGE('',*,*,#2202,.T.);
#219=ORIENTED_EDGE('',*,*,#2204,.T.);
#220=ORIENTED_EDGE('',*,*,#2205,.F.);
#221=ORIENTED_EDGE('',*,*,#2206,.T.);
#222=ORIENTED_EDGE('',*,*,#2205,.T.);
#223=ORIENTED_EDGE('',*,*,#2207,.T.);
#224=ORIENTED_EDGE('',*,*,#2208,.F.);
#225=ORIENTED_EDGE('',*,*,#2209,.T.);
#226=ORIENTED_EDGE('',*,*,#2210,.T.);
#227=ORIENTED_EDGE('',*,*,#2211,.T.);
#228=ORIENTED_EDGE('',*,*,#2212,.F.);
#229=ORIENTED_EDGE('',*,*,#2213,.T.);
#230=ORIENTED_EDGE('',*,*,#2214,.T.);
#231=ORIENTED_EDGE('',*,*,#2215,.T.);
#232=ORIENTED_EDGE('',*,*,#2216,.F.);
#233=ORIENTED_EDGE('',*,*,#2217,.T.);
#234=ORIENTED_EDGE('',*,*,#2158,.T.);
#235=ORIENTED_EDGE('',*,*,#2218,.T.);
#236=ORIENTED_EDGE('',*,*,#2150,.F.);
#237=ORIENTED_EDGE('',*,*,#2219,.T.);
#238=ORIENTED_EDGE('',*,*,#2168,.T.);
#239=ORIENTED_EDGE('',*,*,#2220,.T.);
#240=ORIENTED_EDGE('',*,*,#2160,.F.);
#241=ORIENTED_EDGE('',*,*,#2221,.T.);
#242=ORIENTED_EDGE('',*,*,#2178,.T.);
#243=ORIENTED_EDGE('',*,*,#2222,.T.);
#244=ORIENTED_EDGE('',*,*,#2170,.F.);
#245=ORIENTED_EDGE('',*,*,#2223,.T.);
#246=ORIENTED_EDGE('',*,*,#2188,.T.);
#247=ORIENTED_EDGE('',*,*,#2224,.T.);
#248=ORIENTED_EDGE('',*,*,#2180,.F.);
#249=ORIENTED_EDGE('',*,*,#2225,.T.);
#250=ORIENTED_EDGE('',*,*,#2198,.T.);
#251=ORIENTED_EDGE('',*,*,#2226,.T.);
#252=ORIENTED_EDGE('',*,*,#2190,.F.);
#253=ORIENTED_EDGE('',*,*,#2227,.T.);
#254=ORIENTED_EDGE('',*,*,#2208,.T.);
#255=ORIENTED_EDGE('',*,*,#2228,.T.);
#256=ORIENTED_EDGE('',*,*,#2200,.F.);
#257=ORIENTED_EDGE('',*,*,#2229,.T.);
#258=ORIENTED_EDGE('',*,*,#2230,.T.);
#259=ORIENTED_EDGE('',*,*,#2231,.F.);
#260=ORIENTED_EDGE('',*,*,#2232,.T.);
#261=ORIENTED_EDGE('',*,*,#2233,.T.);
#262=ORIENTED_EDGE('',*,*,#2234,.T.);
#263=ORIENTED_EDGE('',*,*,#2235,.T.);
#264=ORIENTED_EDGE('',*,*,#2236,.T.);
#265=ORIENTED_EDGE('',*,*,#2237,.F.);
#266=ORIENTED_EDGE('',*,*,#2238,.F.);
#267=ORIENTED_EDGE('',*,*,#2239,.F.);
#268=ORIENTED_EDGE('',*,*,#2137,.T.);
#269=ORIENTED_EDGE('',*,*,#2240,.T.);
#270=ORIENTED_EDGE('',*,*,#2128,.F.);
#271=ORIENTED_EDGE('',*,*,#2241,.F.);
#272=ORIENTED_EDGE('',*,*,#2242,.F.);
#273=ORIENTED_EDGE('',*,*,#2243,.F.);
#274=ORIENTED_EDGE('',*,*,#2133,.F.);
#275=ORIENTED_EDGE('',*,*,#2244,.F.);
#276=ORIENTED_EDGE('',*,*,#2141,.T.);
#277=ORIENTED_EDGE('',*,*,#2245,.F.);
#278=ORIENTED_EDGE('',*,*,#2246,.F.);
#279=ORIENTED_EDGE('',*,*,#2247,.T.);
#280=ORIENTED_EDGE('',*,*,#2248,.F.);
#281=ORIENTED_EDGE('',*,*,#2249,.F.);
#282=ORIENTED_EDGE('',*,*,#2232,.F.);
#283=ORIENTED_EDGE('',*,*,#2250,.T.);
#284=ORIENTED_EDGE('',*,*,#2251,.T.);
#285=ORIENTED_EDGE('',*,*,#2252,.T.);
#286=ORIENTED_EDGE('',*,*,#2253,.F.);
#287=ORIENTED_EDGE('',*,*,#2254,.F.);
#288=ORIENTED_EDGE('',*,*,#2249,.T.);
#289=ORIENTED_EDGE('',*,*,#2255,.T.);
#290=ORIENTED_EDGE('',*,*,#2256,.T.);
#291=ORIENTED_EDGE('',*,*,#2257,.T.);
#292=ORIENTED_EDGE('',*,*,#2237,.T.);
#293=ORIENTED_EDGE('',*,*,#2258,.T.);
#294=ORIENTED_EDGE('',*,*,#2259,.F.);
#295=ORIENTED_EDGE('',*,*,#2260,.F.);
#296=ORIENTED_EDGE('',*,*,#2261,.T.);
#297=ORIENTED_EDGE('',*,*,#2262,.T.);
#298=ORIENTED_EDGE('',*,*,#2263,.F.);
#299=ORIENTED_EDGE('',*,*,#2264,.F.);
#300=ORIENTED_EDGE('',*,*,#2265,.T.);
#301=ORIENTED_EDGE('',*,*,#2260,.T.);
#302=ORIENTED_EDGE('',*,*,#2266,.F.);
#303=ORIENTED_EDGE('',*,*,#2267,.F.);
#304=ORIENTED_EDGE('',*,*,#2268,.T.);
#305=ORIENTED_EDGE('',*,*,#2264,.T.);
#306=ORIENTED_EDGE('',*,*,#2269,.F.);
#307=ORIENTED_EDGE('',*,*,#2270,.F.);
#308=ORIENTED_EDGE('',*,*,#2271,.T.);
#309=ORIENTED_EDGE('',*,*,#2272,.T.);
#310=ORIENTED_EDGE('',*,*,#2273,.F.);
#311=ORIENTED_EDGE('',*,*,#2274,.F.);
#312=ORIENTED_EDGE('',*,*,#2275,.T.);
#313=ORIENTED_EDGE('',*,*,#2270,.T.);
#314=ORIENTED_EDGE('',*,*,#2276,.F.);
#315=ORIENTED_EDGE('',*,*,#2277,.F.);
#316=ORIENTED_EDGE('',*,*,#2278,.T.);
#317=ORIENTED_EDGE('',*,*,#2274,.T.);
#318=ORIENTED_EDGE('',*,*,#2279,.F.);
#319=ORIENTED_EDGE('',*,*,#2280,.F.);
#320=ORIENTED_EDGE('',*,*,#2281,.F.);
#321=ORIENTED_EDGE('',*,*,#2282,.T.);
#322=ORIENTED_EDGE('',*,*,#2144,.T.);
#323=ORIENTED_EDGE('',*,*,#2283,.T.);
#324=ORIENTED_EDGE('',*,*,#2284,.F.);
#325=ORIENTED_EDGE('',*,*,#2285,.F.);
#326=ORIENTED_EDGE('',*,*,#2286,.T.);
#327=ORIENTED_EDGE('',*,*,#2281,.T.);
#328=ORIENTED_EDGE('',*,*,#2287,.F.);
#329=ORIENTED_EDGE('',*,*,#2288,.F.);
#330=ORIENTED_EDGE('',*,*,#2289,.F.);
#331=ORIENTED_EDGE('',*,*,#2290,.T.);
#332=ORIENTED_EDGE('',*,*,#2148,.T.);
#333=ORIENTED_EDGE('',*,*,#2291,.T.);
#334=ORIENTED_EDGE('',*,*,#2292,.F.);
#335=ORIENTED_EDGE('',*,*,#2293,.F.);
#336=ORIENTED_EDGE('',*,*,#2294,.T.);
#337=ORIENTED_EDGE('',*,*,#2289,.T.);
#338=ORIENTED_EDGE('',*,*,#2295,.F.);
#339=ORIENTED_EDGE('',*,*,#2296,.F.);
#340=ORIENTED_EDGE('',*,*,#2297,.T.);
#341=ORIENTED_EDGE('',*,*,#2298,.T.);
#342=ORIENTED_EDGE('',*,*,#2299,.F.);
#343=ORIENTED_EDGE('',*,*,#2300,.T.);
#344=ORIENTED_EDGE('',*,*,#2210,.F.);
#345=ORIENTED_EDGE('',*,*,#2301,.T.);
#346=ORIENTED_EDGE('',*,*,#2296,.T.);
#347=ORIENTED_EDGE('',*,*,#2302,.F.);
#348=ORIENTED_EDGE('',*,*,#2303,.F.);
#349=ORIENTED_EDGE('',*,*,#2304,.F.);
#350=ORIENTED_EDGE('',*,*,#2305,.T.);
#351=ORIENTED_EDGE('',*,*,#2306,.T.);
#352=ORIENTED_EDGE('',*,*,#2307,.F.);
#353=ORIENTED_EDGE('',*,*,#2308,.T.);
#354=ORIENTED_EDGE('',*,*,#2214,.F.);
#355=ORIENTED_EDGE('',*,*,#2309,.T.);
#356=ORIENTED_EDGE('',*,*,#2304,.T.);
#357=ORIENTED_EDGE('',*,*,#2310,.F.);
#358=ORIENTED_EDGE('',*,*,#2311,.F.);
#359=ORIENTED_EDGE('',*,*,#2312,.F.);
#360=ORIENTED_EDGE('',*,*,#2313,.T.);
#361=ORIENTED_EDGE('',*,*,#2314,.T.);
#362=ORIENTED_EDGE('',*,*,#2315,.F.);
#363=ORIENTED_EDGE('',*,*,#2316,.F.);
#364=ORIENTED_EDGE('',*,*,#2317,.T.);
#365=ORIENTED_EDGE('',*,*,#2312,.T.);
#366=ORIENTED_EDGE('',*,*,#2318,.F.);
#367=ORIENTED_EDGE('',*,*,#2319,.F.);
#368=ORIENTED_EDGE('',*,*,#2320,.T.);
#369=ORIENTED_EDGE('',*,*,#2316,.T.);
#370=ORIENTED_EDGE('',*,*,#2321,.F.);
#371=ORIENTED_EDGE('',*,*,#2322,.F.);
#372=ORIENTED_EDGE('',*,*,#2323,.T.);
#373=ORIENTED_EDGE('',*,*,#2324,.T.);
#374=ORIENTED_EDGE('',*,*,#2325,.F.);
#375=ORIENTED_EDGE('',*,*,#2326,.F.);
#376=ORIENTED_EDGE('',*,*,#2327,.T.);
#377=ORIENTED_EDGE('',*,*,#2322,.T.);
#378=ORIENTED_EDGE('',*,*,#2328,.F.);
#379=ORIENTED_EDGE('',*,*,#2329,.F.);
#380=ORIENTED_EDGE('',*,*,#2330,.T.);
#381=ORIENTED_EDGE('',*,*,#2326,.T.);
#382=ORIENTED_EDGE('',*,*,#2331,.F.);
#383=ORIENTED_EDGE('',*,*,#2262,.F.);
#384=ORIENTED_EDGE('',*,*,#2332,.T.);
#385=ORIENTED_EDGE('',*,*,#2267,.T.);
#386=ORIENTED_EDGE('',*,*,#2333,.F.);
#387=ORIENTED_EDGE('',*,*,#2272,.F.);
#388=ORIENTED_EDGE('',*,*,#2334,.T.);
#389=ORIENTED_EDGE('',*,*,#2277,.T.);
#390=ORIENTED_EDGE('',*,*,#2335,.F.);
#391=ORIENTED_EDGE('',*,*,#2336,.T.);
#392=ORIENTED_EDGE('',*,*,#2142,.F.);
#393=ORIENTED_EDGE('',*,*,#2337,.T.);
#394=ORIENTED_EDGE('',*,*,#2285,.T.);
#395=ORIENTED_EDGE('',*,*,#2338,.F.);
#396=ORIENTED_EDGE('',*,*,#2339,.F.);
#397=ORIENTED_EDGE('',*,*,#2340,.T.);
#398=ORIENTED_EDGE('',*,*,#2146,.F.);
#399=ORIENTED_EDGE('',*,*,#2341,.T.);
#400=ORIENTED_EDGE('',*,*,#2293,.T.);
#401=ORIENTED_EDGE('',*,*,#2342,.F.);
#402=ORIENTED_EDGE('',*,*,#2343,.F.);
#403=ORIENTED_EDGE('',*,*,#2344,.F.);
#404=ORIENTED_EDGE('',*,*,#2298,.F.);
#405=ORIENTED_EDGE('',*,*,#2345,.T.);
#406=ORIENTED_EDGE('',*,*,#2212,.T.);
#407=ORIENTED_EDGE('',*,*,#2346,.T.);
#408=ORIENTED_EDGE('',*,*,#2347,.F.);
#409=ORIENTED_EDGE('',*,*,#2348,.F.);
#410=ORIENTED_EDGE('',*,*,#2306,.F.);
#411=ORIENTED_EDGE('',*,*,#2349,.T.);
#412=ORIENTED_EDGE('',*,*,#2216,.T.);
#413=ORIENTED_EDGE('',*,*,#2350,.T.);
#414=ORIENTED_EDGE('',*,*,#2351,.F.);
#415=ORIENTED_EDGE('',*,*,#2314,.F.);
#416=ORIENTED_EDGE('',*,*,#2352,.T.);
#417=ORIENTED_EDGE('',*,*,#2319,.T.);
#418=ORIENTED_EDGE('',*,*,#2353,.F.);
#419=ORIENTED_EDGE('',*,*,#2324,.F.);
#420=ORIENTED_EDGE('',*,*,#2354,.T.);
#421=ORIENTED_EDGE('',*,*,#2329,.T.);
#422=ORIENTED_EDGE('',*,*,#2355,.T.);
#423=ORIENTED_EDGE('',*,*,#2356,.F.);
#424=ORIENTED_EDGE('',*,*,#2357,.F.);
#425=ORIENTED_EDGE('',*,*,#2253,.T.);
#426=ORIENTED_EDGE('',*,*,#2323,.F.);
#427=ORIENTED_EDGE('',*,*,#2327,.F.);
#428=ORIENTED_EDGE('',*,*,#2330,.F.);
#429=ORIENTED_EDGE('',*,*,#2354,.F.);
#430=ORIENTED_EDGE('',*,*,#2313,.F.);
#431=ORIENTED_EDGE('',*,*,#2317,.F.);
#432=ORIENTED_EDGE('',*,*,#2320,.F.);
#433=ORIENTED_EDGE('',*,*,#2352,.F.);
#434=ORIENTED_EDGE('',*,*,#2305,.F.);
#435=ORIENTED_EDGE('',*,*,#2309,.F.);
#436=ORIENTED_EDGE('',*,*,#2217,.F.);
#437=ORIENTED_EDGE('',*,*,#2349,.F.);
#438=ORIENTED_EDGE('',*,*,#2297,.F.);
#439=ORIENTED_EDGE('',*,*,#2301,.F.);
#440=ORIENTED_EDGE('',*,*,#2213,.F.);
#441=ORIENTED_EDGE('',*,*,#2345,.F.);
#442=ORIENTED_EDGE('',*,*,#2203,.F.);
#443=ORIENTED_EDGE('',*,*,#2206,.F.);
#444=ORIENTED_EDGE('',*,*,#2209,.F.);
#445=ORIENTED_EDGE('',*,*,#2229,.F.);
#446=ORIENTED_EDGE('',*,*,#2193,.F.);
#447=ORIENTED_EDGE('',*,*,#2196,.F.);
#448=ORIENTED_EDGE('',*,*,#2199,.F.);
#449=ORIENTED_EDGE('',*,*,#2227,.F.);
#450=ORIENTED_EDGE('',*,*,#2183,.F.);
#451=ORIENTED_EDGE('',*,*,#2186,.F.);
#452=ORIENTED_EDGE('',*,*,#2189,.F.);
#453=ORIENTED_EDGE('',*,*,#2225,.F.);
#454=ORIENTED_EDGE('',*,*,#2173,.F.);
#455=ORIENTED_EDGE('',*,*,#2176,.F.);
#456=ORIENTED_EDGE('',*,*,#2179,.F.);
#457=ORIENTED_EDGE('',*,*,#2223,.F.);
#458=ORIENTED_EDGE('',*,*,#2163,.F.);
#459=ORIENTED_EDGE('',*,*,#2166,.F.);
#460=ORIENTED_EDGE('',*,*,#2169,.F.);
#461=ORIENTED_EDGE('',*,*,#2221,.F.);
#462=ORIENTED_EDGE('',*,*,#2153,.F.);
#463=ORIENTED_EDGE('',*,*,#2156,.F.);
#464=ORIENTED_EDGE('',*,*,#2159,.F.);
#465=ORIENTED_EDGE('',*,*,#2219,.F.);
#466=ORIENTED_EDGE('',*,*,#2149,.F.);
#467=ORIENTED_EDGE('',*,*,#2290,.F.);
#468=ORIENTED_EDGE('',*,*,#2294,.F.);
#469=ORIENTED_EDGE('',*,*,#2341,.F.);
#470=ORIENTED_EDGE('',*,*,#2145,.F.);
#471=ORIENTED_EDGE('',*,*,#2282,.F.);
#472=ORIENTED_EDGE('',*,*,#2286,.F.);
#473=ORIENTED_EDGE('',*,*,#2337,.F.);
#474=ORIENTED_EDGE('',*,*,#2271,.F.);
#475=ORIENTED_EDGE('',*,*,#2275,.F.);
#476=ORIENTED_EDGE('',*,*,#2278,.F.);
#477=ORIENTED_EDGE('',*,*,#2334,.F.);
#478=ORIENTED_EDGE('',*,*,#2261,.F.);
#479=ORIENTED_EDGE('',*,*,#2265,.F.);
#480=ORIENTED_EDGE('',*,*,#2268,.F.);
#481=ORIENTED_EDGE('',*,*,#2332,.F.);
#482=ORIENTED_EDGE('',*,*,#2244,.T.);
#483=ORIENTED_EDGE('',*,*,#2132,.T.);
#484=ORIENTED_EDGE('',*,*,#2115,.F.);
#485=ORIENTED_EDGE('',*,*,#2358,.F.);
#486=ORIENTED_EDGE('',*,*,#2111,.F.);
#487=ORIENTED_EDGE('',*,*,#2359,.T.);
#488=ORIENTED_EDGE('',*,*,#2117,.F.);
#489=ORIENTED_EDGE('',*,*,#2246,.T.);
#490=ORIENTED_EDGE('',*,*,#2254,.T.);
#491=ORIENTED_EDGE('',*,*,#2357,.T.);
#492=ORIENTED_EDGE('',*,*,#2360,.F.);
#493=ORIENTED_EDGE('',*,*,#2138,.T.);
#494=ORIENTED_EDGE('',*,*,#2361,.T.);
#495=ORIENTED_EDGE('',*,*,#2302,.T.);
#496=ORIENTED_EDGE('',*,*,#2295,.T.);
#497=ORIENTED_EDGE('',*,*,#2344,.T.);
#498=ORIENTED_EDGE('',*,*,#2362,.T.);
#499=ORIENTED_EDGE('',*,*,#2310,.T.);
#500=ORIENTED_EDGE('',*,*,#2303,.T.);
#501=ORIENTED_EDGE('',*,*,#2348,.T.);
#502=ORIENTED_EDGE('',*,*,#2288,.T.);
#503=ORIENTED_EDGE('',*,*,#2363,.T.);
#504=ORIENTED_EDGE('',*,*,#2342,.T.);
#505=ORIENTED_EDGE('',*,*,#2292,.T.);
#506=ORIENTED_EDGE('',*,*,#2280,.T.);
#507=ORIENTED_EDGE('',*,*,#2364,.T.);
#508=ORIENTED_EDGE('',*,*,#2338,.T.);
#509=ORIENTED_EDGE('',*,*,#2284,.T.);
#510=ORIENTED_EDGE('',*,*,#2236,.F.);
#511=ORIENTED_EDGE('',*,*,#2365,.T.);
#512=ORIENTED_EDGE('',*,*,#2106,.T.);
#513=ORIENTED_EDGE('',*,*,#2366,.T.);
#514=ORIENTED_EDGE('',*,*,#2129,.F.);
#515=ORIENTED_EDGE('',*,*,#2240,.F.);
#516=ORIENTED_EDGE('',*,*,#2136,.F.);
#517=ORIENTED_EDGE('',*,*,#2367,.T.);
#518=ORIENTED_EDGE('',*,*,#2368,.T.);
#519=ORIENTED_EDGE('',*,*,#2369,.T.);
#520=ORIENTED_EDGE('',*,*,#2233,.F.);
#521=ORIENTED_EDGE('',*,*,#2258,.F.);
#522=ORIENTED_EDGE('',*,*,#2269,.T.);
#523=ORIENTED_EDGE('',*,*,#2333,.T.);
#524=ORIENTED_EDGE('',*,*,#2276,.T.);
#525=ORIENTED_EDGE('',*,*,#2273,.T.);
#526=ORIENTED_EDGE('',*,*,#2259,.T.);
#527=ORIENTED_EDGE('',*,*,#2331,.T.);
#528=ORIENTED_EDGE('',*,*,#2266,.T.);
#529=ORIENTED_EDGE('',*,*,#2263,.T.);
#530=ORIENTED_EDGE('',*,*,#2311,.T.);
#531=ORIENTED_EDGE('',*,*,#2351,.T.);
#532=ORIENTED_EDGE('',*,*,#2318,.T.);
#533=ORIENTED_EDGE('',*,*,#2315,.T.);
#534=ORIENTED_EDGE('',*,*,#2321,.T.);
#535=ORIENTED_EDGE('',*,*,#2353,.T.);
#536=ORIENTED_EDGE('',*,*,#2328,.T.);
#537=ORIENTED_EDGE('',*,*,#2325,.T.);
#538=ORIENTED_EDGE('',*,*,#2242,.T.);
#539=ORIENTED_EDGE('',*,*,#2370,.F.);
#540=ORIENTED_EDGE('',*,*,#2256,.F.);
#541=ORIENTED_EDGE('',*,*,#2371,.T.);
#542=ORIENTED_EDGE('',*,*,#2241,.T.);
#543=ORIENTED_EDGE('',*,*,#2127,.F.);
#544=ORIENTED_EDGE('',*,*,#2372,.T.);
#545=ORIENTED_EDGE('',*,*,#2234,.F.);
#546=ORIENTED_EDGE('',*,*,#2257,.F.);
#547=ORIENTED_EDGE('',*,*,#2370,.T.);
#548=ORIENTED_EDGE('',*,*,#2243,.T.);
#549=ORIENTED_EDGE('',*,*,#2371,.F.);
#550=ORIENTED_EDGE('',*,*,#2255,.F.);
#551=ORIENTED_EDGE('',*,*,#2248,.T.);
#552=ORIENTED_EDGE('',*,*,#2373,.T.);
#553=ORIENTED_EDGE('',*,*,#2130,.T.);
#554=ORIENTED_EDGE('',*,*,#2239,.T.);
#555=ORIENTED_EDGE('',*,*,#2374,.F.);
#556=ORIENTED_EDGE('',*,*,#2250,.F.);
#557=ORIENTED_EDGE('',*,*,#2231,.T.);
#558=ORIENTED_EDGE('',*,*,#2375,.T.);
#559=ORIENTED_EDGE('',*,*,#2134,.T.);
#560=ORIENTED_EDGE('',*,*,#2238,.T.);
#561=ORIENTED_EDGE('',*,*,#2376,.F.);
#562=ORIENTED_EDGE('',*,*,#2251,.F.);
#563=ORIENTED_EDGE('',*,*,#2374,.T.);
#564=ORIENTED_EDGE('',*,*,#2245,.T.);
#565=ORIENTED_EDGE('',*,*,#2140,.F.);
#566=ORIENTED_EDGE('',*,*,#2377,.T.);
#567=ORIENTED_EDGE('',*,*,#2355,.F.);
#568=ORIENTED_EDGE('',*,*,#2252,.F.);
#569=ORIENTED_EDGE('',*,*,#2376,.T.);
#570=ORIENTED_EDGE('',*,*,#2308,.F.);
#571=ORIENTED_EDGE('',*,*,#2378,.F.);
#572=ORIENTED_EDGE('',*,*,#2350,.F.);
#573=ORIENTED_EDGE('',*,*,#2215,.F.);
#574=ORIENTED_EDGE('',*,*,#2378,.T.);
#575=ORIENTED_EDGE('',*,*,#2307,.T.);
#576=ORIENTED_EDGE('',*,*,#2362,.F.);
#577=ORIENTED_EDGE('',*,*,#2347,.T.);
#578=ORIENTED_EDGE('',*,*,#2300,.F.);
#579=ORIENTED_EDGE('',*,*,#2379,.F.);
#580=ORIENTED_EDGE('',*,*,#2346,.F.);
#581=ORIENTED_EDGE('',*,*,#2211,.F.);
#582=ORIENTED_EDGE('',*,*,#2379,.T.);
#583=ORIENTED_EDGE('',*,*,#2299,.T.);
#584=ORIENTED_EDGE('',*,*,#2361,.F.);
#585=ORIENTED_EDGE('',*,*,#2343,.T.);
#586=ORIENTED_EDGE('',*,*,#2201,.F.);
#587=ORIENTED_EDGE('',*,*,#2228,.F.);
#588=ORIENTED_EDGE('',*,*,#2207,.F.);
#589=ORIENTED_EDGE('',*,*,#2204,.F.);
#590=ORIENTED_EDGE('',*,*,#2191,.F.);
#591=ORIENTED_EDGE('',*,*,#2226,.F.);
#592=ORIENTED_EDGE('',*,*,#2197,.F.);
#593=ORIENTED_EDGE('',*,*,#2194,.F.);
#594=ORIENTED_EDGE('',*,*,#2181,.F.);
#595=ORIENTED_EDGE('',*,*,#2224,.F.);
#596=ORIENTED_EDGE('',*,*,#2187,.F.);
#597=ORIENTED_EDGE('',*,*,#2184,.F.);
#598=ORIENTED_EDGE('',*,*,#2171,.F.);
#599=ORIENTED_EDGE('',*,*,#2222,.F.);
#600=ORIENTED_EDGE('',*,*,#2177,.F.);
#601=ORIENTED_EDGE('',*,*,#2174,.F.);
#602=ORIENTED_EDGE('',*,*,#2161,.F.);
#603=ORIENTED_EDGE('',*,*,#2220,.F.);
#604=ORIENTED_EDGE('',*,*,#2167,.F.);
#605=ORIENTED_EDGE('',*,*,#2164,.F.);
#606=ORIENTED_EDGE('',*,*,#2151,.F.);
#607=ORIENTED_EDGE('',*,*,#2218,.F.);
#608=ORIENTED_EDGE('',*,*,#2157,.F.);
#609=ORIENTED_EDGE('',*,*,#2154,.F.);
#610=ORIENTED_EDGE('',*,*,#2291,.F.);
#611=ORIENTED_EDGE('',*,*,#2147,.F.);
#612=ORIENTED_EDGE('',*,*,#2340,.F.);
#613=ORIENTED_EDGE('',*,*,#2380,.F.);
#614=ORIENTED_EDGE('',*,*,#2363,.F.);
#615=ORIENTED_EDGE('',*,*,#2287,.T.);
#616=ORIENTED_EDGE('',*,*,#2380,.T.);
#617=ORIENTED_EDGE('',*,*,#2339,.T.);
#618=ORIENTED_EDGE('',*,*,#2283,.F.);
#619=ORIENTED_EDGE('',*,*,#2143,.F.);
#620=ORIENTED_EDGE('',*,*,#2336,.F.);
#621=ORIENTED_EDGE('',*,*,#2381,.F.);
#622=ORIENTED_EDGE('',*,*,#2364,.F.);
#623=ORIENTED_EDGE('',*,*,#2279,.T.);
#624=ORIENTED_EDGE('',*,*,#2381,.T.);
#625=ORIENTED_EDGE('',*,*,#2335,.T.);
#626=ORIENTED_EDGE('',*,*,#2235,.F.);
#627=ORIENTED_EDGE('',*,*,#2382,.F.);
#628=ORIENTED_EDGE('',*,*,#2247,.F.);
#629=ORIENTED_EDGE('',*,*,#2121,.F.);
#630=ORIENTED_EDGE('',*,*,#2125,.T.);
#631=ORIENTED_EDGE('',*,*,#2107,.T.);
#632=ORIENTED_EDGE('',*,*,#2365,.F.);
#633=ORIENTED_EDGE('',*,*,#2126,.F.);
#634=ORIENTED_EDGE('',*,*,#2366,.F.);
#635=ORIENTED_EDGE('',*,*,#2105,.F.);
#636=ORIENTED_EDGE('',*,*,#2123,.T.);
#637=ORIENTED_EDGE('',*,*,#2116,.T.);
#638=ORIENTED_EDGE('',*,*,#2131,.T.);
#639=ORIENTED_EDGE('',*,*,#2383,.T.);
#640=ORIENTED_EDGE('',*,*,#2135,.F.);
#641=ORIENTED_EDGE('',*,*,#2384,.F.);
#642=ORIENTED_EDGE('',*,*,#2139,.F.);
#643=ORIENTED_EDGE('',*,*,#2385,.F.);
#644=ORIENTED_EDGE('',*,*,#2386,.T.);
#645=ORIENTED_EDGE('',*,*,#2387,.T.);
#646=ORIENTED_EDGE('',*,*,#2367,.F.);
#647=ORIENTED_EDGE('',*,*,#2230,.F.);
#648=ORIENTED_EDGE('',*,*,#2369,.F.);
#649=ORIENTED_EDGE('',*,*,#2388,.F.);
#650=ORIENTED_EDGE('',*,*,#2389,.T.);
#651=ORIENTED_EDGE('',*,*,#2390,.T.);
#652=ORIENTED_EDGE('',*,*,#2356,.T.);
#653=ORIENTED_EDGE('',*,*,#2391,.T.);
#654=ORIENTED_EDGE('',*,*,#2368,.F.);
#655=ORIENTED_EDGE('',*,*,#2387,.F.);
#656=ORIENTED_EDGE('',*,*,#2392,.T.);
#657=ORIENTED_EDGE('',*,*,#2388,.T.);
#658=ORIENTED_EDGE('',*,*,#2375,.F.);
#659=ORIENTED_EDGE('',*,*,#2391,.F.);
#660=ORIENTED_EDGE('',*,*,#2377,.F.);
#661=ORIENTED_EDGE('',*,*,#2384,.T.);
#662=ORIENTED_EDGE('',*,*,#2385,.T.);
#663=ORIENTED_EDGE('',*,*,#2360,.T.);
#664=ORIENTED_EDGE('',*,*,#2390,.F.);
#665=ORIENTED_EDGE('',*,*,#2393,.T.);
#666=ORIENTED_EDGE('',*,*,#2393,.F.);
#667=ORIENTED_EDGE('',*,*,#2389,.F.);
#668=ORIENTED_EDGE('',*,*,#2392,.F.);
#669=ORIENTED_EDGE('',*,*,#2386,.F.);
#670=ORIENTED_EDGE('',*,*,#2372,.F.);
#671=ORIENTED_EDGE('',*,*,#2383,.F.);
#672=ORIENTED_EDGE('',*,*,#2373,.F.);
#673=ORIENTED_EDGE('',*,*,#2382,.T.);
#674=ORIENTED_EDGE('',*,*,#2394,.T.);
#675=ORIENTED_EDGE('',*,*,#2113,.F.);
#676=ORIENTED_EDGE('',*,*,#2122,.T.);
#677=ORIENTED_EDGE('',*,*,#2103,.F.);
#678=ORIENTED_EDGE('',*,*,#2358,.T.);
#679=ORIENTED_EDGE('',*,*,#2114,.F.);
#680=ORIENTED_EDGE('',*,*,#2394,.F.);
#681=ORIENTED_EDGE('',*,*,#2102,.F.);
#682=ORIENTED_EDGE('',*,*,#2395,.T.);
#683=ORIENTED_EDGE('',*,*,#2118,.F.);
#684=ORIENTED_EDGE('',*,*,#2359,.F.);
#685=ORIENTED_EDGE('',*,*,#2110,.F.);
#686=ORIENTED_EDGE('',*,*,#2124,.T.);
#687=ORIENTED_EDGE('',*,*,#2119,.F.);
#688=ORIENTED_EDGE('',*,*,#2395,.F.);
#689=ORIENTED_EDGE('',*,*,#2109,.F.);
#690=ORIENTED_EDGE('',*,*,#2396,.F.);
#691=ORIENTED_EDGE('',*,*,#2397,.T.);
#692=ORIENTED_EDGE('',*,*,#2398,.F.);
#693=ORIENTED_EDGE('',*,*,#2399,.F.);
#694=ORIENTED_EDGE('',*,*,#2400,.F.);
#695=ORIENTED_EDGE('',*,*,#2401,.F.);
#696=ORIENTED_EDGE('',*,*,#2402,.F.);
#697=ORIENTED_EDGE('',*,*,#2403,.T.);
#698=ORIENTED_EDGE('',*,*,#2404,.F.);
#699=ORIENTED_EDGE('',*,*,#2405,.F.);
#700=ORIENTED_EDGE('',*,*,#2406,.F.);
#701=ORIENTED_EDGE('',*,*,#2407,.T.);
#702=ORIENTED_EDGE('',*,*,#2408,.F.);
#703=ORIENTED_EDGE('',*,*,#2409,.F.);
#704=ORIENTED_EDGE('',*,*,#2410,.F.);
#705=ORIENTED_EDGE('',*,*,#2411,.T.);
#706=ORIENTED_EDGE('',*,*,#2412,.F.);
#707=ORIENTED_EDGE('',*,*,#2413,.F.);
#708=ORIENTED_EDGE('',*,*,#2414,.F.);
#709=ORIENTED_EDGE('',*,*,#2415,.T.);
#710=ORIENTED_EDGE('',*,*,#2416,.F.);
#711=ORIENTED_EDGE('',*,*,#2417,.F.);
#712=ORIENTED_EDGE('',*,*,#2418,.F.);
#713=ORIENTED_EDGE('',*,*,#2419,.T.);
#714=ORIENTED_EDGE('',*,*,#2420,.F.);
#715=ORIENTED_EDGE('',*,*,#2421,.T.);
#716=ORIENTED_EDGE('',*,*,#2422,.F.);
#717=ORIENTED_EDGE('',*,*,#2423,.F.);
#718=ORIENTED_EDGE('',*,*,#2424,.F.);
#719=ORIENTED_EDGE('',*,*,#2425,.F.);
#720=ORIENTED_EDGE('',*,*,#2426,.F.);
#721=ORIENTED_EDGE('',*,*,#2427,.T.);
#722=ORIENTED_EDGE('',*,*,#2428,.F.);
#723=ORIENTED_EDGE('',*,*,#2429,.F.);
#724=ORIENTED_EDGE('',*,*,#2430,.F.);
#725=ORIENTED_EDGE('',*,*,#2431,.T.);
#726=ORIENTED_EDGE('',*,*,#2432,.F.);
#727=ORIENTED_EDGE('',*,*,#2433,.F.);
#728=ORIENTED_EDGE('',*,*,#2434,.F.);
#729=ORIENTED_EDGE('',*,*,#2435,.T.);
#730=ORIENTED_EDGE('',*,*,#2436,.F.);
#731=ORIENTED_EDGE('',*,*,#2437,.F.);
#732=ORIENTED_EDGE('',*,*,#2438,.F.);
#733=ORIENTED_EDGE('',*,*,#2439,.T.);
#734=ORIENTED_EDGE('',*,*,#2440,.F.);
#735=ORIENTED_EDGE('',*,*,#2441,.F.);
#736=ORIENTED_EDGE('',*,*,#2442,.F.);
#737=ORIENTED_EDGE('',*,*,#2443,.T.);
#738=ORIENTED_EDGE('',*,*,#2444,.F.);
#739=ORIENTED_EDGE('',*,*,#2421,.F.);
#740=ORIENTED_EDGE('',*,*,#2445,.F.);
#741=ORIENTED_EDGE('',*,*,#2446,.T.);
#742=ORIENTED_EDGE('',*,*,#2447,.F.);
#743=ORIENTED_EDGE('',*,*,#2427,.F.);
#744=ORIENTED_EDGE('',*,*,#2448,.F.);
#745=ORIENTED_EDGE('',*,*,#2449,.T.);
#746=ORIENTED_EDGE('',*,*,#2450,.F.);
#747=ORIENTED_EDGE('',*,*,#2431,.F.);
#748=ORIENTED_EDGE('',*,*,#2451,.F.);
#749=ORIENTED_EDGE('',*,*,#2452,.T.);
#750=ORIENTED_EDGE('',*,*,#2453,.F.);
#751=ORIENTED_EDGE('',*,*,#2435,.F.);
#752=ORIENTED_EDGE('',*,*,#2454,.F.);
#753=ORIENTED_EDGE('',*,*,#2455,.T.);
#754=ORIENTED_EDGE('',*,*,#2456,.F.);
#755=ORIENTED_EDGE('',*,*,#2439,.F.);
#756=ORIENTED_EDGE('',*,*,#2457,.F.);
#757=ORIENTED_EDGE('',*,*,#2458,.T.);
#758=ORIENTED_EDGE('',*,*,#2459,.F.);
#759=ORIENTED_EDGE('',*,*,#2443,.F.);
#760=ORIENTED_EDGE('',*,*,#2460,.F.);
#761=ORIENTED_EDGE('',*,*,#2461,.T.);
#762=ORIENTED_EDGE('',*,*,#2462,.F.);
#763=ORIENTED_EDGE('',*,*,#2446,.F.);
#764=ORIENTED_EDGE('',*,*,#2463,.T.);
#765=ORIENTED_EDGE('',*,*,#2464,.T.);
#766=ORIENTED_EDGE('',*,*,#2465,.F.);
#767=ORIENTED_EDGE('',*,*,#2449,.F.);
#768=ORIENTED_EDGE('',*,*,#2466,.T.);
#769=ORIENTED_EDGE('',*,*,#2467,.T.);
#770=ORIENTED_EDGE('',*,*,#2468,.F.);
#771=ORIENTED_EDGE('',*,*,#2452,.F.);
#772=ORIENTED_EDGE('',*,*,#2469,.T.);
#773=ORIENTED_EDGE('',*,*,#2470,.T.);
#774=ORIENTED_EDGE('',*,*,#2471,.F.);
#775=ORIENTED_EDGE('',*,*,#2455,.F.);
#776=ORIENTED_EDGE('',*,*,#2472,.T.);
#777=ORIENTED_EDGE('',*,*,#2473,.T.);
#778=ORIENTED_EDGE('',*,*,#2474,.F.);
#779=ORIENTED_EDGE('',*,*,#2458,.F.);
#780=ORIENTED_EDGE('',*,*,#2475,.T.);
#781=ORIENTED_EDGE('',*,*,#2476,.T.);
#782=ORIENTED_EDGE('',*,*,#2477,.F.);
#783=ORIENTED_EDGE('',*,*,#2461,.F.);
#784=ORIENTED_EDGE('',*,*,#2478,.T.);
#785=ORIENTED_EDGE('',*,*,#2479,.T.);
#786=ORIENTED_EDGE('',*,*,#2480,.F.);
#787=ORIENTED_EDGE('',*,*,#2464,.F.);
#788=ORIENTED_EDGE('',*,*,#2481,.F.);
#789=ORIENTED_EDGE('',*,*,#2482,.T.);
#790=ORIENTED_EDGE('',*,*,#2483,.F.);
#791=ORIENTED_EDGE('',*,*,#2467,.F.);
#792=ORIENTED_EDGE('',*,*,#2484,.F.);
#793=ORIENTED_EDGE('',*,*,#2485,.T.);
#794=ORIENTED_EDGE('',*,*,#2486,.F.);
#795=ORIENTED_EDGE('',*,*,#2470,.F.);
#796=ORIENTED_EDGE('',*,*,#2487,.F.);
#797=ORIENTED_EDGE('',*,*,#2488,.T.);
#798=ORIENTED_EDGE('',*,*,#2489,.F.);
#799=ORIENTED_EDGE('',*,*,#2473,.F.);
#800=ORIENTED_EDGE('',*,*,#2490,.F.);
#801=ORIENTED_EDGE('',*,*,#2491,.T.);
#802=ORIENTED_EDGE('',*,*,#2492,.F.);
#803=ORIENTED_EDGE('',*,*,#2476,.F.);
#804=ORIENTED_EDGE('',*,*,#2493,.F.);
#805=ORIENTED_EDGE('',*,*,#2494,.T.);
#806=ORIENTED_EDGE('',*,*,#2495,.F.);
#807=ORIENTED_EDGE('',*,*,#2479,.F.);
#808=ORIENTED_EDGE('',*,*,#2496,.F.);
#809=ORIENTED_EDGE('',*,*,#2497,.T.);
#810=ORIENTED_EDGE('',*,*,#2498,.F.);
#811=ORIENTED_EDGE('',*,*,#2499,.T.);
#812=ORIENTED_EDGE('',*,*,#2500,.F.);
#813=ORIENTED_EDGE('',*,*,#2482,.F.);
#814=ORIENTED_EDGE('',*,*,#2501,.F.);
#815=ORIENTED_EDGE('',*,*,#2485,.F.);
#816=ORIENTED_EDGE('',*,*,#2502,.F.);
#817=ORIENTED_EDGE('',*,*,#2503,.T.);
#818=ORIENTED_EDGE('',*,*,#2504,.F.);
#819=ORIENTED_EDGE('',*,*,#2488,.F.);
#820=ORIENTED_EDGE('',*,*,#2505,.F.);
#821=ORIENTED_EDGE('',*,*,#2506,.T.);
#822=ORIENTED_EDGE('',*,*,#2507,.F.);
#823=ORIENTED_EDGE('',*,*,#2491,.F.);
#824=ORIENTED_EDGE('',*,*,#2508,.F.);
#825=ORIENTED_EDGE('',*,*,#2509,.T.);
#826=ORIENTED_EDGE('',*,*,#2510,.F.);
#827=ORIENTED_EDGE('',*,*,#2494,.F.);
#828=ORIENTED_EDGE('',*,*,#2511,.F.);
#829=ORIENTED_EDGE('',*,*,#2512,.T.);
#830=ORIENTED_EDGE('',*,*,#2513,.F.);
#831=ORIENTED_EDGE('',*,*,#2497,.F.);
#832=ORIENTED_EDGE('',*,*,#2514,.F.);
#833=ORIENTED_EDGE('',*,*,#2515,.T.);
#834=ORIENTED_EDGE('',*,*,#2516,.F.);
#835=ORIENTED_EDGE('',*,*,#2517,.T.);
#836=ORIENTED_EDGE('',*,*,#2518,.F.);
#837=ORIENTED_EDGE('',*,*,#2519,.F.);
#838=ORIENTED_EDGE('',*,*,#2520,.F.);
#839=ORIENTED_EDGE('',*,*,#2521,.F.);
#840=ORIENTED_EDGE('',*,*,#2522,.F.);
#841=ORIENTED_EDGE('',*,*,#2523,.T.);
#842=ORIENTED_EDGE('',*,*,#2524,.F.);
#843=ORIENTED_EDGE('',*,*,#2525,.F.);
#844=ORIENTED_EDGE('',*,*,#2526,.F.);
#845=ORIENTED_EDGE('',*,*,#2527,.T.);
#846=ORIENTED_EDGE('',*,*,#2528,.F.);
#847=ORIENTED_EDGE('',*,*,#2529,.F.);
#848=ORIENTED_EDGE('',*,*,#2530,.F.);
#849=ORIENTED_EDGE('',*,*,#2531,.T.);
#850=ORIENTED_EDGE('',*,*,#2532,.F.);
#851=ORIENTED_EDGE('',*,*,#2533,.F.);
#852=ORIENTED_EDGE('',*,*,#2534,.F.);
#853=ORIENTED_EDGE('',*,*,#2535,.T.);
#854=ORIENTED_EDGE('',*,*,#2536,.F.);
#855=ORIENTED_EDGE('',*,*,#2537,.F.);
#856=ORIENTED_EDGE('',*,*,#2538,.F.);
#857=ORIENTED_EDGE('',*,*,#2539,.T.);
#858=ORIENTED_EDGE('',*,*,#2540,.F.);
#859=ORIENTED_EDGE('',*,*,#2517,.F.);
#860=ORIENTED_EDGE('',*,*,#2541,.F.);
#861=ORIENTED_EDGE('',*,*,#2542,.T.);
#862=ORIENTED_EDGE('',*,*,#2543,.F.);
#863=ORIENTED_EDGE('',*,*,#2523,.F.);
#864=ORIENTED_EDGE('',*,*,#2544,.F.);
#865=ORIENTED_EDGE('',*,*,#2545,.T.);
#866=ORIENTED_EDGE('',*,*,#2546,.F.);
#867=ORIENTED_EDGE('',*,*,#2527,.F.);
#868=ORIENTED_EDGE('',*,*,#2547,.F.);
#869=ORIENTED_EDGE('',*,*,#2548,.T.);
#870=ORIENTED_EDGE('',*,*,#2549,.F.);
#871=ORIENTED_EDGE('',*,*,#2531,.F.);
#872=ORIENTED_EDGE('',*,*,#2550,.F.);
#873=ORIENTED_EDGE('',*,*,#2551,.T.);
#874=ORIENTED_EDGE('',*,*,#2552,.F.);
#875=ORIENTED_EDGE('',*,*,#2535,.F.);
#876=ORIENTED_EDGE('',*,*,#2553,.F.);
#877=ORIENTED_EDGE('',*,*,#2554,.T.);
#878=ORIENTED_EDGE('',*,*,#2555,.F.);
#879=ORIENTED_EDGE('',*,*,#2539,.F.);
#880=ORIENTED_EDGE('',*,*,#2556,.F.);
#881=ORIENTED_EDGE('',*,*,#2557,.T.);
#882=ORIENTED_EDGE('',*,*,#2558,.F.);
#883=ORIENTED_EDGE('',*,*,#2542,.F.);
#884=ORIENTED_EDGE('',*,*,#2559,.T.);
#885=ORIENTED_EDGE('',*,*,#2560,.T.);
#886=ORIENTED_EDGE('',*,*,#2561,.F.);
#887=ORIENTED_EDGE('',*,*,#2545,.F.);
#888=ORIENTED_EDGE('',*,*,#2562,.T.);
#889=ORIENTED_EDGE('',*,*,#2563,.T.);
#890=ORIENTED_EDGE('',*,*,#2564,.F.);
#891=ORIENTED_EDGE('',*,*,#2548,.F.);
#892=ORIENTED_EDGE('',*,*,#2565,.T.);
#893=ORIENTED_EDGE('',*,*,#2566,.T.);
#894=ORIENTED_EDGE('',*,*,#2567,.F.);
#895=ORIENTED_EDGE('',*,*,#2551,.F.);
#896=ORIENTED_EDGE('',*,*,#2568,.T.);
#897=ORIENTED_EDGE('',*,*,#2569,.T.);
#898=ORIENTED_EDGE('',*,*,#2570,.F.);
#899=ORIENTED_EDGE('',*,*,#2554,.F.);
#900=ORIENTED_EDGE('',*,*,#2571,.T.);
#901=ORIENTED_EDGE('',*,*,#2572,.T.);
#902=ORIENTED_EDGE('',*,*,#2573,.F.);
#903=ORIENTED_EDGE('',*,*,#2557,.F.);
#904=ORIENTED_EDGE('',*,*,#2574,.T.);
#905=ORIENTED_EDGE('',*,*,#2575,.T.);
#906=ORIENTED_EDGE('',*,*,#2576,.F.);
#907=ORIENTED_EDGE('',*,*,#2560,.F.);
#908=ORIENTED_EDGE('',*,*,#2577,.F.);
#909=ORIENTED_EDGE('',*,*,#2399,.T.);
#910=ORIENTED_EDGE('',*,*,#2578,.F.);
#911=ORIENTED_EDGE('',*,*,#2563,.F.);
#912=ORIENTED_EDGE('',*,*,#2579,.F.);
#913=ORIENTED_EDGE('',*,*,#2401,.T.);
#914=ORIENTED_EDGE('',*,*,#2580,.F.);
#915=ORIENTED_EDGE('',*,*,#2566,.F.);
#916=ORIENTED_EDGE('',*,*,#2581,.F.);
#917=ORIENTED_EDGE('',*,*,#2405,.T.);
#918=ORIENTED_EDGE('',*,*,#2582,.F.);
#919=ORIENTED_EDGE('',*,*,#2569,.F.);
#920=ORIENTED_EDGE('',*,*,#2583,.F.);
#921=ORIENTED_EDGE('',*,*,#2409,.T.);
#922=ORIENTED_EDGE('',*,*,#2584,.F.);
#923=ORIENTED_EDGE('',*,*,#2572,.F.);
#924=ORIENTED_EDGE('',*,*,#2585,.F.);
#925=ORIENTED_EDGE('',*,*,#2413,.T.);
#926=ORIENTED_EDGE('',*,*,#2586,.F.);
#927=ORIENTED_EDGE('',*,*,#2575,.F.);
#928=ORIENTED_EDGE('',*,*,#2587,.F.);
#929=ORIENTED_EDGE('',*,*,#2417,.T.);
#930=ORIENTED_EDGE('',*,*,#2588,.F.);
#931=ORIENTED_EDGE('',*,*,#2589,.F.);
#932=ORIENTED_EDGE('',*,*,#2590,.T.);
#933=ORIENTED_EDGE('',*,*,#2591,.T.);
#934=ORIENTED_EDGE('',*,*,#2592,.F.);
#935=ORIENTED_EDGE('',*,*,#2593,.F.);
#936=ORIENTED_EDGE('',*,*,#2594,.F.);
#937=ORIENTED_EDGE('',*,*,#2403,.F.);
#938=ORIENTED_EDGE('',*,*,#2595,.F.);
#939=ORIENTED_EDGE('',*,*,#2596,.F.);
#940=ORIENTED_EDGE('',*,*,#2597,.F.);
#941=ORIENTED_EDGE('',*,*,#2407,.F.);
#942=ORIENTED_EDGE('',*,*,#2598,.F.);
#943=ORIENTED_EDGE('',*,*,#2599,.F.);
#944=ORIENTED_EDGE('',*,*,#2600,.F.);
#945=ORIENTED_EDGE('',*,*,#2411,.F.);
#946=ORIENTED_EDGE('',*,*,#2601,.F.);
#947=ORIENTED_EDGE('',*,*,#2602,.F.);
#948=ORIENTED_EDGE('',*,*,#2603,.F.);
#949=ORIENTED_EDGE('',*,*,#2415,.F.);
#950=ORIENTED_EDGE('',*,*,#2604,.F.);
#951=ORIENTED_EDGE('',*,*,#2605,.F.);
#952=ORIENTED_EDGE('',*,*,#2606,.F.);
#953=ORIENTED_EDGE('',*,*,#2419,.F.);
#954=ORIENTED_EDGE('',*,*,#2607,.F.);
#955=ORIENTED_EDGE('',*,*,#2608,.F.);
#956=ORIENTED_EDGE('',*,*,#2609,.F.);
#957=ORIENTED_EDGE('',*,*,#2591,.F.);
#958=ORIENTED_EDGE('',*,*,#2610,.T.);
#959=ORIENTED_EDGE('',*,*,#2611,.T.);
#960=ORIENTED_EDGE('',*,*,#2612,.F.);
#961=ORIENTED_EDGE('',*,*,#2397,.F.);
#962=ORIENTED_EDGE('',*,*,#2613,.F.);
#963=ORIENTED_EDGE('',*,*,#2423,.T.);
#964=ORIENTED_EDGE('',*,*,#2614,.F.);
#965=ORIENTED_EDGE('',*,*,#2611,.F.);
#966=ORIENTED_EDGE('',*,*,#2615,.T.);
#967=ORIENTED_EDGE('',*,*,#2616,.T.);
#968=ORIENTED_EDGE('',*,*,#2617,.F.);
#969=ORIENTED_EDGE('',*,*,#2618,.F.);
#970=ORIENTED_EDGE('',*,*,#2619,.F.);
#971=ORIENTED_EDGE('',*,*,#2441,.T.);
#972=ORIENTED_EDGE('',*,*,#2620,.F.);
#973=ORIENTED_EDGE('',*,*,#2621,.F.);
#974=ORIENTED_EDGE('',*,*,#2622,.F.);
#975=ORIENTED_EDGE('',*,*,#2437,.T.);
#976=ORIENTED_EDGE('',*,*,#2623,.F.);
#977=ORIENTED_EDGE('',*,*,#2624,.F.);
#978=ORIENTED_EDGE('',*,*,#2625,.F.);
#979=ORIENTED_EDGE('',*,*,#2433,.T.);
#980=ORIENTED_EDGE('',*,*,#2626,.F.);
#981=ORIENTED_EDGE('',*,*,#2627,.F.);
#982=ORIENTED_EDGE('',*,*,#2628,.F.);
#983=ORIENTED_EDGE('',*,*,#2429,.T.);
#984=ORIENTED_EDGE('',*,*,#2629,.F.);
#985=ORIENTED_EDGE('',*,*,#2630,.F.);
#986=ORIENTED_EDGE('',*,*,#2631,.F.);
#987=ORIENTED_EDGE('',*,*,#2425,.T.);
#988=ORIENTED_EDGE('',*,*,#2632,.F.);
#989=ORIENTED_EDGE('',*,*,#2633,.F.);
#990=ORIENTED_EDGE('',*,*,#2634,.F.);
#991=ORIENTED_EDGE('',*,*,#2616,.F.);
#992=ORIENTED_EDGE('',*,*,#2635,.T.);
#993=ORIENTED_EDGE('',*,*,#2636,.T.);
#994=ORIENTED_EDGE('',*,*,#2637,.F.);
#995=ORIENTED_EDGE('',*,*,#2636,.F.);
#996=ORIENTED_EDGE('',*,*,#2638,.F.);
#997=ORIENTED_EDGE('',*,*,#2639,.T.);
#998=ORIENTED_EDGE('',*,*,#2640,.F.);
#999=ORIENTED_EDGE('',*,*,#2639,.F.);
#1000=ORIENTED_EDGE('',*,*,#2641,.T.);
#1001=ORIENTED_EDGE('',*,*,#2642,.T.);
#1002=ORIENTED_EDGE('',*,*,#2643,.F.);
#1003=ORIENTED_EDGE('',*,*,#2642,.F.);
#1004=ORIENTED_EDGE('',*,*,#2644,.F.);
#1005=ORIENTED_EDGE('',*,*,#2645,.T.);
#1006=ORIENTED_EDGE('',*,*,#2646,.F.);
#1007=ORIENTED_EDGE('',*,*,#2645,.F.);
#1008=ORIENTED_EDGE('',*,*,#2647,.T.);
#1009=ORIENTED_EDGE('',*,*,#2648,.T.);
#1010=ORIENTED_EDGE('',*,*,#2649,.T.);
#1011=ORIENTED_EDGE('',*,*,#2650,.T.);
#1012=ORIENTED_EDGE('',*,*,#2608,.T.);
#1013=ORIENTED_EDGE('',*,*,#2651,.F.);
#1014=ORIENTED_EDGE('',*,*,#2537,.T.);
#1015=ORIENTED_EDGE('',*,*,#2652,.T.);
#1016=ORIENTED_EDGE('',*,*,#2605,.T.);
#1017=ORIENTED_EDGE('',*,*,#2653,.F.);
#1018=ORIENTED_EDGE('',*,*,#2533,.T.);
#1019=ORIENTED_EDGE('',*,*,#2654,.T.);
#1020=ORIENTED_EDGE('',*,*,#2602,.T.);
#1021=ORIENTED_EDGE('',*,*,#2655,.F.);
#1022=ORIENTED_EDGE('',*,*,#2529,.T.);
#1023=ORIENTED_EDGE('',*,*,#2656,.T.);
#1024=ORIENTED_EDGE('',*,*,#2599,.T.);
#1025=ORIENTED_EDGE('',*,*,#2657,.F.);
#1026=ORIENTED_EDGE('',*,*,#2525,.T.);
#1027=ORIENTED_EDGE('',*,*,#2658,.T.);
#1028=ORIENTED_EDGE('',*,*,#2596,.T.);
#1029=ORIENTED_EDGE('',*,*,#2659,.F.);
#1030=ORIENTED_EDGE('',*,*,#2521,.T.);
#1031=ORIENTED_EDGE('',*,*,#2660,.T.);
#1032=ORIENTED_EDGE('',*,*,#2593,.T.);
#1033=ORIENTED_EDGE('',*,*,#2661,.F.);
#1034=ORIENTED_EDGE('',*,*,#2519,.T.);
#1035=ORIENTED_EDGE('',*,*,#2662,.F.);
#1036=ORIENTED_EDGE('',*,*,#2499,.F.);
#1037=ORIENTED_EDGE('',*,*,#2663,.F.);
#1038=ORIENTED_EDGE('',*,*,#2633,.T.);
#1039=ORIENTED_EDGE('',*,*,#2664,.T.);
#1040=ORIENTED_EDGE('',*,*,#2503,.F.);
#1041=ORIENTED_EDGE('',*,*,#2665,.F.);
#1042=ORIENTED_EDGE('',*,*,#2630,.T.);
#1043=ORIENTED_EDGE('',*,*,#2666,.T.);
#1044=ORIENTED_EDGE('',*,*,#2506,.F.);
#1045=ORIENTED_EDGE('',*,*,#2667,.F.);
#1046=ORIENTED_EDGE('',*,*,#2627,.T.);
#1047=ORIENTED_EDGE('',*,*,#2668,.T.);
#1048=ORIENTED_EDGE('',*,*,#2509,.F.);
#1049=ORIENTED_EDGE('',*,*,#2669,.F.);
#1050=ORIENTED_EDGE('',*,*,#2624,.T.);
#1051=ORIENTED_EDGE('',*,*,#2670,.T.);
#1052=ORIENTED_EDGE('',*,*,#2512,.F.);
#1053=ORIENTED_EDGE('',*,*,#2671,.F.);
#1054=ORIENTED_EDGE('',*,*,#2621,.T.);
#1055=ORIENTED_EDGE('',*,*,#2672,.T.);
#1056=ORIENTED_EDGE('',*,*,#2515,.F.);
#1057=ORIENTED_EDGE('',*,*,#2673,.F.);
#1058=ORIENTED_EDGE('',*,*,#2618,.T.);
#1059=ORIENTED_EDGE('',*,*,#2674,.T.);
#1060=ORIENTED_EDGE('',*,*,#2648,.F.);
#1061=ORIENTED_EDGE('',*,*,#2675,.T.);
#1062=ORIENTED_EDGE('',*,*,#2676,.F.);
#1063=ORIENTED_EDGE('',*,*,#2649,.F.);
#1064=ORIENTED_EDGE('',*,*,#2677,.T.);
#1065=ORIENTED_EDGE('',*,*,#2678,.T.);
#1066=ORIENTED_EDGE('',*,*,#2679,.F.);
#1067=ORIENTED_EDGE('',*,*,#2678,.F.);
#1068=ORIENTED_EDGE('',*,*,#2680,.F.);
#1069=ORIENTED_EDGE('',*,*,#2681,.T.);
#1070=ORIENTED_EDGE('',*,*,#2682,.F.);
#1071=ORIENTED_EDGE('',*,*,#2681,.F.);
#1072=ORIENTED_EDGE('',*,*,#2683,.T.);
#1073=ORIENTED_EDGE('',*,*,#2684,.T.);
#1074=ORIENTED_EDGE('',*,*,#2685,.F.);
#1075=ORIENTED_EDGE('',*,*,#2684,.F.);
#1076=ORIENTED_EDGE('',*,*,#2686,.F.);
#1077=ORIENTED_EDGE('',*,*,#2589,.T.);
#1078=ORIENTED_EDGE('',*,*,#2675,.F.);
#1079=ORIENTED_EDGE('',*,*,#2647,.F.);
#1080=ORIENTED_EDGE('',*,*,#2687,.F.);
#1081=ORIENTED_EDGE('',*,*,#2635,.F.);
#1082=ORIENTED_EDGE('',*,*,#2615,.F.);
#1083=ORIENTED_EDGE('',*,*,#2610,.F.);
#1084=ORIENTED_EDGE('',*,*,#2590,.F.);
#1085=ORIENTED_EDGE('',*,*,#2688,.F.);
#1086=ORIENTED_EDGE('',*,*,#2677,.F.);
#1087=ORIENTED_EDGE('',*,*,#2614,.T.);
#1088=ORIENTED_EDGE('',*,*,#2422,.T.);
#1089=ORIENTED_EDGE('',*,*,#2689,.T.);
#1090=ORIENTED_EDGE('',*,*,#2500,.T.);
#1091=ORIENTED_EDGE('',*,*,#2662,.T.);
#1092=ORIENTED_EDGE('',*,*,#2518,.T.);
#1093=ORIENTED_EDGE('',*,*,#2690,.T.);
#1094=ORIENTED_EDGE('',*,*,#2398,.T.);
#1095=ORIENTED_EDGE('',*,*,#2612,.T.);
#1096=ORIENTED_EDGE('',*,*,#2540,.T.);
#1097=ORIENTED_EDGE('',*,*,#2558,.T.);
#1098=ORIENTED_EDGE('',*,*,#2576,.T.);
#1099=ORIENTED_EDGE('',*,*,#2690,.F.);
#1100=ORIENTED_EDGE('',*,*,#2444,.T.);
#1101=ORIENTED_EDGE('',*,*,#2462,.T.);
#1102=ORIENTED_EDGE('',*,*,#2480,.T.);
#1103=ORIENTED_EDGE('',*,*,#2689,.F.);
#1104=ORIENTED_EDGE('',*,*,#2680,.T.);
#1105=ORIENTED_EDGE('',*,*,#2688,.T.);
#1106=ORIENTED_EDGE('',*,*,#2686,.T.);
#1107=ORIENTED_EDGE('',*,*,#2683,.F.);
#1108=ORIENTED_EDGE('',*,*,#2638,.T.);
#1109=ORIENTED_EDGE('',*,*,#2687,.T.);
#1110=ORIENTED_EDGE('',*,*,#2644,.T.);
#1111=ORIENTED_EDGE('',*,*,#2641,.F.);
#1112=ORIENTED_EDGE('',*,*,#2556,.T.);
#1113=ORIENTED_EDGE('',*,*,#2691,.T.);
#1114=ORIENTED_EDGE('',*,*,#2587,.T.);
#1115=ORIENTED_EDGE('',*,*,#2574,.F.);
#1116=ORIENTED_EDGE('',*,*,#2679,.T.);
#1117=ORIENTED_EDGE('',*,*,#2682,.T.);
#1118=ORIENTED_EDGE('',*,*,#2685,.T.);
#1119=ORIENTED_EDGE('',*,*,#2692,.F.);
#1120=ORIENTED_EDGE('',*,*,#2588,.T.);
#1121=ORIENTED_EDGE('',*,*,#2609,.T.);
#1122=ORIENTED_EDGE('',*,*,#2650,.F.);
#1123=ORIENTED_EDGE('',*,*,#2676,.T.);
#1124=ORIENTED_EDGE('',*,*,#2692,.T.);
#1125=ORIENTED_EDGE('',*,*,#2418,.T.);
#1126=ORIENTED_EDGE('',*,*,#2691,.F.);
#1127=ORIENTED_EDGE('',*,*,#2538,.T.);
#1128=ORIENTED_EDGE('',*,*,#2651,.T.);
#1129=ORIENTED_EDGE('',*,*,#2607,.T.);
#1130=ORIENTED_EDGE('',*,*,#2553,.T.);
#1131=ORIENTED_EDGE('',*,*,#2693,.T.);
#1132=ORIENTED_EDGE('',*,*,#2585,.T.);
#1133=ORIENTED_EDGE('',*,*,#2571,.F.);
#1134=ORIENTED_EDGE('',*,*,#2555,.T.);
#1135=ORIENTED_EDGE('',*,*,#2573,.T.);
#1136=ORIENTED_EDGE('',*,*,#2586,.T.);
#1137=ORIENTED_EDGE('',*,*,#2694,.F.);
#1138=ORIENTED_EDGE('',*,*,#2416,.T.);
#1139=ORIENTED_EDGE('',*,*,#2606,.T.);
#1140=ORIENTED_EDGE('',*,*,#2652,.F.);
#1141=ORIENTED_EDGE('',*,*,#2536,.T.);
#1142=ORIENTED_EDGE('',*,*,#2694,.T.);
#1143=ORIENTED_EDGE('',*,*,#2414,.T.);
#1144=ORIENTED_EDGE('',*,*,#2693,.F.);
#1145=ORIENTED_EDGE('',*,*,#2534,.T.);
#1146=ORIENTED_EDGE('',*,*,#2653,.T.);
#1147=ORIENTED_EDGE('',*,*,#2604,.T.);
#1148=ORIENTED_EDGE('',*,*,#2550,.T.);
#1149=ORIENTED_EDGE('',*,*,#2695,.T.);
#1150=ORIENTED_EDGE('',*,*,#2583,.T.);
#1151=ORIENTED_EDGE('',*,*,#2568,.F.);
#1152=ORIENTED_EDGE('',*,*,#2552,.T.);
#1153=ORIENTED_EDGE('',*,*,#2570,.T.);
#1154=ORIENTED_EDGE('',*,*,#2584,.T.);
#1155=ORIENTED_EDGE('',*,*,#2696,.F.);
#1156=ORIENTED_EDGE('',*,*,#2412,.T.);
#1157=ORIENTED_EDGE('',*,*,#2603,.T.);
#1158=ORIENTED_EDGE('',*,*,#2654,.F.);
#1159=ORIENTED_EDGE('',*,*,#2532,.T.);
#1160=ORIENTED_EDGE('',*,*,#2696,.T.);
#1161=ORIENTED_EDGE('',*,*,#2410,.T.);
#1162=ORIENTED_EDGE('',*,*,#2695,.F.);
#1163=ORIENTED_EDGE('',*,*,#2530,.T.);
#1164=ORIENTED_EDGE('',*,*,#2655,.T.);
#1165=ORIENTED_EDGE('',*,*,#2601,.T.);
#1166=ORIENTED_EDGE('',*,*,#2547,.T.);
#1167=ORIENTED_EDGE('',*,*,#2697,.T.);
#1168=ORIENTED_EDGE('',*,*,#2581,.T.);
#1169=ORIENTED_EDGE('',*,*,#2565,.F.);
#1170=ORIENTED_EDGE('',*,*,#2549,.T.);
#1171=ORIENTED_EDGE('',*,*,#2567,.T.);
#1172=ORIENTED_EDGE('',*,*,#2582,.T.);
#1173=ORIENTED_EDGE('',*,*,#2698,.F.);
#1174=ORIENTED_EDGE('',*,*,#2408,.T.);
#1175=ORIENTED_EDGE('',*,*,#2600,.T.);
#1176=ORIENTED_EDGE('',*,*,#2656,.F.);
#1177=ORIENTED_EDGE('',*,*,#2528,.T.);
#1178=ORIENTED_EDGE('',*,*,#2698,.T.);
#1179=ORIENTED_EDGE('',*,*,#2406,.T.);
#1180=ORIENTED_EDGE('',*,*,#2697,.F.);
#1181=ORIENTED_EDGE('',*,*,#2526,.T.);
#1182=ORIENTED_EDGE('',*,*,#2657,.T.);
#1183=ORIENTED_EDGE('',*,*,#2598,.T.);
#1184=ORIENTED_EDGE('',*,*,#2544,.T.);
#1185=ORIENTED_EDGE('',*,*,#2699,.T.);
#1186=ORIENTED_EDGE('',*,*,#2579,.T.);
#1187=ORIENTED_EDGE('',*,*,#2562,.F.);
#1188=ORIENTED_EDGE('',*,*,#2546,.T.);
#1189=ORIENTED_EDGE('',*,*,#2564,.T.);
#1190=ORIENTED_EDGE('',*,*,#2580,.T.);
#1191=ORIENTED_EDGE('',*,*,#2700,.F.);
#1192=ORIENTED_EDGE('',*,*,#2404,.T.);
#1193=ORIENTED_EDGE('',*,*,#2597,.T.);
#1194=ORIENTED_EDGE('',*,*,#2658,.F.);
#1195=ORIENTED_EDGE('',*,*,#2524,.T.);
#1196=ORIENTED_EDGE('',*,*,#2700,.T.);
#1197=ORIENTED_EDGE('',*,*,#2402,.T.);
#1198=ORIENTED_EDGE('',*,*,#2699,.F.);
#1199=ORIENTED_EDGE('',*,*,#2522,.T.);
#1200=ORIENTED_EDGE('',*,*,#2659,.T.);
#1201=ORIENTED_EDGE('',*,*,#2595,.T.);
#1202=ORIENTED_EDGE('',*,*,#2541,.T.);
#1203=ORIENTED_EDGE('',*,*,#2701,.T.);
#1204=ORIENTED_EDGE('',*,*,#2577,.T.);
#1205=ORIENTED_EDGE('',*,*,#2559,.F.);
#1206=ORIENTED_EDGE('',*,*,#2543,.T.);
#1207=ORIENTED_EDGE('',*,*,#2561,.T.);
#1208=ORIENTED_EDGE('',*,*,#2578,.T.);
#1209=ORIENTED_EDGE('',*,*,#2702,.F.);
#1210=ORIENTED_EDGE('',*,*,#2400,.T.);
#1211=ORIENTED_EDGE('',*,*,#2594,.T.);
#1212=ORIENTED_EDGE('',*,*,#2660,.F.);
#1213=ORIENTED_EDGE('',*,*,#2520,.T.);
#1214=ORIENTED_EDGE('',*,*,#2702,.T.);
#1215=ORIENTED_EDGE('',*,*,#2396,.T.);
#1216=ORIENTED_EDGE('',*,*,#2701,.F.);
#1217=ORIENTED_EDGE('',*,*,#2516,.T.);
#1218=ORIENTED_EDGE('',*,*,#2661,.T.);
#1219=ORIENTED_EDGE('',*,*,#2592,.T.);
#1220=ORIENTED_EDGE('',*,*,#2617,.T.);
#1221=ORIENTED_EDGE('',*,*,#2634,.T.);
#1222=ORIENTED_EDGE('',*,*,#2703,.T.);
#1223=ORIENTED_EDGE('',*,*,#2646,.T.);
#1224=ORIENTED_EDGE('',*,*,#2674,.F.);
#1225=ORIENTED_EDGE('',*,*,#2619,.T.);
#1226=ORIENTED_EDGE('',*,*,#2673,.T.);
#1227=ORIENTED_EDGE('',*,*,#2514,.T.);
#1228=ORIENTED_EDGE('',*,*,#2704,.F.);
#1229=ORIENTED_EDGE('',*,*,#2442,.T.);
#1230=ORIENTED_EDGE('',*,*,#2637,.T.);
#1231=ORIENTED_EDGE('',*,*,#2640,.T.);
#1232=ORIENTED_EDGE('',*,*,#2643,.T.);
#1233=ORIENTED_EDGE('',*,*,#2703,.F.);
#1234=ORIENTED_EDGE('',*,*,#2460,.T.);
#1235=ORIENTED_EDGE('',*,*,#2704,.T.);
#1236=ORIENTED_EDGE('',*,*,#2496,.T.);
#1237=ORIENTED_EDGE('',*,*,#2478,.F.);
#1238=ORIENTED_EDGE('',*,*,#2620,.T.);
#1239=ORIENTED_EDGE('',*,*,#2440,.T.);
#1240=ORIENTED_EDGE('',*,*,#2705,.T.);
#1241=ORIENTED_EDGE('',*,*,#2513,.T.);
#1242=ORIENTED_EDGE('',*,*,#2672,.F.);
#1243=ORIENTED_EDGE('',*,*,#2622,.T.);
#1244=ORIENTED_EDGE('',*,*,#2671,.T.);
#1245=ORIENTED_EDGE('',*,*,#2511,.T.);
#1246=ORIENTED_EDGE('',*,*,#2706,.F.);
#1247=ORIENTED_EDGE('',*,*,#2438,.T.);
#1248=ORIENTED_EDGE('',*,*,#2459,.T.);
#1249=ORIENTED_EDGE('',*,*,#2477,.T.);
#1250=ORIENTED_EDGE('',*,*,#2495,.T.);
#1251=ORIENTED_EDGE('',*,*,#2705,.F.);
#1252=ORIENTED_EDGE('',*,*,#2457,.T.);
#1253=ORIENTED_EDGE('',*,*,#2706,.T.);
#1254=ORIENTED_EDGE('',*,*,#2493,.T.);
#1255=ORIENTED_EDGE('',*,*,#2475,.F.);
#1256=ORIENTED_EDGE('',*,*,#2623,.T.);
#1257=ORIENTED_EDGE('',*,*,#2436,.T.);
#1258=ORIENTED_EDGE('',*,*,#2707,.T.);
#1259=ORIENTED_EDGE('',*,*,#2510,.T.);
#1260=ORIENTED_EDGE('',*,*,#2670,.F.);
#1261=ORIENTED_EDGE('',*,*,#2625,.T.);
#1262=ORIENTED_EDGE('',*,*,#2669,.T.);
#1263=ORIENTED_EDGE('',*,*,#2508,.T.);
#1264=ORIENTED_EDGE('',*,*,#2708,.F.);
#1265=ORIENTED_EDGE('',*,*,#2434,.T.);
#1266=ORIENTED_EDGE('',*,*,#2456,.T.);
#1267=ORIENTED_EDGE('',*,*,#2474,.T.);
#1268=ORIENTED_EDGE('',*,*,#2492,.T.);
#1269=ORIENTED_EDGE('',*,*,#2707,.F.);
#1270=ORIENTED_EDGE('',*,*,#2454,.T.);
#1271=ORIENTED_EDGE('',*,*,#2708,.T.);
#1272=ORIENTED_EDGE('',*,*,#2490,.T.);
#1273=ORIENTED_EDGE('',*,*,#2472,.F.);
#1274=ORIENTED_EDGE('',*,*,#2626,.T.);
#1275=ORIENTED_EDGE('',*,*,#2432,.T.);
#1276=ORIENTED_EDGE('',*,*,#2709,.T.);
#1277=ORIENTED_EDGE('',*,*,#2507,.T.);
#1278=ORIENTED_EDGE('',*,*,#2668,.F.);
#1279=ORIENTED_EDGE('',*,*,#2628,.T.);
#1280=ORIENTED_EDGE('',*,*,#2667,.T.);
#1281=ORIENTED_EDGE('',*,*,#2505,.T.);
#1282=ORIENTED_EDGE('',*,*,#2710,.F.);
#1283=ORIENTED_EDGE('',*,*,#2430,.T.);
#1284=ORIENTED_EDGE('',*,*,#2453,.T.);
#1285=ORIENTED_EDGE('',*,*,#2471,.T.);
#1286=ORIENTED_EDGE('',*,*,#2489,.T.);
#1287=ORIENTED_EDGE('',*,*,#2709,.F.);
#1288=ORIENTED_EDGE('',*,*,#2451,.T.);
#1289=ORIENTED_EDGE('',*,*,#2710,.T.);
#1290=ORIENTED_EDGE('',*,*,#2487,.T.);
#1291=ORIENTED_EDGE('',*,*,#2469,.F.);
#1292=ORIENTED_EDGE('',*,*,#2629,.T.);
#1293=ORIENTED_EDGE('',*,*,#2428,.T.);
#1294=ORIENTED_EDGE('',*,*,#2711,.T.);
#1295=ORIENTED_EDGE('',*,*,#2504,.T.);
#1296=ORIENTED_EDGE('',*,*,#2666,.F.);
#1297=ORIENTED_EDGE('',*,*,#2631,.T.);
#1298=ORIENTED_EDGE('',*,*,#2665,.T.);
#1299=ORIENTED_EDGE('',*,*,#2502,.T.);
#1300=ORIENTED_EDGE('',*,*,#2712,.F.);
#1301=ORIENTED_EDGE('',*,*,#2426,.T.);
#1302=ORIENTED_EDGE('',*,*,#2450,.T.);
#1303=ORIENTED_EDGE('',*,*,#2468,.T.);
#1304=ORIENTED_EDGE('',*,*,#2486,.T.);
#1305=ORIENTED_EDGE('',*,*,#2711,.F.);
#1306=ORIENTED_EDGE('',*,*,#2448,.T.);
#1307=ORIENTED_EDGE('',*,*,#2712,.T.);
#1308=ORIENTED_EDGE('',*,*,#2484,.T.);
#1309=ORIENTED_EDGE('',*,*,#2466,.F.);
#1310=ORIENTED_EDGE('',*,*,#2613,.T.);
#1311=ORIENTED_EDGE('',*,*,#2663,.T.);
#1312=ORIENTED_EDGE('',*,*,#2498,.T.);
#1313=ORIENTED_EDGE('',*,*,#2713,.F.);
#1314=ORIENTED_EDGE('',*,*,#2420,.T.);
#1315=ORIENTED_EDGE('',*,*,#2632,.T.);
#1316=ORIENTED_EDGE('',*,*,#2424,.T.);
#1317=ORIENTED_EDGE('',*,*,#2714,.T.);
#1318=ORIENTED_EDGE('',*,*,#2501,.T.);
#1319=ORIENTED_EDGE('',*,*,#2664,.F.);
#1320=ORIENTED_EDGE('',*,*,#2445,.T.);
#1321=ORIENTED_EDGE('',*,*,#2713,.T.);
#1322=ORIENTED_EDGE('',*,*,#2481,.T.);
#1323=ORIENTED_EDGE('',*,*,#2463,.F.);
#1324=ORIENTED_EDGE('',*,*,#2447,.T.);
#1325=ORIENTED_EDGE('',*,*,#2465,.T.);
#1326=ORIENTED_EDGE('',*,*,#2483,.T.);
#1327=ORIENTED_EDGE('',*,*,#2714,.F.);
#1328=ORIENTED_EDGE('',*,*,#2715,.F.);
#1329=ORIENTED_EDGE('',*,*,#2716,.F.);
#1330=ORIENTED_EDGE('',*,*,#2717,.T.);
#1331=ORIENTED_EDGE('',*,*,#2718,.T.);
#1332=ORIENTED_EDGE('',*,*,#2719,.F.);
#1333=ORIENTED_EDGE('',*,*,#2720,.T.);
#1334=ORIENTED_EDGE('',*,*,#2721,.F.);
#1335=ORIENTED_EDGE('',*,*,#2722,.F.);
#1336=ORIENTED_EDGE('',*,*,#2723,.F.);
#1337=ORIENTED_EDGE('',*,*,#2724,.T.);
#1338=ORIENTED_EDGE('',*,*,#2725,.F.);
#1339=ORIENTED_EDGE('',*,*,#2726,.F.);
#1340=ORIENTED_EDGE('',*,*,#2727,.F.);
#1341=ORIENTED_EDGE('',*,*,#2728,.T.);
#1342=ORIENTED_EDGE('',*,*,#2729,.F.);
#1343=ORIENTED_EDGE('',*,*,#2730,.F.);
#1344=ORIENTED_EDGE('',*,*,#2731,.F.);
#1345=ORIENTED_EDGE('',*,*,#2732,.T.);
#1346=ORIENTED_EDGE('',*,*,#2733,.F.);
#1347=ORIENTED_EDGE('',*,*,#2734,.F.);
#1348=ORIENTED_EDGE('',*,*,#2735,.F.);
#1349=ORIENTED_EDGE('',*,*,#2736,.T.);
#1350=ORIENTED_EDGE('',*,*,#2737,.F.);
#1351=ORIENTED_EDGE('',*,*,#2738,.F.);
#1352=ORIENTED_EDGE('',*,*,#2739,.F.);
#1353=ORIENTED_EDGE('',*,*,#2718,.F.);
#1354=ORIENTED_EDGE('',*,*,#2740,.T.);
#1355=ORIENTED_EDGE('',*,*,#2741,.T.);
#1356=ORIENTED_EDGE('',*,*,#2742,.F.);
#1357=ORIENTED_EDGE('',*,*,#2743,.T.);
#1358=ORIENTED_EDGE('',*,*,#2744,.F.);
#1359=ORIENTED_EDGE('',*,*,#2720,.F.);
#1360=ORIENTED_EDGE('',*,*,#2745,.F.);
#1361=ORIENTED_EDGE('',*,*,#2746,.T.);
#1362=ORIENTED_EDGE('',*,*,#2747,.F.);
#1363=ORIENTED_EDGE('',*,*,#2724,.F.);
#1364=ORIENTED_EDGE('',*,*,#2748,.F.);
#1365=ORIENTED_EDGE('',*,*,#2749,.T.);
#1366=ORIENTED_EDGE('',*,*,#2750,.F.);
#1367=ORIENTED_EDGE('',*,*,#2728,.F.);
#1368=ORIENTED_EDGE('',*,*,#2751,.F.);
#1369=ORIENTED_EDGE('',*,*,#2752,.T.);
#1370=ORIENTED_EDGE('',*,*,#2753,.F.);
#1371=ORIENTED_EDGE('',*,*,#2732,.F.);
#1372=ORIENTED_EDGE('',*,*,#2754,.F.);
#1373=ORIENTED_EDGE('',*,*,#2755,.T.);
#1374=ORIENTED_EDGE('',*,*,#2756,.F.);
#1375=ORIENTED_EDGE('',*,*,#2736,.F.);
#1376=ORIENTED_EDGE('',*,*,#2757,.F.);
#1377=ORIENTED_EDGE('',*,*,#2741,.F.);
#1378=ORIENTED_EDGE('',*,*,#2758,.T.);
#1379=ORIENTED_EDGE('',*,*,#2759,.T.);
#1380=ORIENTED_EDGE('',*,*,#2760,.F.);
#1381=ORIENTED_EDGE('',*,*,#2761,.T.);
#1382=ORIENTED_EDGE('',*,*,#2762,.F.);
#1383=ORIENTED_EDGE('',*,*,#2743,.F.);
#1384=ORIENTED_EDGE('',*,*,#2763,.F.);
#1385=ORIENTED_EDGE('',*,*,#2764,.T.);
#1386=ORIENTED_EDGE('',*,*,#2765,.F.);
#1387=ORIENTED_EDGE('',*,*,#2746,.F.);
#1388=ORIENTED_EDGE('',*,*,#2766,.F.);
#1389=ORIENTED_EDGE('',*,*,#2767,.T.);
#1390=ORIENTED_EDGE('',*,*,#2768,.F.);
#1391=ORIENTED_EDGE('',*,*,#2749,.F.);
#1392=ORIENTED_EDGE('',*,*,#2769,.F.);
#1393=ORIENTED_EDGE('',*,*,#2770,.T.);
#1394=ORIENTED_EDGE('',*,*,#2771,.F.);
#1395=ORIENTED_EDGE('',*,*,#2752,.F.);
#1396=ORIENTED_EDGE('',*,*,#2772,.F.);
#1397=ORIENTED_EDGE('',*,*,#2773,.T.);
#1398=ORIENTED_EDGE('',*,*,#2774,.F.);
#1399=ORIENTED_EDGE('',*,*,#2755,.F.);
#1400=ORIENTED_EDGE('',*,*,#2775,.F.);
#1401=ORIENTED_EDGE('',*,*,#2759,.F.);
#1402=ORIENTED_EDGE('',*,*,#2776,.T.);
#1403=ORIENTED_EDGE('',*,*,#2777,.T.);
#1404=ORIENTED_EDGE('',*,*,#2778,.F.);
#1405=ORIENTED_EDGE('',*,*,#2779,.T.);
#1406=ORIENTED_EDGE('',*,*,#2780,.F.);
#1407=ORIENTED_EDGE('',*,*,#2761,.F.);
#1408=ORIENTED_EDGE('',*,*,#2781,.F.);
#1409=ORIENTED_EDGE('',*,*,#2782,.T.);
#1410=ORIENTED_EDGE('',*,*,#2783,.F.);
#1411=ORIENTED_EDGE('',*,*,#2764,.F.);
#1412=ORIENTED_EDGE('',*,*,#2784,.F.);
#1413=ORIENTED_EDGE('',*,*,#2785,.T.);
#1414=ORIENTED_EDGE('',*,*,#2786,.F.);
#1415=ORIENTED_EDGE('',*,*,#2767,.F.);
#1416=ORIENTED_EDGE('',*,*,#2787,.F.);
#1417=ORIENTED_EDGE('',*,*,#2788,.T.);
#1418=ORIENTED_EDGE('',*,*,#2789,.F.);
#1419=ORIENTED_EDGE('',*,*,#2770,.F.);
#1420=ORIENTED_EDGE('',*,*,#2790,.F.);
#1421=ORIENTED_EDGE('',*,*,#2791,.T.);
#1422=ORIENTED_EDGE('',*,*,#2792,.F.);
#1423=ORIENTED_EDGE('',*,*,#2773,.F.);
#1424=ORIENTED_EDGE('',*,*,#2793,.F.);
#1425=ORIENTED_EDGE('',*,*,#2777,.F.);
#1426=ORIENTED_EDGE('',*,*,#2794,.T.);
#1427=ORIENTED_EDGE('',*,*,#2795,.T.);
#1428=ORIENTED_EDGE('',*,*,#2796,.F.);
#1429=ORIENTED_EDGE('',*,*,#2797,.T.);
#1430=ORIENTED_EDGE('',*,*,#2798,.F.);
#1431=ORIENTED_EDGE('',*,*,#2779,.F.);
#1432=ORIENTED_EDGE('',*,*,#2799,.F.);
#1433=ORIENTED_EDGE('',*,*,#2800,.T.);
#1434=ORIENTED_EDGE('',*,*,#2801,.F.);
#1435=ORIENTED_EDGE('',*,*,#2782,.F.);
#1436=ORIENTED_EDGE('',*,*,#2802,.F.);
#1437=ORIENTED_EDGE('',*,*,#2803,.T.);
#1438=ORIENTED_EDGE('',*,*,#2804,.F.);
#1439=ORIENTED_EDGE('',*,*,#2785,.F.);
#1440=ORIENTED_EDGE('',*,*,#2805,.F.);
#1441=ORIENTED_EDGE('',*,*,#2806,.T.);
#1442=ORIENTED_EDGE('',*,*,#2807,.F.);
#1443=ORIENTED_EDGE('',*,*,#2788,.F.);
#1444=ORIENTED_EDGE('',*,*,#2808,.F.);
#1445=ORIENTED_EDGE('',*,*,#2809,.T.);
#1446=ORIENTED_EDGE('',*,*,#2810,.F.);
#1447=ORIENTED_EDGE('',*,*,#2791,.F.);
#1448=ORIENTED_EDGE('',*,*,#2811,.F.);
#1449=ORIENTED_EDGE('',*,*,#2812,.F.);
#1450=ORIENTED_EDGE('',*,*,#2813,.T.);
#1451=ORIENTED_EDGE('',*,*,#2814,.T.);
#1452=ORIENTED_EDGE('',*,*,#2815,.F.);
#1453=ORIENTED_EDGE('',*,*,#2816,.T.);
#1454=ORIENTED_EDGE('',*,*,#2817,.F.);
#1455=ORIENTED_EDGE('',*,*,#2818,.F.);
#1456=ORIENTED_EDGE('',*,*,#2819,.F.);
#1457=ORIENTED_EDGE('',*,*,#2820,.T.);
#1458=ORIENTED_EDGE('',*,*,#2821,.F.);
#1459=ORIENTED_EDGE('',*,*,#2822,.F.);
#1460=ORIENTED_EDGE('',*,*,#2823,.F.);
#1461=ORIENTED_EDGE('',*,*,#2824,.T.);
#1462=ORIENTED_EDGE('',*,*,#2825,.F.);
#1463=ORIENTED_EDGE('',*,*,#2826,.F.);
#1464=ORIENTED_EDGE('',*,*,#2827,.F.);
#1465=ORIENTED_EDGE('',*,*,#2828,.T.);
#1466=ORIENTED_EDGE('',*,*,#2829,.F.);
#1467=ORIENTED_EDGE('',*,*,#2830,.F.);
#1468=ORIENTED_EDGE('',*,*,#2831,.F.);
#1469=ORIENTED_EDGE('',*,*,#2832,.T.);
#1470=ORIENTED_EDGE('',*,*,#2833,.F.);
#1471=ORIENTED_EDGE('',*,*,#2834,.F.);
#1472=ORIENTED_EDGE('',*,*,#2835,.F.);
#1473=ORIENTED_EDGE('',*,*,#2814,.F.);
#1474=ORIENTED_EDGE('',*,*,#2836,.T.);
#1475=ORIENTED_EDGE('',*,*,#2837,.T.);
#1476=ORIENTED_EDGE('',*,*,#2838,.F.);
#1477=ORIENTED_EDGE('',*,*,#2839,.T.);
#1478=ORIENTED_EDGE('',*,*,#2840,.F.);
#1479=ORIENTED_EDGE('',*,*,#2816,.F.);
#1480=ORIENTED_EDGE('',*,*,#2841,.F.);
#1481=ORIENTED_EDGE('',*,*,#2842,.T.);
#1482=ORIENTED_EDGE('',*,*,#2843,.F.);
#1483=ORIENTED_EDGE('',*,*,#2820,.F.);
#1484=ORIENTED_EDGE('',*,*,#2844,.F.);
#1485=ORIENTED_EDGE('',*,*,#2845,.T.);
#1486=ORIENTED_EDGE('',*,*,#2846,.F.);
#1487=ORIENTED_EDGE('',*,*,#2824,.F.);
#1488=ORIENTED_EDGE('',*,*,#2847,.F.);
#1489=ORIENTED_EDGE('',*,*,#2848,.T.);
#1490=ORIENTED_EDGE('',*,*,#2849,.F.);
#1491=ORIENTED_EDGE('',*,*,#2828,.F.);
#1492=ORIENTED_EDGE('',*,*,#2850,.F.);
#1493=ORIENTED_EDGE('',*,*,#2851,.T.);
#1494=ORIENTED_EDGE('',*,*,#2852,.F.);
#1495=ORIENTED_EDGE('',*,*,#2832,.F.);
#1496=ORIENTED_EDGE('',*,*,#2853,.F.);
#1497=ORIENTED_EDGE('',*,*,#2837,.F.);
#1498=ORIENTED_EDGE('',*,*,#2854,.T.);
#1499=ORIENTED_EDGE('',*,*,#2855,.T.);
#1500=ORIENTED_EDGE('',*,*,#2856,.F.);
#1501=ORIENTED_EDGE('',*,*,#2857,.T.);
#1502=ORIENTED_EDGE('',*,*,#2858,.F.);
#1503=ORIENTED_EDGE('',*,*,#2839,.F.);
#1504=ORIENTED_EDGE('',*,*,#2859,.F.);
#1505=ORIENTED_EDGE('',*,*,#2860,.T.);
#1506=ORIENTED_EDGE('',*,*,#2861,.F.);
#1507=ORIENTED_EDGE('',*,*,#2842,.F.);
#1508=ORIENTED_EDGE('',*,*,#2862,.F.);
#1509=ORIENTED_EDGE('',*,*,#2863,.T.);
#1510=ORIENTED_EDGE('',*,*,#2864,.F.);
#1511=ORIENTED_EDGE('',*,*,#2845,.F.);
#1512=ORIENTED_EDGE('',*,*,#2865,.F.);
#1513=ORIENTED_EDGE('',*,*,#2866,.T.);
#1514=ORIENTED_EDGE('',*,*,#2867,.F.);
#1515=ORIENTED_EDGE('',*,*,#2848,.F.);
#1516=ORIENTED_EDGE('',*,*,#2868,.F.);
#1517=ORIENTED_EDGE('',*,*,#2869,.T.);
#1518=ORIENTED_EDGE('',*,*,#2870,.F.);
#1519=ORIENTED_EDGE('',*,*,#2851,.F.);
#1520=ORIENTED_EDGE('',*,*,#2871,.F.);
#1521=ORIENTED_EDGE('',*,*,#2855,.F.);
#1522=ORIENTED_EDGE('',*,*,#2872,.T.);
#1523=ORIENTED_EDGE('',*,*,#2873,.T.);
#1524=ORIENTED_EDGE('',*,*,#2874,.F.);
#1525=ORIENTED_EDGE('',*,*,#2875,.T.);
#1526=ORIENTED_EDGE('',*,*,#2876,.F.);
#1527=ORIENTED_EDGE('',*,*,#2857,.F.);
#1528=ORIENTED_EDGE('',*,*,#2877,.F.);
#1529=ORIENTED_EDGE('',*,*,#2878,.T.);
#1530=ORIENTED_EDGE('',*,*,#2879,.F.);
#1531=ORIENTED_EDGE('',*,*,#2860,.F.);
#1532=ORIENTED_EDGE('',*,*,#2880,.F.);
#1533=ORIENTED_EDGE('',*,*,#2881,.T.);
#1534=ORIENTED_EDGE('',*,*,#2882,.F.);
#1535=ORIENTED_EDGE('',*,*,#2863,.F.);
#1536=ORIENTED_EDGE('',*,*,#2883,.F.);
#1537=ORIENTED_EDGE('',*,*,#2884,.T.);
#1538=ORIENTED_EDGE('',*,*,#2885,.F.);
#1539=ORIENTED_EDGE('',*,*,#2866,.F.);
#1540=ORIENTED_EDGE('',*,*,#2886,.F.);
#1541=ORIENTED_EDGE('',*,*,#2887,.T.);
#1542=ORIENTED_EDGE('',*,*,#2888,.F.);
#1543=ORIENTED_EDGE('',*,*,#2869,.F.);
#1544=ORIENTED_EDGE('',*,*,#2889,.F.);
#1545=ORIENTED_EDGE('',*,*,#2873,.F.);
#1546=ORIENTED_EDGE('',*,*,#2890,.T.);
#1547=ORIENTED_EDGE('',*,*,#2891,.T.);
#1548=ORIENTED_EDGE('',*,*,#2892,.F.);
#1549=ORIENTED_EDGE('',*,*,#2893,.T.);
#1550=ORIENTED_EDGE('',*,*,#2894,.F.);
#1551=ORIENTED_EDGE('',*,*,#2875,.F.);
#1552=ORIENTED_EDGE('',*,*,#2895,.F.);
#1553=ORIENTED_EDGE('',*,*,#2896,.T.);
#1554=ORIENTED_EDGE('',*,*,#2897,.F.);
#1555=ORIENTED_EDGE('',*,*,#2878,.F.);
#1556=ORIENTED_EDGE('',*,*,#2898,.F.);
#1557=ORIENTED_EDGE('',*,*,#2899,.T.);
#1558=ORIENTED_EDGE('',*,*,#2900,.F.);
#1559=ORIENTED_EDGE('',*,*,#2881,.F.);
#1560=ORIENTED_EDGE('',*,*,#2901,.F.);
#1561=ORIENTED_EDGE('',*,*,#2902,.T.);
#1562=ORIENTED_EDGE('',*,*,#2903,.F.);
#1563=ORIENTED_EDGE('',*,*,#2884,.F.);
#1564=ORIENTED_EDGE('',*,*,#2904,.F.);
#1565=ORIENTED_EDGE('',*,*,#2905,.T.);
#1566=ORIENTED_EDGE('',*,*,#2906,.F.);
#1567=ORIENTED_EDGE('',*,*,#2887,.F.);
#1568=ORIENTED_EDGE('',*,*,#2907,.F.);
#1569=ORIENTED_EDGE('',*,*,#2908,.T.);
#1570=ORIENTED_EDGE('',*,*,#2909,.F.);
#1571=ORIENTED_EDGE('',*,*,#2910,.F.);
#1572=ORIENTED_EDGE('',*,*,#2911,.F.);
#1573=ORIENTED_EDGE('',*,*,#2912,.T.);
#1574=ORIENTED_EDGE('',*,*,#2913,.F.);
#1575=ORIENTED_EDGE('',*,*,#2908,.F.);
#1576=ORIENTED_EDGE('',*,*,#2914,.F.);
#1577=ORIENTED_EDGE('',*,*,#2915,.T.);
#1578=ORIENTED_EDGE('',*,*,#2916,.F.);
#1579=ORIENTED_EDGE('',*,*,#2912,.F.);
#1580=ORIENTED_EDGE('',*,*,#2917,.F.);
#1581=ORIENTED_EDGE('',*,*,#2918,.T.);
#1582=ORIENTED_EDGE('',*,*,#2919,.F.);
#1583=ORIENTED_EDGE('',*,*,#2915,.F.);
#1584=ORIENTED_EDGE('',*,*,#2920,.F.);
#1585=ORIENTED_EDGE('',*,*,#2921,.T.);
#1586=ORIENTED_EDGE('',*,*,#2922,.F.);
#1587=ORIENTED_EDGE('',*,*,#2918,.F.);
#1588=ORIENTED_EDGE('',*,*,#2921,.F.);
#1589=ORIENTED_EDGE('',*,*,#2923,.T.);
#1590=ORIENTED_EDGE('',*,*,#2924,.T.);
#1591=ORIENTED_EDGE('',*,*,#2925,.F.);
#1592=ORIENTED_EDGE('',*,*,#2809,.F.);
#1593=ORIENTED_EDGE('',*,*,#2926,.T.);
#1594=ORIENTED_EDGE('',*,*,#2927,.T.);
#1595=ORIENTED_EDGE('',*,*,#2928,.F.);
#1596=ORIENTED_EDGE('',*,*,#2806,.F.);
#1597=ORIENTED_EDGE('',*,*,#2929,.T.);
#1598=ORIENTED_EDGE('',*,*,#2930,.T.);
#1599=ORIENTED_EDGE('',*,*,#2931,.F.);
#1600=ORIENTED_EDGE('',*,*,#2803,.F.);
#1601=ORIENTED_EDGE('',*,*,#2932,.T.);
#1602=ORIENTED_EDGE('',*,*,#2933,.T.);
#1603=ORIENTED_EDGE('',*,*,#2934,.F.);
#1604=ORIENTED_EDGE('',*,*,#2800,.F.);
#1605=ORIENTED_EDGE('',*,*,#2935,.T.);
#1606=ORIENTED_EDGE('',*,*,#2936,.T.);
#1607=ORIENTED_EDGE('',*,*,#2937,.F.);
#1608=ORIENTED_EDGE('',*,*,#2797,.F.);
#1609=ORIENTED_EDGE('',*,*,#2938,.T.);
#1610=ORIENTED_EDGE('',*,*,#2939,.T.);
#1611=ORIENTED_EDGE('',*,*,#2940,.F.);
#1612=ORIENTED_EDGE('',*,*,#2795,.F.);
#1613=ORIENTED_EDGE('',*,*,#2941,.T.);
#1614=ORIENTED_EDGE('',*,*,#2812,.T.);
#1615=ORIENTED_EDGE('',*,*,#2942,.F.);
#1616=ORIENTED_EDGE('',*,*,#2943,.T.);
#1617=ORIENTED_EDGE('',*,*,#2944,.T.);
#1618=ORIENTED_EDGE('',*,*,#2818,.T.);
#1619=ORIENTED_EDGE('',*,*,#2945,.F.);
#1620=ORIENTED_EDGE('',*,*,#2946,.T.);
#1621=ORIENTED_EDGE('',*,*,#2947,.T.);
#1622=ORIENTED_EDGE('',*,*,#2822,.T.);
#1623=ORIENTED_EDGE('',*,*,#2948,.F.);
#1624=ORIENTED_EDGE('',*,*,#2949,.T.);
#1625=ORIENTED_EDGE('',*,*,#2950,.T.);
#1626=ORIENTED_EDGE('',*,*,#2826,.T.);
#1627=ORIENTED_EDGE('',*,*,#2951,.F.);
#1628=ORIENTED_EDGE('',*,*,#2952,.T.);
#1629=ORIENTED_EDGE('',*,*,#2953,.T.);
#1630=ORIENTED_EDGE('',*,*,#2830,.T.);
#1631=ORIENTED_EDGE('',*,*,#2954,.F.);
#1632=ORIENTED_EDGE('',*,*,#2955,.T.);
#1633=ORIENTED_EDGE('',*,*,#2956,.T.);
#1634=ORIENTED_EDGE('',*,*,#2834,.T.);
#1635=ORIENTED_EDGE('',*,*,#2957,.F.);
#1636=ORIENTED_EDGE('',*,*,#2958,.T.);
#1637=ORIENTED_EDGE('',*,*,#2959,.T.);
#1638=ORIENTED_EDGE('',*,*,#2960,.T.);
#1639=ORIENTED_EDGE('',*,*,#2961,.F.);
#1640=ORIENTED_EDGE('',*,*,#2962,.F.);
#1641=ORIENTED_EDGE('',*,*,#2963,.T.);
#1642=ORIENTED_EDGE('',*,*,#2964,.F.);
#1643=ORIENTED_EDGE('',*,*,#2960,.F.);
#1644=ORIENTED_EDGE('',*,*,#2965,.F.);
#1645=ORIENTED_EDGE('',*,*,#2966,.T.);
#1646=ORIENTED_EDGE('',*,*,#2967,.F.);
#1647=ORIENTED_EDGE('',*,*,#2963,.F.);
#1648=ORIENTED_EDGE('',*,*,#2968,.F.);
#1649=ORIENTED_EDGE('',*,*,#2969,.T.);
#1650=ORIENTED_EDGE('',*,*,#2970,.F.);
#1651=ORIENTED_EDGE('',*,*,#2966,.F.);
#1652=ORIENTED_EDGE('',*,*,#2971,.F.);
#1653=ORIENTED_EDGE('',*,*,#2972,.T.);
#1654=ORIENTED_EDGE('',*,*,#2973,.F.);
#1655=ORIENTED_EDGE('',*,*,#2969,.F.);
#1656=ORIENTED_EDGE('',*,*,#2974,.F.);
#1657=ORIENTED_EDGE('',*,*,#2975,.T.);
#1658=ORIENTED_EDGE('',*,*,#2976,.F.);
#1659=ORIENTED_EDGE('',*,*,#2972,.F.);
#1660=ORIENTED_EDGE('',*,*,#2977,.F.);
#1661=ORIENTED_EDGE('',*,*,#2891,.F.);
#1662=ORIENTED_EDGE('',*,*,#2978,.T.);
#1663=ORIENTED_EDGE('',*,*,#2979,.T.);
#1664=ORIENTED_EDGE('',*,*,#2980,.F.);
#1665=ORIENTED_EDGE('',*,*,#2975,.F.);
#1666=ORIENTED_EDGE('',*,*,#2981,.F.);
#1667=ORIENTED_EDGE('',*,*,#2958,.F.);
#1668=ORIENTED_EDGE('',*,*,#2982,.F.);
#1669=ORIENTED_EDGE('',*,*,#2905,.F.);
#1670=ORIENTED_EDGE('',*,*,#2983,.F.);
#1671=ORIENTED_EDGE('',*,*,#2955,.F.);
#1672=ORIENTED_EDGE('',*,*,#2984,.F.);
#1673=ORIENTED_EDGE('',*,*,#2902,.F.);
#1674=ORIENTED_EDGE('',*,*,#2985,.F.);
#1675=ORIENTED_EDGE('',*,*,#2952,.F.);
#1676=ORIENTED_EDGE('',*,*,#2986,.F.);
#1677=ORIENTED_EDGE('',*,*,#2899,.F.);
#1678=ORIENTED_EDGE('',*,*,#2987,.F.);
#1679=ORIENTED_EDGE('',*,*,#2949,.F.);
#1680=ORIENTED_EDGE('',*,*,#2988,.F.);
#1681=ORIENTED_EDGE('',*,*,#2896,.F.);
#1682=ORIENTED_EDGE('',*,*,#2989,.F.);
#1683=ORIENTED_EDGE('',*,*,#2946,.F.);
#1684=ORIENTED_EDGE('',*,*,#2990,.F.);
#1685=ORIENTED_EDGE('',*,*,#2893,.F.);
#1686=ORIENTED_EDGE('',*,*,#2991,.F.);
#1687=ORIENTED_EDGE('',*,*,#2943,.F.);
#1688=ORIENTED_EDGE('',*,*,#2992,.F.);
#1689=ORIENTED_EDGE('',*,*,#2939,.F.);
#1690=ORIENTED_EDGE('',*,*,#2993,.F.);
#1691=ORIENTED_EDGE('',*,*,#2722,.T.);
#1692=ORIENTED_EDGE('',*,*,#2994,.F.);
#1693=ORIENTED_EDGE('',*,*,#2936,.F.);
#1694=ORIENTED_EDGE('',*,*,#2995,.F.);
#1695=ORIENTED_EDGE('',*,*,#2726,.T.);
#1696=ORIENTED_EDGE('',*,*,#2996,.F.);
#1697=ORIENTED_EDGE('',*,*,#2933,.F.);
#1698=ORIENTED_EDGE('',*,*,#2997,.F.);
#1699=ORIENTED_EDGE('',*,*,#2730,.T.);
#1700=ORIENTED_EDGE('',*,*,#2998,.F.);
#1701=ORIENTED_EDGE('',*,*,#2930,.F.);
#1702=ORIENTED_EDGE('',*,*,#2999,.F.);
#1703=ORIENTED_EDGE('',*,*,#2734,.T.);
#1704=ORIENTED_EDGE('',*,*,#3000,.F.);
#1705=ORIENTED_EDGE('',*,*,#2927,.F.);
#1706=ORIENTED_EDGE('',*,*,#3001,.F.);
#1707=ORIENTED_EDGE('',*,*,#2738,.T.);
#1708=ORIENTED_EDGE('',*,*,#3002,.F.);
#1709=ORIENTED_EDGE('',*,*,#2924,.F.);
#1710=ORIENTED_EDGE('',*,*,#3003,.F.);
#1711=ORIENTED_EDGE('',*,*,#2910,.T.);
#1712=ORIENTED_EDGE('',*,*,#3004,.F.);
#1713=ORIENTED_EDGE('',*,*,#2979,.F.);
#1714=ORIENTED_EDGE('',*,*,#3005,.T.);
#1715=ORIENTED_EDGE('',*,*,#2716,.T.);
#1716=ORIENTED_EDGE('',*,*,#3005,.F.);
#1717=ORIENTED_EDGE('',*,*,#2978,.F.);
#1718=ORIENTED_EDGE('',*,*,#2890,.F.);
#1719=ORIENTED_EDGE('',*,*,#2872,.F.);
#1720=ORIENTED_EDGE('',*,*,#2854,.F.);
#1721=ORIENTED_EDGE('',*,*,#2836,.F.);
#1722=ORIENTED_EDGE('',*,*,#2813,.F.);
#1723=ORIENTED_EDGE('',*,*,#2941,.F.);
#1724=ORIENTED_EDGE('',*,*,#2794,.F.);
#1725=ORIENTED_EDGE('',*,*,#2776,.F.);
#1726=ORIENTED_EDGE('',*,*,#2758,.F.);
#1727=ORIENTED_EDGE('',*,*,#2740,.F.);
#1728=ORIENTED_EDGE('',*,*,#2717,.F.);
#1729=ORIENTED_EDGE('',*,*,#2961,.T.);
#1730=ORIENTED_EDGE('',*,*,#2964,.T.);
#1731=ORIENTED_EDGE('',*,*,#2967,.T.);
#1732=ORIENTED_EDGE('',*,*,#2970,.T.);
#1733=ORIENTED_EDGE('',*,*,#2973,.T.);
#1734=ORIENTED_EDGE('',*,*,#2976,.T.);
#1735=ORIENTED_EDGE('',*,*,#2980,.T.);
#1736=ORIENTED_EDGE('',*,*,#3004,.T.);
#1737=ORIENTED_EDGE('',*,*,#2909,.T.);
#1738=ORIENTED_EDGE('',*,*,#2913,.T.);
#1739=ORIENTED_EDGE('',*,*,#2916,.T.);
#1740=ORIENTED_EDGE('',*,*,#2919,.T.);
#1741=ORIENTED_EDGE('',*,*,#2922,.T.);
#1742=ORIENTED_EDGE('',*,*,#2920,.T.);
#1743=ORIENTED_EDGE('',*,*,#2917,.T.);
#1744=ORIENTED_EDGE('',*,*,#2914,.T.);
#1745=ORIENTED_EDGE('',*,*,#2911,.T.);
#1746=ORIENTED_EDGE('',*,*,#2907,.T.);
#1747=ORIENTED_EDGE('',*,*,#3003,.T.);
#1748=ORIENTED_EDGE('',*,*,#2923,.F.);
#1749=ORIENTED_EDGE('',*,*,#2810,.T.);
#1750=ORIENTED_EDGE('',*,*,#2925,.T.);
#1751=ORIENTED_EDGE('',*,*,#3002,.T.);
#1752=ORIENTED_EDGE('',*,*,#2737,.T.);
#1753=ORIENTED_EDGE('',*,*,#2756,.T.);
#1754=ORIENTED_EDGE('',*,*,#2774,.T.);
#1755=ORIENTED_EDGE('',*,*,#2792,.T.);
#1756=ORIENTED_EDGE('',*,*,#2808,.T.);
#1757=ORIENTED_EDGE('',*,*,#2790,.T.);
#1758=ORIENTED_EDGE('',*,*,#2772,.T.);
#1759=ORIENTED_EDGE('',*,*,#2754,.T.);
#1760=ORIENTED_EDGE('',*,*,#2735,.T.);
#1761=ORIENTED_EDGE('',*,*,#3001,.T.);
#1762=ORIENTED_EDGE('',*,*,#2926,.F.);
#1763=ORIENTED_EDGE('',*,*,#2807,.T.);
#1764=ORIENTED_EDGE('',*,*,#2928,.T.);
#1765=ORIENTED_EDGE('',*,*,#3000,.T.);
#1766=ORIENTED_EDGE('',*,*,#2733,.T.);
#1767=ORIENTED_EDGE('',*,*,#2753,.T.);
#1768=ORIENTED_EDGE('',*,*,#2771,.T.);
#1769=ORIENTED_EDGE('',*,*,#2789,.T.);
#1770=ORIENTED_EDGE('',*,*,#2805,.T.);
#1771=ORIENTED_EDGE('',*,*,#2787,.T.);
#1772=ORIENTED_EDGE('',*,*,#2769,.T.);
#1773=ORIENTED_EDGE('',*,*,#2751,.T.);
#1774=ORIENTED_EDGE('',*,*,#2731,.T.);
#1775=ORIENTED_EDGE('',*,*,#2999,.T.);
#1776=ORIENTED_EDGE('',*,*,#2929,.F.);
#1777=ORIENTED_EDGE('',*,*,#2804,.T.);
#1778=ORIENTED_EDGE('',*,*,#2931,.T.);
#1779=ORIENTED_EDGE('',*,*,#2998,.T.);
#1780=ORIENTED_EDGE('',*,*,#2729,.T.);
#1781=ORIENTED_EDGE('',*,*,#2750,.T.);
#1782=ORIENTED_EDGE('',*,*,#2768,.T.);
#1783=ORIENTED_EDGE('',*,*,#2786,.T.);
#1784=ORIENTED_EDGE('',*,*,#2802,.T.);
#1785=ORIENTED_EDGE('',*,*,#2784,.T.);
#1786=ORIENTED_EDGE('',*,*,#2766,.T.);
#1787=ORIENTED_EDGE('',*,*,#2748,.T.);
#1788=ORIENTED_EDGE('',*,*,#2727,.T.);
#1789=ORIENTED_EDGE('',*,*,#2997,.T.);
#1790=ORIENTED_EDGE('',*,*,#2932,.F.);
#1791=ORIENTED_EDGE('',*,*,#2801,.T.);
#1792=ORIENTED_EDGE('',*,*,#2934,.T.);
#1793=ORIENTED_EDGE('',*,*,#2996,.T.);
#1794=ORIENTED_EDGE('',*,*,#2725,.T.);
#1795=ORIENTED_EDGE('',*,*,#2747,.T.);
#1796=ORIENTED_EDGE('',*,*,#2765,.T.);
#1797=ORIENTED_EDGE('',*,*,#2783,.T.);
#1798=ORIENTED_EDGE('',*,*,#2799,.T.);
#1799=ORIENTED_EDGE('',*,*,#2781,.T.);
#1800=ORIENTED_EDGE('',*,*,#2763,.T.);
#1801=ORIENTED_EDGE('',*,*,#2745,.T.);
#1802=ORIENTED_EDGE('',*,*,#2723,.T.);
#1803=ORIENTED_EDGE('',*,*,#2995,.T.);
#1804=ORIENTED_EDGE('',*,*,#2935,.F.);
#1805=ORIENTED_EDGE('',*,*,#2798,.T.);
#1806=ORIENTED_EDGE('',*,*,#2937,.T.);
#1807=ORIENTED_EDGE('',*,*,#2994,.T.);
#1808=ORIENTED_EDGE('',*,*,#2721,.T.);
#1809=ORIENTED_EDGE('',*,*,#2744,.T.);
#1810=ORIENTED_EDGE('',*,*,#2762,.T.);
#1811=ORIENTED_EDGE('',*,*,#2780,.T.);
#1812=ORIENTED_EDGE('',*,*,#2796,.T.);
#1813=ORIENTED_EDGE('',*,*,#2778,.T.);
#1814=ORIENTED_EDGE('',*,*,#2760,.T.);
#1815=ORIENTED_EDGE('',*,*,#2742,.T.);
#1816=ORIENTED_EDGE('',*,*,#2719,.T.);
#1817=ORIENTED_EDGE('',*,*,#2993,.T.);
#1818=ORIENTED_EDGE('',*,*,#2938,.F.);
#1819=ORIENTED_EDGE('',*,*,#2793,.T.);
#1820=ORIENTED_EDGE('',*,*,#2940,.T.);
#1821=ORIENTED_EDGE('',*,*,#2992,.T.);
#1822=ORIENTED_EDGE('',*,*,#2715,.T.);
#1823=ORIENTED_EDGE('',*,*,#2739,.T.);
#1824=ORIENTED_EDGE('',*,*,#2757,.T.);
#1825=ORIENTED_EDGE('',*,*,#2775,.T.);
#1826=ORIENTED_EDGE('',*,*,#2962,.T.);
#1827=ORIENTED_EDGE('',*,*,#2959,.F.);
#1828=ORIENTED_EDGE('',*,*,#2981,.T.);
#1829=ORIENTED_EDGE('',*,*,#2974,.T.);
#1830=ORIENTED_EDGE('',*,*,#2971,.T.);
#1831=ORIENTED_EDGE('',*,*,#2968,.T.);
#1832=ORIENTED_EDGE('',*,*,#2965,.T.);
#1833=ORIENTED_EDGE('',*,*,#2833,.T.);
#1834=ORIENTED_EDGE('',*,*,#2852,.T.);
#1835=ORIENTED_EDGE('',*,*,#2870,.T.);
#1836=ORIENTED_EDGE('',*,*,#2888,.T.);
#1837=ORIENTED_EDGE('',*,*,#2906,.T.);
#1838=ORIENTED_EDGE('',*,*,#2982,.T.);
#1839=ORIENTED_EDGE('',*,*,#2957,.T.);
#1840=ORIENTED_EDGE('',*,*,#2831,.T.);
#1841=ORIENTED_EDGE('',*,*,#2956,.F.);
#1842=ORIENTED_EDGE('',*,*,#2983,.T.);
#1843=ORIENTED_EDGE('',*,*,#2904,.T.);
#1844=ORIENTED_EDGE('',*,*,#2886,.T.);
#1845=ORIENTED_EDGE('',*,*,#2868,.T.);
#1846=ORIENTED_EDGE('',*,*,#2850,.T.);
#1847=ORIENTED_EDGE('',*,*,#2829,.T.);
#1848=ORIENTED_EDGE('',*,*,#2849,.T.);
#1849=ORIENTED_EDGE('',*,*,#2867,.T.);
#1850=ORIENTED_EDGE('',*,*,#2885,.T.);
#1851=ORIENTED_EDGE('',*,*,#2903,.T.);
#1852=ORIENTED_EDGE('',*,*,#2984,.T.);
#1853=ORIENTED_EDGE('',*,*,#2954,.T.);
#1854=ORIENTED_EDGE('',*,*,#2827,.T.);
#1855=ORIENTED_EDGE('',*,*,#2953,.F.);
#1856=ORIENTED_EDGE('',*,*,#2985,.T.);
#1857=ORIENTED_EDGE('',*,*,#2901,.T.);
#1858=ORIENTED_EDGE('',*,*,#2883,.T.);
#1859=ORIENTED_EDGE('',*,*,#2865,.T.);
#1860=ORIENTED_EDGE('',*,*,#2847,.T.);
#1861=ORIENTED_EDGE('',*,*,#2825,.T.);
#1862=ORIENTED_EDGE('',*,*,#2846,.T.);
#1863=ORIENTED_EDGE('',*,*,#2864,.T.);
#1864=ORIENTED_EDGE('',*,*,#2882,.T.);
#1865=ORIENTED_EDGE('',*,*,#2900,.T.);
#1866=ORIENTED_EDGE('',*,*,#2986,.T.);
#1867=ORIENTED_EDGE('',*,*,#2951,.T.);
#1868=ORIENTED_EDGE('',*,*,#2823,.T.);
#1869=ORIENTED_EDGE('',*,*,#2950,.F.);
#1870=ORIENTED_EDGE('',*,*,#2987,.T.);
#1871=ORIENTED_EDGE('',*,*,#2898,.T.);
#1872=ORIENTED_EDGE('',*,*,#2880,.T.);
#1873=ORIENTED_EDGE('',*,*,#2862,.T.);
#1874=ORIENTED_EDGE('',*,*,#2844,.T.);
#1875=ORIENTED_EDGE('',*,*,#2821,.T.);
#1876=ORIENTED_EDGE('',*,*,#2843,.T.);
#1877=ORIENTED_EDGE('',*,*,#2861,.T.);
#1878=ORIENTED_EDGE('',*,*,#2879,.T.);
#1879=ORIENTED_EDGE('',*,*,#2897,.T.);
#1880=ORIENTED_EDGE('',*,*,#2988,.T.);
#1881=ORIENTED_EDGE('',*,*,#2948,.T.);
#1882=ORIENTED_EDGE('',*,*,#2819,.T.);
#1883=ORIENTED_EDGE('',*,*,#2947,.F.);
#1884=ORIENTED_EDGE('',*,*,#2989,.T.);
#1885=ORIENTED_EDGE('',*,*,#2895,.T.);
#1886=ORIENTED_EDGE('',*,*,#2877,.T.);
#1887=ORIENTED_EDGE('',*,*,#2859,.T.);
#1888=ORIENTED_EDGE('',*,*,#2841,.T.);
#1889=ORIENTED_EDGE('',*,*,#2817,.T.);
#1890=ORIENTED_EDGE('',*,*,#2840,.T.);
#1891=ORIENTED_EDGE('',*,*,#2858,.T.);
#1892=ORIENTED_EDGE('',*,*,#2876,.T.);
#1893=ORIENTED_EDGE('',*,*,#2894,.T.);
#1894=ORIENTED_EDGE('',*,*,#2990,.T.);
#1895=ORIENTED_EDGE('',*,*,#2945,.T.);
#1896=ORIENTED_EDGE('',*,*,#2811,.T.);
#1897=ORIENTED_EDGE('',*,*,#2835,.T.);
#1898=ORIENTED_EDGE('',*,*,#2853,.T.);
#1899=ORIENTED_EDGE('',*,*,#2871,.T.);
#1900=ORIENTED_EDGE('',*,*,#2889,.T.);
#1901=ORIENTED_EDGE('',*,*,#2977,.T.);
#1902=ORIENTED_EDGE('',*,*,#2942,.T.);
#1903=ORIENTED_EDGE('',*,*,#2815,.T.);
#1904=ORIENTED_EDGE('',*,*,#2944,.F.);
#1905=ORIENTED_EDGE('',*,*,#2991,.T.);
#1906=ORIENTED_EDGE('',*,*,#2892,.T.);
#1907=ORIENTED_EDGE('',*,*,#2874,.T.);
#1908=ORIENTED_EDGE('',*,*,#2856,.T.);
#1909=ORIENTED_EDGE('',*,*,#2838,.T.);
#1910=ORIENTED_EDGE('',*,*,#3006,.T.);
#1911=ORIENTED_EDGE('',*,*,#3007,.F.);
#1912=ORIENTED_EDGE('',*,*,#3008,.F.);
#1913=ORIENTED_EDGE('',*,*,#3009,.T.);
#1914=ORIENTED_EDGE('',*,*,#3010,.F.);
#1915=ORIENTED_EDGE('',*,*,#3011,.F.);
#1916=ORIENTED_EDGE('',*,*,#3012,.F.);
#1917=ORIENTED_EDGE('',*,*,#3013,.F.);
#1918=ORIENTED_EDGE('',*,*,#3014,.F.);
#1919=ORIENTED_EDGE('',*,*,#3015,.F.);
#1920=ORIENTED_EDGE('',*,*,#3016,.T.);
#1921=ORIENTED_EDGE('',*,*,#3009,.F.);
#1922=ORIENTED_EDGE('',*,*,#3017,.F.);
#1923=ORIENTED_EDGE('',*,*,#3018,.T.);
#1924=ORIENTED_EDGE('',*,*,#3019,.T.);
#1925=ORIENTED_EDGE('',*,*,#3020,.F.);
#1926=ORIENTED_EDGE('',*,*,#3021,.F.);
#1927=ORIENTED_EDGE('',*,*,#3007,.T.);
#1928=ORIENTED_EDGE('',*,*,#3022,.T.);
#1929=ORIENTED_EDGE('',*,*,#3023,.F.);
#1930=ORIENTED_EDGE('',*,*,#3024,.F.);
#1931=ORIENTED_EDGE('',*,*,#3020,.T.);
#1932=ORIENTED_EDGE('',*,*,#3025,.T.);
#1933=ORIENTED_EDGE('',*,*,#3026,.F.);
#1934=ORIENTED_EDGE('',*,*,#3027,.F.);
#1935=ORIENTED_EDGE('',*,*,#3023,.T.);
#1936=ORIENTED_EDGE('',*,*,#3028,.T.);
#1937=ORIENTED_EDGE('',*,*,#3029,.F.);
#1938=ORIENTED_EDGE('',*,*,#3030,.F.);
#1939=ORIENTED_EDGE('',*,*,#3026,.T.);
#1940=ORIENTED_EDGE('',*,*,#3031,.T.);
#1941=ORIENTED_EDGE('',*,*,#3032,.F.);
#1942=ORIENTED_EDGE('',*,*,#3033,.F.);
#1943=ORIENTED_EDGE('',*,*,#3029,.T.);
#1944=ORIENTED_EDGE('',*,*,#3034,.T.);
#1945=ORIENTED_EDGE('',*,*,#3035,.F.);
#1946=ORIENTED_EDGE('',*,*,#3036,.F.);
#1947=ORIENTED_EDGE('',*,*,#3032,.T.);
#1948=ORIENTED_EDGE('',*,*,#3037,.T.);
#1949=ORIENTED_EDGE('',*,*,#3038,.F.);
#1950=ORIENTED_EDGE('',*,*,#3039,.F.);
#1951=ORIENTED_EDGE('',*,*,#3035,.T.);
#1952=ORIENTED_EDGE('',*,*,#3040,.T.);
#1953=ORIENTED_EDGE('',*,*,#3041,.F.);
#1954=ORIENTED_EDGE('',*,*,#3042,.F.);
#1955=ORIENTED_EDGE('',*,*,#3038,.T.);
#1956=ORIENTED_EDGE('',*,*,#3043,.T.);
#1957=ORIENTED_EDGE('',*,*,#3044,.F.);
#1958=ORIENTED_EDGE('',*,*,#3045,.F.);
#1959=ORIENTED_EDGE('',*,*,#3041,.T.);
#1960=ORIENTED_EDGE('',*,*,#3046,.T.);
#1961=ORIENTED_EDGE('',*,*,#3047,.F.);
#1962=ORIENTED_EDGE('',*,*,#3048,.F.);
#1963=ORIENTED_EDGE('',*,*,#3044,.T.);
#1964=ORIENTED_EDGE('',*,*,#3049,.T.);
#1965=ORIENTED_EDGE('',*,*,#3050,.F.);
#1966=ORIENTED_EDGE('',*,*,#3051,.F.);
#1967=ORIENTED_EDGE('',*,*,#3047,.T.);
#1968=ORIENTED_EDGE('',*,*,#3052,.T.);
#1969=ORIENTED_EDGE('',*,*,#3053,.F.);
#1970=ORIENTED_EDGE('',*,*,#3054,.F.);
#1971=ORIENTED_EDGE('',*,*,#3050,.T.);
#1972=ORIENTED_EDGE('',*,*,#3055,.T.);
#1973=ORIENTED_EDGE('',*,*,#3056,.F.);
#1974=ORIENTED_EDGE('',*,*,#3057,.F.);
#1975=ORIENTED_EDGE('',*,*,#3053,.T.);
#1976=ORIENTED_EDGE('',*,*,#3058,.T.);
#1977=ORIENTED_EDGE('',*,*,#3059,.F.);
#1978=ORIENTED_EDGE('',*,*,#3060,.F.);
#1979=ORIENTED_EDGE('',*,*,#3056,.T.);
#1980=ORIENTED_EDGE('',*,*,#3061,.T.);
#1981=ORIENTED_EDGE('',*,*,#3062,.F.);
#1982=ORIENTED_EDGE('',*,*,#3063,.F.);
#1983=ORIENTED_EDGE('',*,*,#3059,.T.);
#1984=ORIENTED_EDGE('',*,*,#3064,.T.);
#1985=ORIENTED_EDGE('',*,*,#3065,.F.);
#1986=ORIENTED_EDGE('',*,*,#3066,.F.);
#1987=ORIENTED_EDGE('',*,*,#3062,.T.);
#1988=ORIENTED_EDGE('',*,*,#3067,.T.);
#1989=ORIENTED_EDGE('',*,*,#3068,.F.);
#1990=ORIENTED_EDGE('',*,*,#3069,.F.);
#1991=ORIENTED_EDGE('',*,*,#3065,.T.);
#1992=ORIENTED_EDGE('',*,*,#3070,.T.);
#1993=ORIENTED_EDGE('',*,*,#3071,.F.);
#1994=ORIENTED_EDGE('',*,*,#3072,.F.);
#1995=ORIENTED_EDGE('',*,*,#3068,.T.);
#1996=ORIENTED_EDGE('',*,*,#3073,.T.);
#1997=ORIENTED_EDGE('',*,*,#3074,.F.);
#1998=ORIENTED_EDGE('',*,*,#3075,.F.);
#1999=ORIENTED_EDGE('',*,*,#3071,.T.);
#2000=ORIENTED_EDGE('',*,*,#3076,.T.);
#2001=ORIENTED_EDGE('',*,*,#3077,.F.);
#2002=ORIENTED_EDGE('',*,*,#3078,.F.);
#2003=ORIENTED_EDGE('',*,*,#3074,.T.);
#2004=ORIENTED_EDGE('',*,*,#3079,.T.);
#2005=ORIENTED_EDGE('',*,*,#3080,.F.);
#2006=ORIENTED_EDGE('',*,*,#3081,.F.);
#2007=ORIENTED_EDGE('',*,*,#3077,.T.);
#2008=ORIENTED_EDGE('',*,*,#3082,.T.);
#2009=ORIENTED_EDGE('',*,*,#3083,.F.);
#2010=ORIENTED_EDGE('',*,*,#3084,.F.);
#2011=ORIENTED_EDGE('',*,*,#3080,.T.);
#2012=ORIENTED_EDGE('',*,*,#3085,.T.);
#2013=ORIENTED_EDGE('',*,*,#3086,.F.);
#2014=ORIENTED_EDGE('',*,*,#3087,.F.);
#2015=ORIENTED_EDGE('',*,*,#3083,.T.);
#2016=ORIENTED_EDGE('',*,*,#3088,.T.);
#2017=ORIENTED_EDGE('',*,*,#3018,.F.);
#2018=ORIENTED_EDGE('',*,*,#3089,.F.);
#2019=ORIENTED_EDGE('',*,*,#3086,.T.);
#2020=ORIENTED_EDGE('',*,*,#3017,.T.);
#2021=ORIENTED_EDGE('',*,*,#3008,.T.);
#2022=ORIENTED_EDGE('',*,*,#3021,.T.);
#2023=ORIENTED_EDGE('',*,*,#3024,.T.);
#2024=ORIENTED_EDGE('',*,*,#3027,.T.);
#2025=ORIENTED_EDGE('',*,*,#3030,.T.);
#2026=ORIENTED_EDGE('',*,*,#3033,.T.);
#2027=ORIENTED_EDGE('',*,*,#3036,.T.);
#2028=ORIENTED_EDGE('',*,*,#3039,.T.);
#2029=ORIENTED_EDGE('',*,*,#3042,.T.);
#2030=ORIENTED_EDGE('',*,*,#3045,.T.);
#2031=ORIENTED_EDGE('',*,*,#3048,.T.);
#2032=ORIENTED_EDGE('',*,*,#3051,.T.);
#2033=ORIENTED_EDGE('',*,*,#3054,.T.);
#2034=ORIENTED_EDGE('',*,*,#3057,.T.);
#2035=ORIENTED_EDGE('',*,*,#3060,.T.);
#2036=ORIENTED_EDGE('',*,*,#3063,.T.);
#2037=ORIENTED_EDGE('',*,*,#3066,.T.);
#2038=ORIENTED_EDGE('',*,*,#3069,.T.);
#2039=ORIENTED_EDGE('',*,*,#3072,.T.);
#2040=ORIENTED_EDGE('',*,*,#3075,.T.);
#2041=ORIENTED_EDGE('',*,*,#3078,.T.);
#2042=ORIENTED_EDGE('',*,*,#3081,.T.);
#2043=ORIENTED_EDGE('',*,*,#3084,.T.);
#2044=ORIENTED_EDGE('',*,*,#3087,.T.);
#2045=ORIENTED_EDGE('',*,*,#3089,.T.);
#2046=ORIENTED_EDGE('',*,*,#3016,.F.);
#2047=ORIENTED_EDGE('',*,*,#3088,.F.);
#2048=ORIENTED_EDGE('',*,*,#3085,.F.);
#2049=ORIENTED_EDGE('',*,*,#3082,.F.);
#2050=ORIENTED_EDGE('',*,*,#3079,.F.);
#2051=ORIENTED_EDGE('',*,*,#3076,.F.);
#2052=ORIENTED_EDGE('',*,*,#3073,.F.);
#2053=ORIENTED_EDGE('',*,*,#3070,.F.);
#2054=ORIENTED_EDGE('',*,*,#3067,.F.);
#2055=ORIENTED_EDGE('',*,*,#3064,.F.);
#2056=ORIENTED_EDGE('',*,*,#3061,.F.);
#2057=ORIENTED_EDGE('',*,*,#3058,.F.);
#2058=ORIENTED_EDGE('',*,*,#3055,.F.);
#2059=ORIENTED_EDGE('',*,*,#3052,.F.);
#2060=ORIENTED_EDGE('',*,*,#3049,.F.);
#2061=ORIENTED_EDGE('',*,*,#3046,.F.);
#2062=ORIENTED_EDGE('',*,*,#3043,.F.);
#2063=ORIENTED_EDGE('',*,*,#3040,.F.);
#2064=ORIENTED_EDGE('',*,*,#3037,.F.);
#2065=ORIENTED_EDGE('',*,*,#3034,.F.);
#2066=ORIENTED_EDGE('',*,*,#3031,.F.);
#2067=ORIENTED_EDGE('',*,*,#3028,.F.);
#2068=ORIENTED_EDGE('',*,*,#3025,.F.);
#2069=ORIENTED_EDGE('',*,*,#3022,.F.);
#2070=ORIENTED_EDGE('',*,*,#3019,.F.);
#2071=ORIENTED_EDGE('',*,*,#3006,.F.);
#2072=ORIENTED_EDGE('',*,*,#3010,.T.);
#2073=ORIENTED_EDGE('',*,*,#3090,.F.);
#2074=ORIENTED_EDGE('',*,*,#3091,.F.);
#2075=ORIENTED_EDGE('',*,*,#3092,.T.);
#2076=ORIENTED_EDGE('',*,*,#3015,.T.);
#2077=ORIENTED_EDGE('',*,*,#3093,.F.);
#2078=ORIENTED_EDGE('',*,*,#3094,.F.);
#2079=ORIENTED_EDGE('',*,*,#3090,.T.);
#2080=ORIENTED_EDGE('',*,*,#3014,.T.);
#2081=ORIENTED_EDGE('',*,*,#3095,.F.);
#2082=ORIENTED_EDGE('',*,*,#3096,.F.);
#2083=ORIENTED_EDGE('',*,*,#3093,.T.);
#2084=ORIENTED_EDGE('',*,*,#3013,.T.);
#2085=ORIENTED_EDGE('',*,*,#3097,.F.);
#2086=ORIENTED_EDGE('',*,*,#3098,.F.);
#2087=ORIENTED_EDGE('',*,*,#3095,.T.);
#2088=ORIENTED_EDGE('',*,*,#3012,.T.);
#2089=ORIENTED_EDGE('',*,*,#3099,.F.);
#2090=ORIENTED_EDGE('',*,*,#3100,.F.);
#2091=ORIENTED_EDGE('',*,*,#3097,.T.);
#2092=ORIENTED_EDGE('',*,*,#3011,.T.);
#2093=ORIENTED_EDGE('',*,*,#3092,.F.);
#2094=ORIENTED_EDGE('',*,*,#3101,.F.);
#2095=ORIENTED_EDGE('',*,*,#3099,.T.);
#2096=ORIENTED_EDGE('',*,*,#3091,.T.);
#2097=ORIENTED_EDGE('',*,*,#3094,.T.);
#2098=ORIENTED_EDGE('',*,*,#3096,.T.);
#2099=ORIENTED_EDGE('',*,*,#3098,.T.);
#2100=ORIENTED_EDGE('',*,*,#3100,.T.);
#2101=ORIENTED_EDGE('',*,*,#3101,.T.);
#2102=EDGE_CURVE('',#3102,#3103,#3746,.T.);
#2103=EDGE_CURVE('',#3103,#3104,#3747,.T.);
#2104=EDGE_CURVE('',#3104,#3105,#3748,.T.);
#2105=EDGE_CURVE('',#3105,#3106,#3749,.T.);
#2106=EDGE_CURVE('',#3107,#3106,#3750,.T.);
#2107=EDGE_CURVE('',#3108,#3107,#3751,.T.);
#2108=EDGE_CURVE('',#3108,#3109,#3752,.T.);
#2109=EDGE_CURVE('',#3109,#3110,#3753,.T.);
#2110=EDGE_CURVE('',#3110,#3111,#3754,.T.);
#2111=EDGE_CURVE('',#3111,#3102,#3755,.T.);
#2112=EDGE_CURVE('',#3112,#3113,#3756,.T.);
#2113=EDGE_CURVE('',#3113,#3114,#3757,.T.);
#2114=EDGE_CURVE('',#3114,#3115,#3758,.T.);
#2115=EDGE_CURVE('',#3115,#3116,#3759,.T.);
#2116=EDGE_CURVE('',#3112,#3116,#3760,.T.);
#2117=EDGE_CURVE('',#3117,#3118,#3761,.T.);
#2118=EDGE_CURVE('',#3118,#3119,#3762,.T.);
#2119=EDGE_CURVE('',#3119,#3120,#3763,.T.);
#2120=EDGE_CURVE('',#3120,#3121,#3764,.T.);
#2121=EDGE_CURVE('',#3121,#3117,#3765,.T.);
#2122=EDGE_CURVE('',#3113,#3104,#3766,.T.);
#2123=EDGE_CURVE('',#3105,#3112,#3767,.T.);
#2124=EDGE_CURVE('',#3109,#3120,#3768,.T.);
#2125=EDGE_CURVE('',#3121,#3108,#3769,.T.);
#2126=EDGE_CURVE('',#3122,#3123,#3770,.T.);
#2127=EDGE_CURVE('',#3123,#3124,#3771,.T.);
#2128=EDGE_CURVE('',#3124,#3125,#3772,.T.);
#2129=EDGE_CURVE('',#3125,#3122,#3773,.T.);
#2130=EDGE_CURVE('',#3126,#3127,#3774,.T.);
#2131=EDGE_CURVE('',#3116,#3126,#3775,.T.);
#2132=EDGE_CURVE('',#3128,#3116,#3776,.T.);
#2133=EDGE_CURVE('',#3128,#3127,#3777,.T.);
#2134=EDGE_CURVE('',#3129,#3130,#3778,.T.);
#2135=EDGE_CURVE('',#3129,#3131,#3779,.T.);
#2136=EDGE_CURVE('',#3131,#3132,#3780,.T.);
#2137=EDGE_CURVE('',#3130,#3132,#3781,.T.);
#2138=EDGE_CURVE('',#3133,#3134,#3782,.T.);
#2139=EDGE_CURVE('',#3133,#3135,#3783,.T.);
#2140=EDGE_CURVE('',#3135,#3136,#3784,.T.);
#2141=EDGE_CURVE('',#3134,#3136,#3785,.T.);
#2142=EDGE_CURVE('',#3137,#3138,#3786,.T.);
#2143=EDGE_CURVE('',#3138,#3139,#3787,.T.);
#2144=EDGE_CURVE('',#3140,#3139,#3788,.T.);
#2145=EDGE_CURVE('',#3140,#3137,#3789,.T.);
#2146=EDGE_CURVE('',#3141,#3142,#3790,.T.);
#2147=EDGE_CURVE('',#3142,#3143,#3791,.T.);
#2148=EDGE_CURVE('',#3144,#3143,#3792,.T.);
#2149=EDGE_CURVE('',#3144,#3141,#3793,.T.);
#2150=EDGE_CURVE('',#3145,#3146,#3794,.T.);
#2151=EDGE_CURVE('',#3146,#3147,#3795,.T.);
#2152=EDGE_CURVE('',#3148,#3147,#3796,.T.);
#2153=EDGE_CURVE('',#3148,#3145,#3797,.T.);
#2154=EDGE_CURVE('',#3147,#3149,#3798,.T.);
#2155=EDGE_CURVE('',#3150,#3149,#3799,.T.);
#2156=EDGE_CURVE('',#3150,#3148,#3800,.T.);
#2157=EDGE_CURVE('',#3149,#3151,#3801,.T.);
#2158=EDGE_CURVE('',#3152,#3151,#3802,.T.);
#2159=EDGE_CURVE('',#3152,#3150,#3803,.T.);
#2160=EDGE_CURVE('',#3153,#3154,#3804,.T.);
#2161=EDGE_CURVE('',#3154,#3155,#3805,.T.);
#2162=EDGE_CURVE('',#3156,#3155,#3806,.T.);
#2163=EDGE_CURVE('',#3156,#3153,#3807,.T.);
#2164=EDGE_CURVE('',#3155,#3157,#3808,.T.);
#2165=EDGE_CURVE('',#3158,#3157,#3809,.T.);
#2166=EDGE_CURVE('',#3158,#3156,#3810,.T.);
#2167=EDGE_CURVE('',#3157,#3159,#3811,.T.);
#2168=EDGE_CURVE('',#3160,#3159,#3812,.T.);
#2169=EDGE_CURVE('',#3160,#3158,#3813,.T.);
#2170=EDGE_CURVE('',#3161,#3162,#3814,.T.);
#2171=EDGE_CURVE('',#3162,#3163,#3815,.T.);
#2172=EDGE_CURVE('',#3164,#3163,#3816,.T.);
#2173=EDGE_CURVE('',#3164,#3161,#3817,.T.);
#2174=EDGE_CURVE('',#3163,#3165,#3818,.T.);
#2175=EDGE_CURVE('',#3166,#3165,#3819,.T.);
#2176=EDGE_CURVE('',#3166,#3164,#3820,.T.);
#2177=EDGE_CURVE('',#3165,#3167,#3821,.T.);
#2178=EDGE_CURVE('',#3168,#3167,#3822,.T.);
#2179=EDGE_CURVE('',#3168,#3166,#3823,.T.);
#2180=EDGE_CURVE('',#3169,#3170,#3824,.T.);
#2181=EDGE_CURVE('',#3170,#3171,#3825,.T.);
#2182=EDGE_CURVE('',#3172,#3171,#3826,.T.);
#2183=EDGE_CURVE('',#3172,#3169,#3827,.T.);
#2184=EDGE_CURVE('',#3171,#3173,#3828,.T.);
#2185=EDGE_CURVE('',#3174,#3173,#3829,.T.);
#2186=EDGE_CURVE('',#3174,#3172,#3830,.T.);
#2187=EDGE_CURVE('',#3173,#3175,#3831,.T.);
#2188=EDGE_CURVE('',#3176,#3175,#3832,.T.);
#2189=EDGE_CURVE('',#3176,#3174,#3833,.T.);
#2190=EDGE_CURVE('',#3177,#3178,#3834,.T.);
#2191=EDGE_CURVE('',#3178,#3179,#3835,.T.);
#2192=EDGE_CURVE('',#3180,#3179,#3836,.T.);
#2193=EDGE_CURVE('',#3180,#3177,#3837,.T.);
#2194=EDGE_CURVE('',#3179,#3181,#3838,.T.);
#2195=EDGE_CURVE('',#3182,#3181,#3839,.T.);
#2196=EDGE_CURVE('',#3182,#3180,#3840,.T.);
#2197=EDGE_CURVE('',#3181,#3183,#3841,.T.);
#2198=EDGE_CURVE('',#3184,#3183,#3842,.T.);
#2199=EDGE_CURVE('',#3184,#3182,#3843,.T.);
#2200=EDGE_CURVE('',#3185,#3186,#3844,.T.);
#2201=EDGE_CURVE('',#3186,#3187,#3845,.T.);
#2202=EDGE_CURVE('',#3188,#3187,#3846,.T.);
#2203=EDGE_CURVE('',#3188,#3185,#3847,.T.);
#2204=EDGE_CURVE('',#3187,#3189,#3848,.T.);
#2205=EDGE_CURVE('',#3190,#3189,#3849,.T.);
#2206=EDGE_CURVE('',#3190,#3188,#3850,.T.);
#2207=EDGE_CURVE('',#3189,#3191,#3851,.T.);
#2208=EDGE_CURVE('',#3192,#3191,#3852,.T.);
#2209=EDGE_CURVE('',#3192,#3190,#3853,.T.);
#2210=EDGE_CURVE('',#3193,#3194,#3854,.T.);
#2211=EDGE_CURVE('',#3194,#3195,#3855,.T.);
#2212=EDGE_CURVE('',#3196,#3195,#3856,.T.);
#2213=EDGE_CURVE('',#3196,#3193,#3857,.T.);
#2214=EDGE_CURVE('',#3197,#3198,#3858,.T.);
#2215=EDGE_CURVE('',#3198,#3199,#3859,.T.);
#2216=EDGE_CURVE('',#3200,#3199,#3860,.T.);
#2217=EDGE_CURVE('',#3200,#3197,#3861,.T.);
#2218=EDGE_CURVE('',#3151,#3146,#3862,.T.);
#2219=EDGE_CURVE('',#3145,#3152,#3863,.T.);
#2220=EDGE_CURVE('',#3159,#3154,#3864,.T.);
#2221=EDGE_CURVE('',#3153,#3160,#3865,.T.);
#2222=EDGE_CURVE('',#3167,#3162,#3866,.T.);
#2223=EDGE_CURVE('',#3161,#3168,#3867,.T.);
#2224=EDGE_CURVE('',#3175,#3170,#3868,.T.);
#2225=EDGE_CURVE('',#3169,#3176,#3869,.T.);
#2226=EDGE_CURVE('',#3183,#3178,#3870,.T.);
#2227=EDGE_CURVE('',#3177,#3184,#3871,.T.);
#2228=EDGE_CURVE('',#3191,#3186,#3872,.T.);
#2229=EDGE_CURVE('',#3185,#3192,#3873,.T.);
#2230=EDGE_CURVE('',#3201,#3202,#3874,.T.);
#2231=EDGE_CURVE('',#3203,#3202,#3875,.T.);
#2232=EDGE_CURVE('',#3203,#3204,#3876,.T.);
#2233=EDGE_CURVE('',#3204,#3201,#3877,.T.);
#2234=EDGE_CURVE('',#3205,#3206,#3878,.T.);
#2235=EDGE_CURVE('',#3206,#3207,#3879,.T.);
#2236=EDGE_CURVE('',#3207,#3208,#3880,.T.);
#2237=EDGE_CURVE('',#3205,#3208,#3881,.T.);
#2238=EDGE_CURVE('',#3209,#3210,#3882,.T.);
#2239=EDGE_CURVE('',#3130,#3209,#3883,.T.);
#2240=EDGE_CURVE('',#3132,#3125,#3884,.T.);
#2241=EDGE_CURVE('',#3211,#3124,#3885,.T.);
#2242=EDGE_CURVE('',#3212,#3211,#3886,.T.);
#2243=EDGE_CURVE('',#3127,#3212,#3887,.T.);
#2244=EDGE_CURVE('',#3134,#3128,#3888,.T.);
#2245=EDGE_CURVE('',#3210,#3136,#3889,.T.);
#2246=EDGE_CURVE('',#3117,#3213,#3890,.T.);
#2247=EDGE_CURVE('',#3117,#3214,#3891,.T.);
#2248=EDGE_CURVE('',#3215,#3214,#3892,.T.);
#2249=EDGE_CURVE('',#3213,#3215,#3893,.T.);
#2250=EDGE_CURVE('',#3203,#3216,#3894,.T.);
#2251=EDGE_CURVE('',#3216,#3217,#3895,.T.);
#2252=EDGE_CURVE('',#3217,#3218,#3896,.T.);
#2253=EDGE_CURVE('',#3219,#3218,#3897,.T.);
#2254=EDGE_CURVE('',#3213,#3219,#3898,.T.);
#2255=EDGE_CURVE('',#3215,#3220,#3899,.T.);
#2256=EDGE_CURVE('',#3220,#3221,#3900,.T.);
#2257=EDGE_CURVE('',#3221,#3205,#3901,.T.);
#2258=EDGE_CURVE('',#3208,#3204,#3902,.T.);
#2259=EDGE_CURVE('',#3222,#3223,#3903,.T.);
#2260=EDGE_CURVE('',#3224,#3222,#3904,.T.);
#2261=EDGE_CURVE('',#3224,#3225,#3905,.T.);
#2262=EDGE_CURVE('',#3225,#3223,#3906,.T.);
#2263=EDGE_CURVE('',#3226,#3222,#3907,.T.);
#2264=EDGE_CURVE('',#3227,#3226,#3908,.T.);
#2265=EDGE_CURVE('',#3227,#3224,#3909,.T.);
#2266=EDGE_CURVE('',#3228,#3226,#3910,.T.);
#2267=EDGE_CURVE('',#3229,#3228,#3911,.T.);
#2268=EDGE_CURVE('',#3229,#3227,#3912,.T.);
#2269=EDGE_CURVE('',#3230,#3231,#3913,.T.);
#2270=EDGE_CURVE('',#3232,#3230,#3914,.T.);
#2271=EDGE_CURVE('',#3232,#3233,#3915,.T.);
#2272=EDGE_CURVE('',#3233,#3231,#3916,.T.);
#2273=EDGE_CURVE('',#3234,#3230,#3917,.T.);
#2274=EDGE_CURVE('',#3235,#3234,#3918,.T.);
#2275=EDGE_CURVE('',#3235,#3232,#3919,.T.);
#2276=EDGE_CURVE('',#3236,#3234,#3920,.T.);
#2277=EDGE_CURVE('',#3237,#3236,#3921,.T.);
#2278=EDGE_CURVE('',#3237,#3235,#3922,.T.);
#2279=EDGE_CURVE('',#3238,#3239,#3923,.T.);
#2280=EDGE_CURVE('',#3240,#3238,#3924,.T.);
#2281=EDGE_CURVE('',#3241,#3240,#3925,.T.);
#2282=EDGE_CURVE('',#3241,#3140,#3926,.T.);
#2283=EDGE_CURVE('',#3139,#3239,#3927,.T.);
#2284=EDGE_CURVE('',#3242,#3240,#3928,.T.);
#2285=EDGE_CURVE('',#3243,#3242,#3929,.T.);
#2286=EDGE_CURVE('',#3243,#3241,#3930,.T.);
#2287=EDGE_CURVE('',#3244,#3245,#3931,.T.);
#2288=EDGE_CURVE('',#3246,#3244,#3932,.T.);
#2289=EDGE_CURVE('',#3247,#3246,#3933,.T.);
#2290=EDGE_CURVE('',#3247,#3144,#3934,.T.);
#2291=EDGE_CURVE('',#3143,#3245,#3935,.T.);
#2292=EDGE_CURVE('',#3248,#3246,#3936,.T.);
#2293=EDGE_CURVE('',#3249,#3248,#3937,.T.);
#2294=EDGE_CURVE('',#3249,#3247,#3938,.T.);
#2295=EDGE_CURVE('',#3250,#3251,#3939,.T.);
#2296=EDGE_CURVE('',#3252,#3250,#3940,.T.);
#2297=EDGE_CURVE('',#3252,#3253,#3941,.T.);
#2298=EDGE_CURVE('',#3253,#3251,#3942,.T.);
#2299=EDGE_CURVE('',#3254,#3255,#3943,.T.);
#2300=EDGE_CURVE('',#3254,#3194,#3944,.T.);
#2301=EDGE_CURVE('',#3193,#3252,#3945,.T.);
#2302=EDGE_CURVE('',#3255,#3250,#3946,.T.);
#2303=EDGE_CURVE('',#3256,#3257,#3947,.T.);
#2304=EDGE_CURVE('',#3258,#3256,#3948,.T.);
#2305=EDGE_CURVE('',#3258,#3259,#3949,.T.);
#2306=EDGE_CURVE('',#3259,#3257,#3950,.T.);
#2307=EDGE_CURVE('',#3260,#3261,#3951,.T.);
#2308=EDGE_CURVE('',#3260,#3198,#3952,.T.);
#2309=EDGE_CURVE('',#3197,#3258,#3953,.T.);
#2310=EDGE_CURVE('',#3261,#3256,#3954,.T.);
#2311=EDGE_CURVE('',#3262,#3263,#3955,.T.);
#2312=EDGE_CURVE('',#3264,#3262,#3956,.T.);
#2313=EDGE_CURVE('',#3264,#3265,#3957,.T.);
#2314=EDGE_CURVE('',#3265,#3263,#3958,.T.);
#2315=EDGE_CURVE('',#3266,#3262,#3959,.T.);
#2316=EDGE_CURVE('',#3267,#3266,#3960,.T.);
#2317=EDGE_CURVE('',#3267,#3264,#3961,.T.);
#2318=EDGE_CURVE('',#3268,#3266,#3962,.T.);
#2319=EDGE_CURVE('',#3269,#3268,#3963,.T.);
#2320=EDGE_CURVE('',#3269,#3267,#3964,.T.);
#2321=EDGE_CURVE('',#3270,#3271,#3965,.T.);
#2322=EDGE_CURVE('',#3272,#3270,#3966,.T.);
#2323=EDGE_CURVE('',#3272,#3273,#3967,.T.);
#2324=EDGE_CURVE('',#3273,#3271,#3968,.T.);
#2325=EDGE_CURVE('',#3274,#3270,#3969,.T.);
#2326=EDGE_CURVE('',#3275,#3274,#3970,.T.);
#2327=EDGE_CURVE('',#3275,#3272,#3971,.T.);
#2328=EDGE_CURVE('',#3276,#3274,#3972,.T.);
#2329=EDGE_CURVE('',#3277,#3276,#3973,.T.);
#2330=EDGE_CURVE('',#3277,#3275,#3974,.T.);
#2331=EDGE_CURVE('',#3223,#3228,#3975,.T.);
#2332=EDGE_CURVE('',#3225,#3229,#3976,.T.);
#2333=EDGE_CURVE('',#3231,#3236,#3977,.T.);
#2334=EDGE_CURVE('',#3233,#3237,#3978,.T.);
#2335=EDGE_CURVE('',#3278,#3279,#3979,.T.);
#2336=EDGE_CURVE('',#3278,#3138,#3980,.T.);
#2337=EDGE_CURVE('',#3137,#3243,#3981,.T.);
#2338=EDGE_CURVE('',#3279,#3242,#3982,.T.);
#2339=EDGE_CURVE('',#3280,#3281,#3983,.T.);
#2340=EDGE_CURVE('',#3280,#3142,#3984,.T.);
#2341=EDGE_CURVE('',#3141,#3249,#3985,.T.);
#2342=EDGE_CURVE('',#3281,#3248,#3986,.T.);
#2343=EDGE_CURVE('',#3282,#3283,#3987,.T.);
#2344=EDGE_CURVE('',#3251,#3282,#3988,.T.);
#2345=EDGE_CURVE('',#3253,#3196,#3989,.T.);
#2346=EDGE_CURVE('',#3195,#3283,#3990,.T.);
#2347=EDGE_CURVE('',#3284,#3285,#3991,.T.);
#2348=EDGE_CURVE('',#3257,#3284,#3992,.T.);
#2349=EDGE_CURVE('',#3259,#3200,#3993,.T.);
#2350=EDGE_CURVE('',#3199,#3285,#3994,.T.);
#2351=EDGE_CURVE('',#3263,#3268,#3995,.T.);
#2352=EDGE_CURVE('',#3265,#3269,#3996,.T.);
#2353=EDGE_CURVE('',#3271,#3276,#3997,.T.);
#2354=EDGE_CURVE('',#3273,#3277,#3998,.T.);
#2355=EDGE_CURVE('',#3218,#3286,#3999,.T.);
#2356=EDGE_CURVE('',#3287,#3286,#4000,.T.);
#2357=EDGE_CURVE('',#3219,#3287,#4001,.T.);
#2358=EDGE_CURVE('',#3102,#3115,#4002,.T.);
#2359=EDGE_CURVE('',#3111,#3118,#4003,.T.);
#2360=EDGE_CURVE('',#3133,#3287,#4004,.T.);
#2361=EDGE_CURVE('',#3282,#3255,#4005,.T.);
#2362=EDGE_CURVE('',#3284,#3261,#4006,.T.);
#2363=EDGE_CURVE('',#3244,#3281,#4007,.T.);
#2364=EDGE_CURVE('',#3238,#3279,#4008,.T.);
#2365=EDGE_CURVE('',#3207,#3107,#4009,.T.);
#2366=EDGE_CURVE('',#3106,#3122,#4010,.T.);
#2367=EDGE_CURVE('',#3131,#3288,#4011,.T.);
#2368=EDGE_CURVE('',#3288,#3289,#4012,.T.);
#2369=EDGE_CURVE('',#3289,#3201,#4013,.T.);
#2370=EDGE_CURVE('',#3221,#3211,#4014,.T.);
#2371=EDGE_CURVE('',#3220,#3212,#4015,.T.);
#2372=EDGE_CURVE('',#3123,#3206,#4016,.T.);
#2373=EDGE_CURVE('',#3214,#3126,#4017,.T.);
#2374=EDGE_CURVE('',#3216,#3209,#4018,.T.);
#2375=EDGE_CURVE('',#3202,#3129,#4019,.T.);
#2376=EDGE_CURVE('',#3217,#3210,#4020,.T.);
#2377=EDGE_CURVE('',#3135,#3286,#4021,.T.);
#2378=EDGE_CURVE('',#3285,#3260,#4022,.T.);
#2379=EDGE_CURVE('',#3283,#3254,#4023,.T.);
#2380=EDGE_CURVE('',#3245,#3280,#4024,.T.);
#2381=EDGE_CURVE('',#3239,#3278,#4025,.T.);
#2382=EDGE_CURVE('',#3214,#3206,#4026,.T.);
#2383=EDGE_CURVE('',#3126,#3123,#4027,.T.);
#2384=EDGE_CURVE('',#3135,#3129,#4028,.T.);
#2385=EDGE_CURVE('',#3290,#3133,#4029,.T.);
#2386=EDGE_CURVE('',#3290,#3291,#4030,.T.);
#2387=EDGE_CURVE('',#3291,#3288,#4031,.T.);
#2388=EDGE_CURVE('',#3292,#3289,#4032,.T.);
#2389=EDGE_CURVE('',#3292,#3293,#4033,.T.);
#2390=EDGE_CURVE('',#3293,#3287,#4034,.T.);
#2391=EDGE_CURVE('',#3286,#3202,#4035,.T.);
#2392=EDGE_CURVE('',#3291,#3292,#4036,.T.);
#2393=EDGE_CURVE('',#3293,#3290,#4037,.T.);
#2394=EDGE_CURVE('',#3103,#3114,#4038,.T.);
#2395=EDGE_CURVE('',#3110,#3119,#4039,.T.);
#2396=EDGE_CURVE('',#3294,#3295,#4040,.T.);
#2397=EDGE_CURVE('',#3294,#3296,#4041,.T.);
#2398=EDGE_CURVE('',#3297,#3296,#4042,.T.);
#2399=EDGE_CURVE('',#3295,#3297,#4043,.T.);
#2400=EDGE_CURVE('',#3298,#3299,#4044,.T.);
#2401=EDGE_CURVE('',#3300,#3298,#4045,.T.);
#2402=EDGE_CURVE('',#3301,#3300,#4046,.T.);
#2403=EDGE_CURVE('',#3301,#3299,#4047,.T.);
#2404=EDGE_CURVE('',#3302,#3303,#4048,.T.);
#2405=EDGE_CURVE('',#3304,#3302,#4049,.T.);
#2406=EDGE_CURVE('',#3305,#3304,#4050,.T.);
#2407=EDGE_CURVE('',#3305,#3303,#4051,.T.);
#2408=EDGE_CURVE('',#3306,#3307,#4052,.T.);
#2409=EDGE_CURVE('',#3308,#3306,#4053,.T.);
#2410=EDGE_CURVE('',#3309,#3308,#4054,.T.);
#2411=EDGE_CURVE('',#3309,#3307,#4055,.T.);
#2412=EDGE_CURVE('',#3310,#3311,#4056,.T.);
#2413=EDGE_CURVE('',#3312,#3310,#4057,.T.);
#2414=EDGE_CURVE('',#3313,#3312,#4058,.T.);
#2415=EDGE_CURVE('',#3313,#3311,#4059,.T.);
#2416=EDGE_CURVE('',#3314,#3315,#4060,.T.);
#2417=EDGE_CURVE('',#3316,#3314,#4061,.T.);
#2418=EDGE_CURVE('',#3317,#3316,#4062,.T.);
#2419=EDGE_CURVE('',#3317,#3315,#4063,.T.);
#2420=EDGE_CURVE('',#3318,#3319,#4064,.T.);
#2421=EDGE_CURVE('',#3318,#3320,#4065,.T.);
#2422=EDGE_CURVE('',#3321,#3320,#4066,.T.);
#2423=EDGE_CURVE('',#3319,#3321,#4067,.T.);
#2424=EDGE_CURVE('',#3322,#3323,#4068,.T.);
#2425=EDGE_CURVE('',#3324,#3322,#4069,.T.);
#2426=EDGE_CURVE('',#3325,#3324,#4070,.T.);
#2427=EDGE_CURVE('',#3325,#3323,#4071,.T.);
#2428=EDGE_CURVE('',#3326,#3327,#4072,.T.);
#2429=EDGE_CURVE('',#3328,#3326,#4073,.T.);
#2430=EDGE_CURVE('',#3329,#3328,#4074,.T.);
#2431=EDGE_CURVE('',#3329,#3327,#4075,.T.);
#2432=EDGE_CURVE('',#3330,#3331,#4076,.T.);
#2433=EDGE_CURVE('',#3332,#3330,#4077,.T.);
#2434=EDGE_CURVE('',#3333,#3332,#4078,.T.);
#2435=EDGE_CURVE('',#3333,#3331,#4079,.T.);
#2436=EDGE_CURVE('',#3334,#3335,#4080,.T.);
#2437=EDGE_CURVE('',#3336,#3334,#4081,.T.);
#2438=EDGE_CURVE('',#3337,#3336,#4082,.T.);
#2439=EDGE_CURVE('',#3337,#3335,#4083,.T.);
#2440=EDGE_CURVE('',#3338,#3339,#4084,.T.);
#2441=EDGE_CURVE('',#3340,#3338,#4085,.T.);
#2442=EDGE_CURVE('',#3341,#3340,#4086,.T.);
#2443=EDGE_CURVE('',#3341,#3339,#4087,.T.);
#2444=EDGE_CURVE('',#3320,#3342,#4088,.T.);
#2445=EDGE_CURVE('',#3343,#3318,#4089,.T.);
#2446=EDGE_CURVE('',#3343,#3342,#4090,.T.);
#2447=EDGE_CURVE('',#3323,#3344,#4091,.T.);
#2448=EDGE_CURVE('',#3345,#3325,#4092,.T.);
#2449=EDGE_CURVE('',#3345,#3344,#4093,.T.);
#2450=EDGE_CURVE('',#3327,#3346,#4094,.T.);
#2451=EDGE_CURVE('',#3347,#3329,#4095,.T.);
#2452=EDGE_CURVE('',#3347,#3346,#4096,.T.);
#2453=EDGE_CURVE('',#3331,#3348,#4097,.T.);
#2454=EDGE_CURVE('',#3349,#3333,#4098,.T.);
#2455=EDGE_CURVE('',#3349,#3348,#4099,.T.);
#2456=EDGE_CURVE('',#3335,#3350,#4100,.T.);
#2457=EDGE_CURVE('',#3351,#3337,#4101,.T.);
#2458=EDGE_CURVE('',#3351,#3350,#4102,.T.);
#2459=EDGE_CURVE('',#3339,#3352,#4103,.T.);
#2460=EDGE_CURVE('',#3353,#3341,#4104,.T.);
#2461=EDGE_CURVE('',#3353,#3352,#4105,.T.);
#2462=EDGE_CURVE('',#3342,#3354,#4106,.T.);
#2463=EDGE_CURVE('',#3343,#3355,#4107,.T.);
#2464=EDGE_CURVE('',#3355,#3354,#4108,.T.);
#2465=EDGE_CURVE('',#3344,#3356,#4109,.T.);
#2466=EDGE_CURVE('',#3345,#3357,#4110,.T.);
#2467=EDGE_CURVE('',#3357,#3356,#4111,.T.);
#2468=EDGE_CURVE('',#3346,#3358,#4112,.T.);
#2469=EDGE_CURVE('',#3347,#3359,#4113,.T.);
#2470=EDGE_CURVE('',#3359,#3358,#4114,.T.);
#2471=EDGE_CURVE('',#3348,#3360,#4115,.T.);
#2472=EDGE_CURVE('',#3349,#3361,#4116,.T.);
#2473=EDGE_CURVE('',#3361,#3360,#4117,.T.);
#2474=EDGE_CURVE('',#3350,#3362,#4118,.T.);
#2475=EDGE_CURVE('',#3351,#3363,#4119,.T.);
#2476=EDGE_CURVE('',#3363,#3362,#4120,.T.);
#2477=EDGE_CURVE('',#3352,#3364,#4121,.T.);
#2478=EDGE_CURVE('',#3353,#3365,#4122,.T.);
#2479=EDGE_CURVE('',#3365,#3364,#4123,.T.);
#2480=EDGE_CURVE('',#3354,#3366,#4124,.T.);
#2481=EDGE_CURVE('',#3367,#3355,#4125,.T.);
#2482=EDGE_CURVE('',#3367,#3366,#4126,.T.);
#2483=EDGE_CURVE('',#3356,#3368,#4127,.T.);
#2484=EDGE_CURVE('',#3369,#3357,#4128,.T.);
#2485=EDGE_CURVE('',#3369,#3368,#4129,.T.);
#2486=EDGE_CURVE('',#3358,#3370,#4130,.T.);
#2487=EDGE_CURVE('',#3371,#3359,#4131,.T.);
#2488=EDGE_CURVE('',#3371,#3370,#4132,.T.);
#2489=EDGE_CURVE('',#3360,#3372,#4133,.T.);
#2490=EDGE_CURVE('',#3373,#3361,#4134,.T.);
#2491=EDGE_CURVE('',#3373,#3372,#4135,.T.);
#2492=EDGE_CURVE('',#3362,#3374,#4136,.T.);
#2493=EDGE_CURVE('',#3375,#3363,#4137,.T.);
#2494=EDGE_CURVE('',#3375,#3374,#4138,.T.);
#2495=EDGE_CURVE('',#3364,#3376,#4139,.T.);
#2496=EDGE_CURVE('',#3377,#3365,#4140,.T.);
#2497=EDGE_CURVE('',#3377,#3376,#4141,.T.);
#2498=EDGE_CURVE('',#3378,#3367,#4142,.T.);
#2499=EDGE_CURVE('',#3378,#3379,#4143,.T.);
#2500=EDGE_CURVE('',#3366,#3379,#4144,.T.);
#2501=EDGE_CURVE('',#3368,#3380,#4145,.T.);
#2502=EDGE_CURVE('',#3381,#3369,#4146,.T.);
#2503=EDGE_CURVE('',#3381,#3380,#4147,.T.);
#2504=EDGE_CURVE('',#3370,#3382,#4148,.T.);
#2505=EDGE_CURVE('',#3383,#3371,#4149,.T.);
#2506=EDGE_CURVE('',#3383,#3382,#4150,.T.);
#2507=EDGE_CURVE('',#3372,#3384,#4151,.T.);
#2508=EDGE_CURVE('',#3385,#3373,#4152,.T.);
#2509=EDGE_CURVE('',#3385,#3384,#4153,.T.);
#2510=EDGE_CURVE('',#3374,#3386,#4154,.T.);
#2511=EDGE_CURVE('',#3387,#3375,#4155,.T.);
#2512=EDGE_CURVE('',#3387,#3386,#4156,.T.);
#2513=EDGE_CURVE('',#3376,#3388,#4157,.T.);
#2514=EDGE_CURVE('',#3389,#3377,#4158,.T.);
#2515=EDGE_CURVE('',#3389,#3388,#4159,.T.);
#2516=EDGE_CURVE('',#3390,#3391,#4160,.T.);
#2517=EDGE_CURVE('',#3390,#3392,#4161,.T.);
#2518=EDGE_CURVE('',#3393,#3392,#4162,.T.);
#2519=EDGE_CURVE('',#3391,#3393,#4163,.T.);
#2520=EDGE_CURVE('',#3394,#3395,#4164,.T.);
#2521=EDGE_CURVE('',#3396,#3394,#4165,.T.);
#2522=EDGE_CURVE('',#3397,#3396,#4166,.T.);
#2523=EDGE_CURVE('',#3397,#3395,#4167,.T.);
#2524=EDGE_CURVE('',#3398,#3399,#4168,.T.);
#2525=EDGE_CURVE('',#3400,#3398,#4169,.T.);
#2526=EDGE_CURVE('',#3401,#3400,#4170,.T.);
#2527=EDGE_CURVE('',#3401,#3399,#4171,.T.);
#2528=EDGE_CURVE('',#3402,#3403,#4172,.T.);
#2529=EDGE_CURVE('',#3404,#3402,#4173,.T.);
#2530=EDGE_CURVE('',#3405,#3404,#4174,.T.);
#2531=EDGE_CURVE('',#3405,#3403,#4175,.T.);
#2532=EDGE_CURVE('',#3406,#3407,#4176,.T.);
#2533=EDGE_CURVE('',#3408,#3406,#4177,.T.);
#2534=EDGE_CURVE('',#3409,#3408,#4178,.T.);
#2535=EDGE_CURVE('',#3409,#3407,#4179,.T.);
#2536=EDGE_CURVE('',#3410,#3411,#4180,.T.);
#2537=EDGE_CURVE('',#3412,#3410,#4181,.T.);
#2538=EDGE_CURVE('',#3413,#3412,#4182,.T.);
#2539=EDGE_CURVE('',#3413,#3411,#4183,.T.);
#2540=EDGE_CURVE('',#3392,#3414,#4184,.T.);
#2541=EDGE_CURVE('',#3415,#3390,#4185,.T.);
#2542=EDGE_CURVE('',#3415,#3414,#4186,.T.);
#2543=EDGE_CURVE('',#3395,#3416,#4187,.T.);
#2544=EDGE_CURVE('',#3417,#3397,#4188,.T.);
#2545=EDGE_CURVE('',#3417,#3416,#4189,.T.);
#2546=EDGE_CURVE('',#3399,#3418,#4190,.T.);
#2547=EDGE_CURVE('',#3419,#3401,#4191,.T.);
#2548=EDGE_CURVE('',#3419,#3418,#4192,.T.);
#2549=EDGE_CURVE('',#3403,#3420,#4193,.T.);
#2550=EDGE_CURVE('',#3421,#3405,#4194,.T.);
#2551=EDGE_CURVE('',#3421,#3420,#4195,.T.);
#2552=EDGE_CURVE('',#3407,#3422,#4196,.T.);
#2553=EDGE_CURVE('',#3423,#3409,#4197,.T.);
#2554=EDGE_CURVE('',#3423,#3422,#4198,.T.);
#2555=EDGE_CURVE('',#3411,#3424,#4199,.T.);
#2556=EDGE_CURVE('',#3425,#3413,#4200,.T.);
#2557=EDGE_CURVE('',#3425,#3424,#4201,.T.);
#2558=EDGE_CURVE('',#3414,#3426,#4202,.T.);
#2559=EDGE_CURVE('',#3415,#3427,#4203,.T.);
#2560=EDGE_CURVE('',#3427,#3426,#4204,.T.);
#2561=EDGE_CURVE('',#3416,#3428,#4205,.T.);
#2562=EDGE_CURVE('',#3417,#3429,#4206,.T.);
#2563=EDGE_CURVE('',#3429,#3428,#4207,.T.);
#2564=EDGE_CURVE('',#3418,#3430,#4208,.T.);
#2565=EDGE_CURVE('',#3419,#3431,#4209,.T.);
#2566=EDGE_CURVE('',#3431,#3430,#4210,.T.);
#2567=EDGE_CURVE('',#3420,#3432,#4211,.T.);
#2568=EDGE_CURVE('',#3421,#3433,#4212,.T.);
#2569=EDGE_CURVE('',#3433,#3432,#4213,.T.);
#2570=EDGE_CURVE('',#3422,#3434,#4214,.T.);
#2571=EDGE_CURVE('',#3423,#3435,#4215,.T.);
#2572=EDGE_CURVE('',#3435,#3434,#4216,.T.);
#2573=EDGE_CURVE('',#3424,#3436,#4217,.T.);
#2574=EDGE_CURVE('',#3425,#3437,#4218,.T.);
#2575=EDGE_CURVE('',#3437,#3436,#4219,.T.);
#2576=EDGE_CURVE('',#3426,#3297,#4220,.T.);
#2577=EDGE_CURVE('',#3295,#3427,#4221,.T.);
#2578=EDGE_CURVE('',#3428,#3298,#4222,.T.);
#2579=EDGE_CURVE('',#3300,#3429,#4223,.T.);
#2580=EDGE_CURVE('',#3430,#3302,#4224,.T.);
#2581=EDGE_CURVE('',#3304,#3431,#4225,.T.);
#2582=EDGE_CURVE('',#3432,#3306,#4226,.T.);
#2583=EDGE_CURVE('',#3308,#3433,#4227,.T.);
#2584=EDGE_CURVE('',#3434,#3310,#4228,.T.);
#2585=EDGE_CURVE('',#3312,#3435,#4229,.T.);
#2586=EDGE_CURVE('',#3436,#3314,#4230,.T.);
#2587=EDGE_CURVE('',#3316,#3437,#4231,.T.);
#2588=EDGE_CURVE('',#3438,#3439,#4232,.T.);
#2589=EDGE_CURVE('',#3440,#3438,#4233,.T.);
#2590=EDGE_CURVE('',#3440,#3441,#4234,.T.);
#2591=EDGE_CURVE('',#3441,#3439,#4235,.T.);
#2592=EDGE_CURVE('',#3442,#3294,#4236,.T.);
#2593=EDGE_CURVE('',#3443,#3442,#4237,.T.);
#2594=EDGE_CURVE('',#3299,#3443,#4238,.T.);
#2595=EDGE_CURVE('',#3444,#3301,#4239,.T.);
#2596=EDGE_CURVE('',#3445,#3444,#4240,.T.);
#2597=EDGE_CURVE('',#3303,#3445,#4241,.T.);
#2598=EDGE_CURVE('',#3446,#3305,#4242,.T.);
#2599=EDGE_CURVE('',#3447,#3446,#4243,.T.);
#2600=EDGE_CURVE('',#3307,#3447,#4244,.T.);
#2601=EDGE_CURVE('',#3448,#3309,#4245,.T.);
#2602=EDGE_CURVE('',#3449,#3448,#4246,.T.);
#2603=EDGE_CURVE('',#3311,#3449,#4247,.T.);
#2604=EDGE_CURVE('',#3450,#3313,#4248,.T.);
#2605=EDGE_CURVE('',#3451,#3450,#4249,.T.);
#2606=EDGE_CURVE('',#3315,#3451,#4250,.T.);
#2607=EDGE_CURVE('',#3452,#3317,#4251,.T.);
#2608=EDGE_CURVE('',#3453,#3452,#4252,.T.);
#2609=EDGE_CURVE('',#3439,#3453,#4253,.T.);
#2610=EDGE_CURVE('',#3441,#3454,#4254,.T.);
#2611=EDGE_CURVE('',#3454,#3455,#4255,.T.);
#2612=EDGE_CURVE('',#3296,#3455,#4256,.T.);
#2613=EDGE_CURVE('',#3319,#3456,#4257,.T.);
#2614=EDGE_CURVE('',#3455,#3321,#4258,.T.);
#2615=EDGE_CURVE('',#3454,#3457,#4259,.T.);
#2616=EDGE_CURVE('',#3457,#3458,#4260,.T.);
#2617=EDGE_CURVE('',#3459,#3458,#4261,.T.);
#2618=EDGE_CURVE('',#3460,#3459,#4262,.T.);
#2619=EDGE_CURVE('',#3340,#3460,#4263,.T.);
#2620=EDGE_CURVE('',#3461,#3338,#4264,.T.);
#2621=EDGE_CURVE('',#3462,#3461,#4265,.T.);
#2622=EDGE_CURVE('',#3336,#3462,#4266,.T.);
#2623=EDGE_CURVE('',#3463,#3334,#4267,.T.);
#2624=EDGE_CURVE('',#3464,#3463,#4268,.T.);
#2625=EDGE_CURVE('',#3332,#3464,#4269,.T.);
#2626=EDGE_CURVE('',#3465,#3330,#4270,.T.);
#2627=EDGE_CURVE('',#3466,#3465,#4271,.T.);
#2628=EDGE_CURVE('',#3328,#3466,#4272,.T.);
#2629=EDGE_CURVE('',#3467,#3326,#4273,.T.);
#2630=EDGE_CURVE('',#3468,#3467,#4274,.T.);
#2631=EDGE_CURVE('',#3324,#3468,#4275,.T.);
#2632=EDGE_CURVE('',#3469,#3322,#4276,.T.);
#2633=EDGE_CURVE('',#3456,#3469,#4277,.T.);
#2634=EDGE_CURVE('',#3458,#3470,#4278,.T.);
#2635=EDGE_CURVE('',#3457,#3471,#4279,.T.);
#2636=EDGE_CURVE('',#3471,#3470,#4280,.T.);
#2637=EDGE_CURVE('',#3470,#3472,#4281,.T.);
#2638=EDGE_CURVE('',#3473,#3471,#4282,.T.);
#2639=EDGE_CURVE('',#3473,#3472,#4283,.T.);
#2640=EDGE_CURVE('',#3472,#3474,#4284,.T.);
#2641=EDGE_CURVE('',#3473,#3475,#4285,.T.);
#2642=EDGE_CURVE('',#3475,#3474,#4286,.T.);
#2643=EDGE_CURVE('',#3474,#3476,#4287,.T.);
#2644=EDGE_CURVE('',#3477,#3475,#4288,.T.);
#2645=EDGE_CURVE('',#3477,#3476,#4289,.T.);
#2646=EDGE_CURVE('',#3476,#3478,#4290,.T.);
#2647=EDGE_CURVE('',#3477,#3479,#4291,.T.);
#2648=EDGE_CURVE('',#3479,#3478,#4292,.T.);
#2649=EDGE_CURVE('',#3480,#3481,#4293,.T.);
#2650=EDGE_CURVE('',#3481,#3453,#4294,.T.);
#2651=EDGE_CURVE('',#3412,#3452,#4295,.T.);
#2652=EDGE_CURVE('',#3410,#3451,#4296,.T.);
#2653=EDGE_CURVE('',#3408,#3450,#4297,.T.);
#2654=EDGE_CURVE('',#3406,#3449,#4298,.T.);
#2655=EDGE_CURVE('',#3404,#3448,#4299,.T.);
#2656=EDGE_CURVE('',#3402,#3447,#4300,.T.);
#2657=EDGE_CURVE('',#3400,#3446,#4301,.T.);
#2658=EDGE_CURVE('',#3398,#3445,#4302,.T.);
#2659=EDGE_CURVE('',#3396,#3444,#4303,.T.);
#2660=EDGE_CURVE('',#3394,#3443,#4304,.T.);
#2661=EDGE_CURVE('',#3391,#3442,#4305,.T.);
#2662=EDGE_CURVE('',#3379,#3393,#4306,.T.);
#2663=EDGE_CURVE('',#3456,#3378,#4307,.T.);
#2664=EDGE_CURVE('',#3469,#3380,#4308,.T.);
#2665=EDGE_CURVE('',#3468,#3381,#4309,.T.);
#2666=EDGE_CURVE('',#3467,#3382,#4310,.T.);
#2667=EDGE_CURVE('',#3466,#3383,#4311,.T.);
#2668=EDGE_CURVE('',#3465,#3384,#4312,.T.);
#2669=EDGE_CURVE('',#3464,#3385,#4313,.T.);
#2670=EDGE_CURVE('',#3463,#3386,#4314,.T.);
#2671=EDGE_CURVE('',#3462,#3387,#4315,.T.);
#2672=EDGE_CURVE('',#3461,#3388,#4316,.T.);
#2673=EDGE_CURVE('',#3460,#3389,#4317,.T.);
#2674=EDGE_CURVE('',#3459,#3478,#4318,.T.);
#2675=EDGE_CURVE('',#3479,#3480,#4319,.T.);
#2676=EDGE_CURVE('',#3481,#3482,#4320,.T.);
#2677=EDGE_CURVE('',#3480,#3483,#4321,.T.);
#2678=EDGE_CURVE('',#3483,#3482,#4322,.T.);
#2679=EDGE_CURVE('',#3482,#3484,#4323,.T.);
#2680=EDGE_CURVE('',#3485,#3483,#4324,.T.);
#2681=EDGE_CURVE('',#3485,#3484,#4325,.T.);
#2682=EDGE_CURVE('',#3484,#3486,#4326,.T.);
#2683=EDGE_CURVE('',#3485,#3487,#4327,.T.);
#2684=EDGE_CURVE('',#3487,#3486,#4328,.T.);
#2685=EDGE_CURVE('',#3486,#3438,#4329,.T.);
#2686=EDGE_CURVE('',#3440,#3487,#4330,.T.);
#2687=EDGE_CURVE('',#3471,#3477,#4331,.T.);
#2688=EDGE_CURVE('',#3483,#3440,#4332,.T.);
#2689=EDGE_CURVE('',#3320,#3366,#4333,.T.);
#2690=EDGE_CURVE('',#3392,#3297,#4334,.T.);
#2691=EDGE_CURVE('',#3413,#3316,#4335,.T.);
#2692=EDGE_CURVE('',#3482,#3438,#4336,.T.);
#2693=EDGE_CURVE('',#3409,#3312,#4337,.T.);
#2694=EDGE_CURVE('',#3411,#3314,#4338,.T.);
#2695=EDGE_CURVE('',#3405,#3308,#4339,.T.);
#2696=EDGE_CURVE('',#3407,#3310,#4340,.T.);
#2697=EDGE_CURVE('',#3401,#3304,#4341,.T.);
#2698=EDGE_CURVE('',#3403,#3306,#4342,.T.);
#2699=EDGE_CURVE('',#3397,#3300,#4343,.T.);
#2700=EDGE_CURVE('',#3399,#3302,#4344,.T.);
#2701=EDGE_CURVE('',#3390,#3295,#4345,.T.);
#2702=EDGE_CURVE('',#3395,#3298,#4346,.T.);
#2703=EDGE_CURVE('',#3470,#3476,#4347,.T.);
#2704=EDGE_CURVE('',#3341,#3377,#4348,.T.);
#2705=EDGE_CURVE('',#3339,#3376,#4349,.T.);
#2706=EDGE_CURVE('',#3337,#3375,#4350,.T.);
#2707=EDGE_CURVE('',#3335,#3374,#4351,.T.);
#2708=EDGE_CURVE('',#3333,#3373,#4352,.T.);
#2709=EDGE_CURVE('',#3331,#3372,#4353,.T.);
#2710=EDGE_CURVE('',#3329,#3371,#4354,.T.);
#2711=EDGE_CURVE('',#3327,#3370,#4355,.T.);
#2712=EDGE_CURVE('',#3325,#3369,#4356,.T.);
#2713=EDGE_CURVE('',#3318,#3367,#4357,.T.);
#2714=EDGE_CURVE('',#3323,#3368,#4358,.T.);
#2715=EDGE_CURVE('',#3488,#3489,#4359,.T.);
#2716=EDGE_CURVE('',#3490,#3488,#4360,.T.);
#2717=EDGE_CURVE('',#3490,#3491,#4361,.T.);
#2718=EDGE_CURVE('',#3491,#3489,#4362,.T.);
#2719=EDGE_CURVE('',#3492,#3493,#4363,.T.);
#2720=EDGE_CURVE('',#3492,#3494,#4364,.T.);
#2721=EDGE_CURVE('',#3495,#3494,#4365,.T.);
#2722=EDGE_CURVE('',#3493,#3495,#4366,.T.);
#2723=EDGE_CURVE('',#3496,#3497,#4367,.T.);
#2724=EDGE_CURVE('',#3496,#3498,#4368,.T.);
#2725=EDGE_CURVE('',#3499,#3498,#4369,.T.);
#2726=EDGE_CURVE('',#3497,#3499,#4370,.T.);
#2727=EDGE_CURVE('',#3500,#3501,#4371,.T.);
#2728=EDGE_CURVE('',#3500,#3502,#4372,.T.);
#2729=EDGE_CURVE('',#3503,#3502,#4373,.T.);
#2730=EDGE_CURVE('',#3501,#3503,#4374,.T.);
#2731=EDGE_CURVE('',#3504,#3505,#4375,.T.);
#2732=EDGE_CURVE('',#3504,#3506,#4376,.T.);
#2733=EDGE_CURVE('',#3507,#3506,#4377,.T.);
#2734=EDGE_CURVE('',#3505,#3507,#4378,.T.);
#2735=EDGE_CURVE('',#3508,#3509,#4379,.T.);
#2736=EDGE_CURVE('',#3508,#3510,#4380,.T.);
#2737=EDGE_CURVE('',#3511,#3510,#4381,.T.);
#2738=EDGE_CURVE('',#3509,#3511,#4382,.T.);
#2739=EDGE_CURVE('',#3489,#3512,#4383,.T.);
#2740=EDGE_CURVE('',#3491,#3513,#4384,.T.);
#2741=EDGE_CURVE('',#3513,#3512,#4385,.T.);
#2742=EDGE_CURVE('',#3514,#3492,#4386,.T.);
#2743=EDGE_CURVE('',#3514,#3515,#4387,.T.);
#2744=EDGE_CURVE('',#3494,#3515,#4388,.T.);
#2745=EDGE_CURVE('',#3516,#3496,#4389,.T.);
#2746=EDGE_CURVE('',#3516,#3517,#4390,.T.);
#2747=EDGE_CURVE('',#3498,#3517,#4391,.T.);
#2748=EDGE_CURVE('',#3518,#3500,#4392,.T.);
#2749=EDGE_CURVE('',#3518,#3519,#4393,.T.);
#2750=EDGE_CURVE('',#3502,#3519,#4394,.T.);
#2751=EDGE_CURVE('',#3520,#3504,#4395,.T.);
#2752=EDGE_CURVE('',#3520,#3521,#4396,.T.);
#2753=EDGE_CURVE('',#3506,#3521,#4397,.T.);
#2754=EDGE_CURVE('',#3522,#3508,#4398,.T.);
#2755=EDGE_CURVE('',#3522,#3523,#4399,.T.);
#2756=EDGE_CURVE('',#3510,#3523,#4400,.T.);
#2757=EDGE_CURVE('',#3512,#3524,#4401,.T.);
#2758=EDGE_CURVE('',#3513,#3525,#4402,.T.);
#2759=EDGE_CURVE('',#3525,#3524,#4403,.T.);
#2760=EDGE_CURVE('',#3526,#3514,#4404,.T.);
#2761=EDGE_CURVE('',#3526,#3527,#4405,.T.);
#2762=EDGE_CURVE('',#3515,#3527,#4406,.T.);
#2763=EDGE_CURVE('',#3528,#3516,#4407,.T.);
#2764=EDGE_CURVE('',#3528,#3529,#4408,.T.);
#2765=EDGE_CURVE('',#3517,#3529,#4409,.T.);
#2766=EDGE_CURVE('',#3530,#3518,#4410,.T.);
#2767=EDGE_CURVE('',#3530,#3531,#4411,.T.);
#2768=EDGE_CURVE('',#3519,#3531,#4412,.T.);
#2769=EDGE_CURVE('',#3532,#3520,#4413,.T.);
#2770=EDGE_CURVE('',#3532,#3533,#4414,.T.);
#2771=EDGE_CURVE('',#3521,#3533,#4415,.T.);
#2772=EDGE_CURVE('',#3534,#3522,#4416,.T.);
#2773=EDGE_CURVE('',#3534,#3535,#4417,.T.);
#2774=EDGE_CURVE('',#3523,#3535,#4418,.T.);
#2775=EDGE_CURVE('',#3524,#3536,#18,.F.);
#2776=EDGE_CURVE('',#3525,#3537,#19,.T.);
#2777=EDGE_CURVE('',#3537,#3536,#4419,.T.);
#2778=EDGE_CURVE('',#3538,#3526,#20,.F.);
#2779=EDGE_CURVE('',#3538,#3539,#4420,.T.);
#2780=EDGE_CURVE('',#3527,#3539,#21,.F.);
#2781=EDGE_CURVE('',#3540,#3528,#22,.F.);
#2782=EDGE_CURVE('',#3540,#3541,#4421,.T.);
#2783=EDGE_CURVE('',#3529,#3541,#23,.F.);
#2784=EDGE_CURVE('',#3542,#3530,#24,.F.);
#2785=EDGE_CURVE('',#3542,#3543,#4422,.T.);
#2786=EDGE_CURVE('',#3531,#3543,#25,.F.);
#2787=EDGE_CURVE('',#3544,#3532,#26,.F.);
#2788=EDGE_CURVE('',#3544,#3545,#4423,.T.);
#2789=EDGE_CURVE('',#3533,#3545,#27,.F.);
#2790=EDGE_CURVE('',#3546,#3534,#28,.F.);
#2791=EDGE_CURVE('',#3546,#3547,#4424,.T.);
#2792=EDGE_CURVE('',#3535,#3547,#29,.F.);
#2793=EDGE_CURVE('',#3536,#3548,#4425,.T.);
#2794=EDGE_CURVE('',#3537,#3549,#4426,.T.);
#2795=EDGE_CURVE('',#3549,#3548,#4427,.T.);
#2796=EDGE_CURVE('',#3550,#3538,#4428,.T.);
#2797=EDGE_CURVE('',#3550,#3551,#4429,.T.);
#2798=EDGE_CURVE('',#3539,#3551,#4430,.T.);
#2799=EDGE_CURVE('',#3552,#3540,#4431,.T.);
#2800=EDGE_CURVE('',#3552,#3553,#4432,.T.);
#2801=EDGE_CURVE('',#3541,#3553,#4433,.T.);
#2802=EDGE_CURVE('',#3554,#3542,#4434,.T.);
#2803=EDGE_CURVE('',#3554,#3555,#4435,.T.);
#2804=EDGE_CURVE('',#3543,#3555,#4436,.T.);
#2805=EDGE_CURVE('',#3556,#3544,#4437,.T.);
#2806=EDGE_CURVE('',#3556,#3557,#4438,.T.);
#2807=EDGE_CURVE('',#3545,#3557,#4439,.T.);
#2808=EDGE_CURVE('',#3558,#3546,#4440,.T.);
#2809=EDGE_CURVE('',#3558,#3559,#4441,.T.);
#2810=EDGE_CURVE('',#3547,#3559,#4442,.T.);
#2811=EDGE_CURVE('',#3560,#3561,#4443,.T.);
#2812=EDGE_CURVE('',#3562,#3560,#4444,.T.);
#2813=EDGE_CURVE('',#3562,#3563,#4445,.T.);
#2814=EDGE_CURVE('',#3563,#3561,#4446,.T.);
#2815=EDGE_CURVE('',#3564,#3565,#4447,.T.);
#2816=EDGE_CURVE('',#3564,#3566,#4448,.T.);
#2817=EDGE_CURVE('',#3567,#3566,#4449,.T.);
#2818=EDGE_CURVE('',#3565,#3567,#4450,.T.);
#2819=EDGE_CURVE('',#3568,#3569,#4451,.T.);
#2820=EDGE_CURVE('',#3568,#3570,#4452,.T.);
#2821=EDGE_CURVE('',#3571,#3570,#4453,.T.);
#2822=EDGE_CURVE('',#3569,#3571,#4454,.T.);
#2823=EDGE_CURVE('',#3572,#3573,#4455,.T.);
#2824=EDGE_CURVE('',#3572,#3574,#4456,.T.);
#2825=EDGE_CURVE('',#3575,#3574,#4457,.T.);
#2826=EDGE_CURVE('',#3573,#3575,#4458,.T.);
#2827=EDGE_CURVE('',#3576,#3577,#4459,.T.);
#2828=EDGE_CURVE('',#3576,#3578,#4460,.T.);
#2829=EDGE_CURVE('',#3579,#3578,#4461,.T.);
#2830=EDGE_CURVE('',#3577,#3579,#4462,.T.);
#2831=EDGE_CURVE('',#3580,#3581,#4463,.T.);
#2832=EDGE_CURVE('',#3580,#3582,#4464,.T.);
#2833=EDGE_CURVE('',#3583,#3582,#4465,.T.);
#2834=EDGE_CURVE('',#3581,#3583,#4466,.T.);
#2835=EDGE_CURVE('',#3561,#3584,#30,.F.);
#2836=EDGE_CURVE('',#3563,#3585,#31,.T.);
#2837=EDGE_CURVE('',#3585,#3584,#4467,.T.);
#2838=EDGE_CURVE('',#3586,#3564,#32,.F.);
#2839=EDGE_CURVE('',#3586,#3587,#4468,.T.);
#2840=EDGE_CURVE('',#3566,#3587,#33,.F.);
#2841=EDGE_CURVE('',#3588,#3568,#34,.F.);
#2842=EDGE_CURVE('',#3588,#3589,#4469,.T.);
#2843=EDGE_CURVE('',#3570,#3589,#35,.F.);
#2844=EDGE_CURVE('',#3590,#3572,#36,.F.);
#2845=EDGE_CURVE('',#3590,#3591,#4470,.T.);
#2846=EDGE_CURVE('',#3574,#3591,#37,.F.);
#2847=EDGE_CURVE('',#3592,#3576,#38,.F.);
#2848=EDGE_CURVE('',#3592,#3593,#4471,.T.);
#2849=EDGE_CURVE('',#3578,#3593,#39,.F.);
#2850=EDGE_CURVE('',#3594,#3580,#40,.F.);
#2851=EDGE_CURVE('',#3594,#3595,#4472,.T.);
#2852=EDGE_CURVE('',#3582,#3595,#41,.F.);
#2853=EDGE_CURVE('',#3584,#3596,#4473,.T.);
#2854=EDGE_CURVE('',#3585,#3597,#4474,.T.);
#2855=EDGE_CURVE('',#3597,#3596,#4475,.T.);
#2856=EDGE_CURVE('',#3598,#3586,#4476,.T.);
#2857=EDGE_CURVE('',#3598,#3599,#4477,.T.);
#2858=EDGE_CURVE('',#3587,#3599,#4478,.T.);
#2859=EDGE_CURVE('',#3600,#3588,#4479,.T.);
#2860=EDGE_CURVE('',#3600,#3601,#4480,.T.);
#2861=EDGE_CURVE('',#3589,#3601,#4481,.T.);
#2862=EDGE_CURVE('',#3602,#3590,#4482,.T.);
#2863=EDGE_CURVE('',#3602,#3603,#4483,.T.);
#2864=EDGE_CURVE('',#3591,#3603,#4484,.T.);
#2865=EDGE_CURVE('',#3604,#3592,#4485,.T.);
#2866=EDGE_CURVE('',#3604,#3605,#4486,.T.);
#2867=EDGE_CURVE('',#3593,#3605,#4487,.T.);
#2868=EDGE_CURVE('',#3606,#3594,#4488,.T.);
#2869=EDGE_CURVE('',#3606,#3607,#4489,.T.);
#2870=EDGE_CURVE('',#3595,#3607,#4490,.T.);
#2871=EDGE_CURVE('',#3596,#3608,#4491,.T.);
#2872=EDGE_CURVE('',#3597,#3609,#4492,.T.);
#2873=EDGE_CURVE('',#3609,#3608,#4493,.T.);
#2874=EDGE_CURVE('',#3610,#3598,#4494,.T.);
#2875=EDGE_CURVE('',#3610,#3611,#4495,.T.);
#2876=EDGE_CURVE('',#3599,#3611,#4496,.T.);
#2877=EDGE_CURVE('',#3612,#3600,#4497,.T.);
#2878=EDGE_CURVE('',#3612,#3613,#4498,.T.);
#2879=EDGE_CURVE('',#3601,#3613,#4499,.T.);
#2880=EDGE_CURVE('',#3614,#3602,#4500,.T.);
#2881=EDGE_CURVE('',#3614,#3615,#4501,.T.);
#2882=EDGE_CURVE('',#3603,#3615,#4502,.T.);
#2883=EDGE_CURVE('',#3616,#3604,#4503,.T.);
#2884=EDGE_CURVE('',#3616,#3617,#4504,.T.);
#2885=EDGE_CURVE('',#3605,#3617,#4505,.T.);
#2886=EDGE_CURVE('',#3618,#3606,#4506,.T.);
#2887=EDGE_CURVE('',#3618,#3619,#4507,.T.);
#2888=EDGE_CURVE('',#3607,#3619,#4508,.T.);
#2889=EDGE_CURVE('',#3608,#3620,#4509,.T.);
#2890=EDGE_CURVE('',#3609,#3621,#4510,.T.);
#2891=EDGE_CURVE('',#3621,#3620,#4511,.T.);
#2892=EDGE_CURVE('',#3622,#3610,#4512,.T.);
#2893=EDGE_CURVE('',#3622,#3623,#4513,.T.);
#2894=EDGE_CURVE('',#3611,#3623,#4514,.T.);
#2895=EDGE_CURVE('',#3624,#3612,#4515,.T.);
#2896=EDGE_CURVE('',#3624,#3625,#4516,.T.);
#2897=EDGE_CURVE('',#3613,#3625,#4517,.T.);
#2898=EDGE_CURVE('',#3626,#3614,#4518,.T.);
#2899=EDGE_CURVE('',#3626,#3627,#4519,.T.);
#2900=EDGE_CURVE('',#3615,#3627,#4520,.T.);
#2901=EDGE_CURVE('',#3628,#3616,#4521,.T.);
#2902=EDGE_CURVE('',#3628,#3629,#4522,.T.);
#2903=EDGE_CURVE('',#3617,#3629,#4523,.T.);
#2904=EDGE_CURVE('',#3630,#3618,#4524,.T.);
#2905=EDGE_CURVE('',#3630,#3631,#4525,.T.);
#2906=EDGE_CURVE('',#3619,#3631,#4526,.T.);
#2907=EDGE_CURVE('',#3632,#3633,#4527,.T.);
#2908=EDGE_CURVE('',#3632,#3634,#4528,.T.);
#2909=EDGE_CURVE('',#3635,#3634,#4529,.T.);
#2910=EDGE_CURVE('',#3633,#3635,#4530,.T.);
#2911=EDGE_CURVE('',#3636,#3632,#4531,.T.);
#2912=EDGE_CURVE('',#3636,#3637,#4532,.T.);
#2913=EDGE_CURVE('',#3634,#3637,#4533,.T.);
#2914=EDGE_CURVE('',#3638,#3636,#4534,.T.);
#2915=EDGE_CURVE('',#3638,#3639,#4535,.T.);
#2916=EDGE_CURVE('',#3637,#3639,#4536,.T.);
#2917=EDGE_CURVE('',#3640,#3638,#42,.F.);
#2918=EDGE_CURVE('',#3640,#3641,#4537,.T.);
#2919=EDGE_CURVE('',#3639,#3641,#43,.T.);
#2920=EDGE_CURVE('',#3642,#3640,#4538,.T.);
#2921=EDGE_CURVE('',#3642,#3643,#4539,.T.);
#2922=EDGE_CURVE('',#3641,#3643,#4540,.T.);
#2923=EDGE_CURVE('',#3642,#3644,#4541,.T.);
#2924=EDGE_CURVE('',#3644,#3645,#4542,.T.);
#2925=EDGE_CURVE('',#3559,#3645,#4543,.T.);
#2926=EDGE_CURVE('',#3558,#3646,#4544,.T.);
#2927=EDGE_CURVE('',#3646,#3647,#4545,.T.);
#2928=EDGE_CURVE('',#3557,#3647,#4546,.T.);
#2929=EDGE_CURVE('',#3556,#3648,#4547,.T.);
#2930=EDGE_CURVE('',#3648,#3649,#4548,.T.);
#2931=EDGE_CURVE('',#3555,#3649,#4549,.T.);
#2932=EDGE_CURVE('',#3554,#3650,#4550,.T.);
#2933=EDGE_CURVE('',#3650,#3651,#4551,.T.);
#2934=EDGE_CURVE('',#3553,#3651,#4552,.T.);
#2935=EDGE_CURVE('',#3552,#3652,#4553,.T.);
#2936=EDGE_CURVE('',#3652,#3653,#4554,.T.);
#2937=EDGE_CURVE('',#3551,#3653,#4555,.T.);
#2938=EDGE_CURVE('',#3550,#3654,#4556,.T.);
#2939=EDGE_CURVE('',#3654,#3655,#4557,.T.);
#2940=EDGE_CURVE('',#3548,#3655,#4558,.T.);
#2941=EDGE_CURVE('',#3549,#3562,#4559,.T.);
#2942=EDGE_CURVE('',#3656,#3560,#4560,.T.);
#2943=EDGE_CURVE('',#3656,#3657,#4561,.T.);
#2944=EDGE_CURVE('',#3657,#3565,#4562,.T.);
#2945=EDGE_CURVE('',#3658,#3567,#4563,.T.);
#2946=EDGE_CURVE('',#3658,#3659,#4564,.T.);
#2947=EDGE_CURVE('',#3659,#3569,#4565,.T.);
#2948=EDGE_CURVE('',#3660,#3571,#4566,.T.);
#2949=EDGE_CURVE('',#3660,#3661,#4567,.T.);
#2950=EDGE_CURVE('',#3661,#3573,#4568,.T.);
#2951=EDGE_CURVE('',#3662,#3575,#4569,.T.);
#2952=EDGE_CURVE('',#3662,#3663,#4570,.T.);
#2953=EDGE_CURVE('',#3663,#3577,#4571,.T.);
#2954=EDGE_CURVE('',#3664,#3579,#4572,.T.);
#2955=EDGE_CURVE('',#3664,#3665,#4573,.T.);
#2956=EDGE_CURVE('',#3665,#3581,#4574,.T.);
#2957=EDGE_CURVE('',#3666,#3583,#4575,.T.);
#2958=EDGE_CURVE('',#3666,#3667,#4576,.T.);
#2959=EDGE_CURVE('',#3667,#3668,#4577,.T.);
#2960=EDGE_CURVE('',#3668,#3669,#4578,.T.);
#2961=EDGE_CURVE('',#3643,#3669,#4579,.T.);
#2962=EDGE_CURVE('',#3670,#3668,#4580,.T.);
#2963=EDGE_CURVE('',#3670,#3671,#4581,.T.);
#2964=EDGE_CURVE('',#3669,#3671,#4582,.T.);
#2965=EDGE_CURVE('',#3672,#3670,#44,.F.);
#2966=EDGE_CURVE('',#3672,#3673,#4583,.T.);
#2967=EDGE_CURVE('',#3671,#3673,#45,.T.);
#2968=EDGE_CURVE('',#3674,#3672,#4584,.T.);
#2969=EDGE_CURVE('',#3674,#3675,#4585,.T.);
#2970=EDGE_CURVE('',#3673,#3675,#4586,.T.);
#2971=EDGE_CURVE('',#3676,#3674,#4587,.T.);
#2972=EDGE_CURVE('',#3676,#3677,#4588,.T.);
#2973=EDGE_CURVE('',#3675,#3677,#4589,.T.);
#2974=EDGE_CURVE('',#3678,#3676,#4590,.T.);
#2975=EDGE_CURVE('',#3678,#3679,#4591,.T.);
#2976=EDGE_CURVE('',#3677,#3679,#4592,.T.);
#2977=EDGE_CURVE('',#3620,#3656,#4593,.T.);
#2978=EDGE_CURVE('',#3621,#3680,#4594,.T.);
#2979=EDGE_CURVE('',#3680,#3681,#4595,.T.);
#2980=EDGE_CURVE('',#3679,#3681,#4596,.T.);
#2981=EDGE_CURVE('',#3667,#3678,#4597,.T.);
#2982=EDGE_CURVE('',#3631,#3666,#4598,.T.);
#2983=EDGE_CURVE('',#3665,#3630,#4599,.T.);
#2984=EDGE_CURVE('',#3629,#3664,#4600,.T.);
#2985=EDGE_CURVE('',#3663,#3628,#4601,.T.);
#2986=EDGE_CURVE('',#3627,#3662,#4602,.T.);
#2987=EDGE_CURVE('',#3661,#3626,#4603,.T.);
#2988=EDGE_CURVE('',#3625,#3660,#4604,.T.);
#2989=EDGE_CURVE('',#3659,#3624,#4605,.T.);
#2990=EDGE_CURVE('',#3623,#3658,#4606,.T.);
#2991=EDGE_CURVE('',#3657,#3622,#4607,.T.);
#2992=EDGE_CURVE('',#3655,#3488,#4608,.T.);
#2993=EDGE_CURVE('',#3493,#3654,#4609,.T.);
#2994=EDGE_CURVE('',#3653,#3495,#4610,.T.);
#2995=EDGE_CURVE('',#3497,#3652,#4611,.T.);
#2996=EDGE_CURVE('',#3651,#3499,#4612,.T.);
#2997=EDGE_CURVE('',#3501,#3650,#4613,.T.);
#2998=EDGE_CURVE('',#3649,#3503,#4614,.T.);
#2999=EDGE_CURVE('',#3505,#3648,#4615,.T.);
#3000=EDGE_CURVE('',#3647,#3507,#4616,.T.);
#3001=EDGE_CURVE('',#3509,#3646,#4617,.T.);
#3002=EDGE_CURVE('',#3645,#3511,#4618,.T.);
#3003=EDGE_CURVE('',#3633,#3644,#4619,.T.);
#3004=EDGE_CURVE('',#3681,#3635,#4620,.T.);
#3005=EDGE_CURVE('',#3680,#3490,#4621,.T.);
#3006=EDGE_CURVE('',#3682,#3683,#4622,.T.);
#3007=EDGE_CURVE('',#3684,#3683,#4623,.T.);
#3008=EDGE_CURVE('',#3685,#3684,#4624,.T.);
#3009=EDGE_CURVE('',#3685,#3682,#4625,.T.);
#3010=EDGE_CURVE('',#3686,#3687,#4626,.T.);
#3011=EDGE_CURVE('',#3688,#3686,#4627,.T.);
#3012=EDGE_CURVE('',#3689,#3688,#4628,.T.);
#3013=EDGE_CURVE('',#3690,#3689,#4629,.T.);
#3014=EDGE_CURVE('',#3691,#3690,#4630,.T.);
#3015=EDGE_CURVE('',#3687,#3691,#4631,.T.);
#3016=EDGE_CURVE('',#3692,#3682,#4632,.T.);
#3017=EDGE_CURVE('',#3693,#3685,#4633,.T.);
#3018=EDGE_CURVE('',#3693,#3692,#4634,.T.);
#3019=EDGE_CURVE('',#3683,#3694,#46,.T.);
#3020=EDGE_CURVE('',#3695,#3694,#4635,.T.);
#3021=EDGE_CURVE('',#3684,#3695,#47,.T.);
#3022=EDGE_CURVE('',#3694,#3696,#4636,.T.);
#3023=EDGE_CURVE('',#3697,#3696,#4637,.T.);
#3024=EDGE_CURVE('',#3695,#3697,#4638,.T.);
#3025=EDGE_CURVE('',#3696,#3698,#48,.T.);
#3026=EDGE_CURVE('',#3699,#3698,#4639,.T.);
#3027=EDGE_CURVE('',#3697,#3699,#49,.T.);
#3028=EDGE_CURVE('',#3698,#3700,#4640,.T.);
#3029=EDGE_CURVE('',#3701,#3700,#4641,.T.);
#3030=EDGE_CURVE('',#3699,#3701,#4642,.T.);
#3031=EDGE_CURVE('',#3700,#3702,#4643,.T.);
#3032=EDGE_CURVE('',#3703,#3702,#4644,.T.);
#3033=EDGE_CURVE('',#3701,#3703,#4645,.T.);
#3034=EDGE_CURVE('',#3702,#3704,#4646,.T.);
#3035=EDGE_CURVE('',#3705,#3704,#4647,.T.);
#3036=EDGE_CURVE('',#3703,#3705,#4648,.T.);
#3037=EDGE_CURVE('',#3704,#3706,#4649,.T.);
#3038=EDGE_CURVE('',#3707,#3706,#4650,.T.);
#3039=EDGE_CURVE('',#3705,#3707,#4651,.T.);
#3040=EDGE_CURVE('',#3706,#3708,#4652,.T.);
#3041=EDGE_CURVE('',#3709,#3708,#4653,.T.);
#3042=EDGE_CURVE('',#3707,#3709,#4654,.T.);
#3043=EDGE_CURVE('',#3708,#3710,#4655,.T.);
#3044=EDGE_CURVE('',#3711,#3710,#4656,.T.);
#3045=EDGE_CURVE('',#3709,#3711,#4657,.T.);
#3046=EDGE_CURVE('',#3710,#3712,#4658,.T.);
#3047=EDGE_CURVE('',#3713,#3712,#4659,.T.);
#3048=EDGE_CURVE('',#3711,#3713,#4660,.T.);
#3049=EDGE_CURVE('',#3712,#3714,#50,.T.);
#3050=EDGE_CURVE('',#3715,#3714,#4661,.T.);
#3051=EDGE_CURVE('',#3713,#3715,#51,.T.);
#3052=EDGE_CURVE('',#3714,#3716,#4662,.T.);
#3053=EDGE_CURVE('',#3717,#3716,#4663,.T.);
#3054=EDGE_CURVE('',#3715,#3717,#4664,.T.);
#3055=EDGE_CURVE('',#3716,#3718,#52,.T.);
#3056=EDGE_CURVE('',#3719,#3718,#4665,.T.);
#3057=EDGE_CURVE('',#3717,#3719,#53,.T.);
#3058=EDGE_CURVE('',#3718,#3720,#4666,.T.);
#3059=EDGE_CURVE('',#3721,#3720,#4667,.T.);
#3060=EDGE_CURVE('',#3719,#3721,#4668,.T.);
#3061=EDGE_CURVE('',#3720,#3722,#4669,.T.);
#3062=EDGE_CURVE('',#3723,#3722,#4670,.T.);
#3063=EDGE_CURVE('',#3721,#3723,#4671,.T.);
#3064=EDGE_CURVE('',#3722,#3724,#4672,.T.);
#3065=EDGE_CURVE('',#3725,#3724,#4673,.T.);
#3066=EDGE_CURVE('',#3723,#3725,#4674,.T.);
#3067=EDGE_CURVE('',#3724,#3726,#4675,.T.);
#3068=EDGE_CURVE('',#3727,#3726,#4676,.T.);
#3069=EDGE_CURVE('',#3725,#3727,#4677,.T.);
#3070=EDGE_CURVE('',#3726,#3728,#4678,.T.);
#3071=EDGE_CURVE('',#3729,#3728,#4679,.T.);
#3072=EDGE_CURVE('',#3727,#3729,#4680,.T.);
#3073=EDGE_CURVE('',#3728,#3730,#4681,.T.);
#3074=EDGE_CURVE('',#3731,#3730,#4682,.T.);
#3075=EDGE_CURVE('',#3729,#3731,#4683,.T.);
#3076=EDGE_CURVE('',#3730,#3732,#4684,.T.);
#3077=EDGE_CURVE('',#3733,#3732,#4685,.T.);
#3078=EDGE_CURVE('',#3731,#3733,#4686,.T.);
#3079=EDGE_CURVE('',#3732,#3734,#54,.T.);
#3080=EDGE_CURVE('',#3735,#3734,#4687,.T.);
#3081=EDGE_CURVE('',#3733,#3735,#55,.T.);
#3082=EDGE_CURVE('',#3734,#3736,#4688,.T.);
#3083=EDGE_CURVE('',#3737,#3736,#4689,.T.);
#3084=EDGE_CURVE('',#3735,#3737,#4690,.T.);
#3085=EDGE_CURVE('',#3736,#3738,#56,.T.);
#3086=EDGE_CURVE('',#3739,#3738,#4691,.T.);
#3087=EDGE_CURVE('',#3737,#3739,#57,.T.);
#3088=EDGE_CURVE('',#3738,#3692,#4692,.T.);
#3089=EDGE_CURVE('',#3739,#3693,#4693,.T.);
#3090=EDGE_CURVE('',#3740,#3687,#4694,.T.);
#3091=EDGE_CURVE('',#3741,#3740,#4695,.T.);
#3092=EDGE_CURVE('',#3741,#3686,#4696,.T.);
#3093=EDGE_CURVE('',#3742,#3691,#4697,.T.);
#3094=EDGE_CURVE('',#3740,#3742,#4698,.T.);
#3095=EDGE_CURVE('',#3743,#3690,#4699,.T.);
#3096=EDGE_CURVE('',#3742,#3743,#4700,.T.);
#3097=EDGE_CURVE('',#3744,#3689,#4701,.T.);
#3098=EDGE_CURVE('',#3743,#3744,#4702,.T.);
#3099=EDGE_CURVE('',#3745,#3688,#4703,.T.);
#3100=EDGE_CURVE('',#3744,#3745,#4704,.T.);
#3101=EDGE_CURVE('',#3745,#3741,#4705,.T.);
#3102=VERTEX_POINT('',#9408);
#3103=VERTEX_POINT('',#9409);
#3104=VERTEX_POINT('',#9411);
#3105=VERTEX_POINT('',#9413);
#3106=VERTEX_POINT('',#9415);
#3107=VERTEX_POINT('',#9417);
#3108=VERTEX_POINT('',#9419);
#3109=VERTEX_POINT('',#9421);
#3110=VERTEX_POINT('',#9423);
#3111=VERTEX_POINT('',#9425);
#3112=VERTEX_POINT('',#9429);
#3113=VERTEX_POINT('',#9430);
#3114=VERTEX_POINT('',#9432);
#3115=VERTEX_POINT('',#9434);
#3116=VERTEX_POINT('',#9436);
#3117=VERTEX_POINT('',#9440);
#3118=VERTEX_POINT('',#9441);
#3119=VERTEX_POINT('',#9443);
#3120=VERTEX_POINT('',#9445);
#3121=VERTEX_POINT('',#9447);
#3122=VERTEX_POINT('',#9457);
#3123=VERTEX_POINT('',#9458);
#3124=VERTEX_POINT('',#9460);
#3125=VERTEX_POINT('',#9462);
#3126=VERTEX_POINT('',#9466);
#3127=VERTEX_POINT('',#9467);
#3128=VERTEX_POINT('',#9470);
#3129=VERTEX_POINT('',#9474);
#3130=VERTEX_POINT('',#9475);
#3131=VERTEX_POINT('',#9477);
#3132=VERTEX_POINT('',#9479);
#3133=VERTEX_POINT('',#9483);
#3134=VERTEX_POINT('',#9484);
#3135=VERTEX_POINT('',#9486);
#3136=VERTEX_POINT('',#9488);
#3137=VERTEX_POINT('',#9492);
#3138=VERTEX_POINT('',#9493);
#3139=VERTEX_POINT('',#9495);
#3140=VERTEX_POINT('',#9497);
#3141=VERTEX_POINT('',#9501);
#3142=VERTEX_POINT('',#9502);
#3143=VERTEX_POINT('',#9504);
#3144=VERTEX_POINT('',#9506);
#3145=VERTEX_POINT('',#9510);
#3146=VERTEX_POINT('',#9511);
#3147=VERTEX_POINT('',#9513);
#3148=VERTEX_POINT('',#9515);
#3149=VERTEX_POINT('',#9519);
#3150=VERTEX_POINT('',#9521);
#3151=VERTEX_POINT('',#9525);
#3152=VERTEX_POINT('',#9527);
#3153=VERTEX_POINT('',#9531);
#3154=VERTEX_POINT('',#9532);
#3155=VERTEX_POINT('',#9534);
#3156=VERTEX_POINT('',#9536);
#3157=VERTEX_POINT('',#9540);
#3158=VERTEX_POINT('',#9542);
#3159=VERTEX_POINT('',#9546);
#3160=VERTEX_POINT('',#9548);
#3161=VERTEX_POINT('',#9552);
#3162=VERTEX_POINT('',#9553);
#3163=VERTEX_POINT('',#9555);
#3164=VERTEX_POINT('',#9557);
#3165=VERTEX_POINT('',#9561);
#3166=VERTEX_POINT('',#9563);
#3167=VERTEX_POINT('',#9567);
#3168=VERTEX_POINT('',#9569);
#3169=VERTEX_POINT('',#9573);
#3170=VERTEX_POINT('',#9574);
#3171=VERTEX_POINT('',#9576);
#3172=VERTEX_POINT('',#9578);
#3173=VERTEX_POINT('',#9582);
#3174=VERTEX_POINT('',#9584);
#3175=VERTEX_POINT('',#9588);
#3176=VERTEX_POINT('',#9590);
#3177=VERTEX_POINT('',#9594);
#3178=VERTEX_POINT('',#9595);
#3179=VERTEX_POINT('',#9597);
#3180=VERTEX_POINT('',#9599);
#3181=VERTEX_POINT('',#9603);
#3182=VERTEX_POINT('',#9605);
#3183=VERTEX_POINT('',#9609);
#3184=VERTEX_POINT('',#9611);
#3185=VERTEX_POINT('',#9615);
#3186=VERTEX_POINT('',#9616);
#3187=VERTEX_POINT('',#9618);
#3188=VERTEX_POINT('',#9620);
#3189=VERTEX_POINT('',#9624);
#3190=VERTEX_POINT('',#9626);
#3191=VERTEX_POINT('',#9630);
#3192=VERTEX_POINT('',#9632);
#3193=VERTEX_POINT('',#9636);
#3194=VERTEX_POINT('',#9637);
#3195=VERTEX_POINT('',#9639);
#3196=VERTEX_POINT('',#9641);
#3197=VERTEX_POINT('',#9645);
#3198=VERTEX_POINT('',#9646);
#3199=VERTEX_POINT('',#9648);
#3200=VERTEX_POINT('',#9650);
#3201=VERTEX_POINT('',#9672);
#3202=VERTEX_POINT('',#9673);
#3203=VERTEX_POINT('',#9675);
#3204=VERTEX_POINT('',#9677);
#3205=VERTEX_POINT('',#9681);
#3206=VERTEX_POINT('',#9682);
#3207=VERTEX_POINT('',#9684);
#3208=VERTEX_POINT('',#9686);
#3209=VERTEX_POINT('',#9690);
#3210=VERTEX_POINT('',#9691);
#3211=VERTEX_POINT('',#9695);
#3212=VERTEX_POINT('',#9697);
#3213=VERTEX_POINT('',#9703);
#3214=VERTEX_POINT('',#9705);
#3215=VERTEX_POINT('',#9707);
#3216=VERTEX_POINT('',#9711);
#3217=VERTEX_POINT('',#9713);
#3218=VERTEX_POINT('',#9715);
#3219=VERTEX_POINT('',#9717);
#3220=VERTEX_POINT('',#9720);
#3221=VERTEX_POINT('',#9722);
#3222=VERTEX_POINT('',#9727);
#3223=VERTEX_POINT('',#9728);
#3224=VERTEX_POINT('',#9730);
#3225=VERTEX_POINT('',#9732);
#3226=VERTEX_POINT('',#9736);
#3227=VERTEX_POINT('',#9738);
#3228=VERTEX_POINT('',#9742);
#3229=VERTEX_POINT('',#9744);
#3230=VERTEX_POINT('',#9748);
#3231=VERTEX_POINT('',#9749);
#3232=VERTEX_POINT('',#9751);
#3233=VERTEX_POINT('',#9753);
#3234=VERTEX_POINT('',#9757);
#3235=VERTEX_POINT('',#9759);
#3236=VERTEX_POINT('',#9763);
#3237=VERTEX_POINT('',#9765);
#3238=VERTEX_POINT('',#9769);
#3239=VERTEX_POINT('',#9770);
#3240=VERTEX_POINT('',#9772);
#3241=VERTEX_POINT('',#9774);
#3242=VERTEX_POINT('',#9779);
#3243=VERTEX_POINT('',#9781);
#3244=VERTEX_POINT('',#9785);
#3245=VERTEX_POINT('',#9786);
#3246=VERTEX_POINT('',#9788);
#3247=VERTEX_POINT('',#9790);
#3248=VERTEX_POINT('',#9795);
#3249=VERTEX_POINT('',#9797);
#3250=VERTEX_POINT('',#9801);
#3251=VERTEX_POINT('',#9802);
#3252=VERTEX_POINT('',#9804);
#3253=VERTEX_POINT('',#9806);
#3254=VERTEX_POINT('',#9810);
#3255=VERTEX_POINT('',#9811);
#3256=VERTEX_POINT('',#9817);
#3257=VERTEX_POINT('',#9818);
#3258=VERTEX_POINT('',#9820);
#3259=VERTEX_POINT('',#9822);
#3260=VERTEX_POINT('',#9826);
#3261=VERTEX_POINT('',#9827);
#3262=VERTEX_POINT('',#9833);
#3263=VERTEX_POINT('',#9834);
#3264=VERTEX_POINT('',#9836);
#3265=VERTEX_POINT('',#9838);
#3266=VERTEX_POINT('',#9842);
#3267=VERTEX_POINT('',#9844);
#3268=VERTEX_POINT('',#9848);
#3269=VERTEX_POINT('',#9850);
#3270=VERTEX_POINT('',#9854);
#3271=VERTEX_POINT('',#9855);
#3272=VERTEX_POINT('',#9857);
#3273=VERTEX_POINT('',#9859);
#3274=VERTEX_POINT('',#9863);
#3275=VERTEX_POINT('',#9865);
#3276=VERTEX_POINT('',#9869);
#3277=VERTEX_POINT('',#9871);
#3278=VERTEX_POINT('',#9881);
#3279=VERTEX_POINT('',#9882);
#3280=VERTEX_POINT('',#9888);
#3281=VERTEX_POINT('',#9889);
#3282=VERTEX_POINT('',#9895);
#3283=VERTEX_POINT('',#9896);
#3284=VERTEX_POINT('',#9902);
#3285=VERTEX_POINT('',#9903);
#3286=VERTEX_POINT('',#9915);
#3287=VERTEX_POINT('',#9917);
#3288=VERTEX_POINT('',#9931);
#3289=VERTEX_POINT('',#9933);
#3290=VERTEX_POINT('',#9974);
#3291=VERTEX_POINT('',#9976);
#3292=VERTEX_POINT('',#9980);
#3293=VERTEX_POINT('',#9982);
#3294=VERTEX_POINT('',#10001);
#3295=VERTEX_POINT('',#10002);
#3296=VERTEX_POINT('',#10004);
#3297=VERTEX_POINT('',#10006);
#3298=VERTEX_POINT('',#10010);
#3299=VERTEX_POINT('',#10011);
#3300=VERTEX_POINT('',#10013);
#3301=VERTEX_POINT('',#10015);
#3302=VERTEX_POINT('',#10019);
#3303=VERTEX_POINT('',#10020);
#3304=VERTEX_POINT('',#10022);
#3305=VERTEX_POINT('',#10024);
#3306=VERTEX_POINT('',#10028);
#3307=VERTEX_POINT('',#10029);
#3308=VERTEX_POINT('',#10031);
#3309=VERTEX_POINT('',#10033);
#3310=VERTEX_POINT('',#10037);
#3311=VERTEX_POINT('',#10038);
#3312=VERTEX_POINT('',#10040);
#3313=VERTEX_POINT('',#10042);
#3314=VERTEX_POINT('',#10046);
#3315=VERTEX_POINT('',#10047);
#3316=VERTEX_POINT('',#10049);
#3317=VERTEX_POINT('',#10051);
#3318=VERTEX_POINT('',#10055);
#3319=VERTEX_POINT('',#10056);
#3320=VERTEX_POINT('',#10058);
#3321=VERTEX_POINT('',#10060);
#3322=VERTEX_POINT('',#10064);
#3323=VERTEX_POINT('',#10065);
#3324=VERTEX_POINT('',#10067);
#3325=VERTEX_POINT('',#10069);
#3326=VERTEX_POINT('',#10073);
#3327=VERTEX_POINT('',#10074);
#3328=VERTEX_POINT('',#10076);
#3329=VERTEX_POINT('',#10078);
#3330=VERTEX_POINT('',#10082);
#3331=VERTEX_POINT('',#10083);
#3332=VERTEX_POINT('',#10085);
#3333=VERTEX_POINT('',#10087);
#3334=VERTEX_POINT('',#10091);
#3335=VERTEX_POINT('',#10092);
#3336=VERTEX_POINT('',#10094);
#3337=VERTEX_POINT('',#10096);
#3338=VERTEX_POINT('',#10100);
#3339=VERTEX_POINT('',#10101);
#3340=VERTEX_POINT('',#10103);
#3341=VERTEX_POINT('',#10105);
#3342=VERTEX_POINT('',#10109);
#3343=VERTEX_POINT('',#10111);
#3344=VERTEX_POINT('',#10115);
#3345=VERTEX_POINT('',#10117);
#3346=VERTEX_POINT('',#10121);
#3347=VERTEX_POINT('',#10123);
#3348=VERTEX_POINT('',#10127);
#3349=VERTEX_POINT('',#10129);
#3350=VERTEX_POINT('',#10133);
#3351=VERTEX_POINT('',#10135);
#3352=VERTEX_POINT('',#10139);
#3353=VERTEX_POINT('',#10141);
#3354=VERTEX_POINT('',#10145);
#3355=VERTEX_POINT('',#10147);
#3356=VERTEX_POINT('',#10151);
#3357=VERTEX_POINT('',#10153);
#3358=VERTEX_POINT('',#10157);
#3359=VERTEX_POINT('',#10159);
#3360=VERTEX_POINT('',#10163);
#3361=VERTEX_POINT('',#10165);
#3362=VERTEX_POINT('',#10169);
#3363=VERTEX_POINT('',#10171);
#3364=VERTEX_POINT('',#10175);
#3365=VERTEX_POINT('',#10177);
#3366=VERTEX_POINT('',#10181);
#3367=VERTEX_POINT('',#10183);
#3368=VERTEX_POINT('',#10187);
#3369=VERTEX_POINT('',#10189);
#3370=VERTEX_POINT('',#10193);
#3371=VERTEX_POINT('',#10195);
#3372=VERTEX_POINT('',#10199);
#3373=VERTEX_POINT('',#10201);
#3374=VERTEX_POINT('',#10205);
#3375=VERTEX_POINT('',#10207);
#3376=VERTEX_POINT('',#10211);
#3377=VERTEX_POINT('',#10213);
#3378=VERTEX_POINT('',#10217);
#3379=VERTEX_POINT('',#10219);
#3380=VERTEX_POINT('',#10223);
#3381=VERTEX_POINT('',#10225);
#3382=VERTEX_POINT('',#10229);
#3383=VERTEX_POINT('',#10231);
#3384=VERTEX_POINT('',#10235);
#3385=VERTEX_POINT('',#10237);
#3386=VERTEX_POINT('',#10241);
#3387=VERTEX_POINT('',#10243);
#3388=VERTEX_POINT('',#10247);
#3389=VERTEX_POINT('',#10249);
#3390=VERTEX_POINT('',#10253);
#3391=VERTEX_POINT('',#10254);
#3392=VERTEX_POINT('',#10256);
#3393=VERTEX_POINT('',#10258);
#3394=VERTEX_POINT('',#10262);
#3395=VERTEX_POINT('',#10263);
#3396=VERTEX_POINT('',#10265);
#3397=VERTEX_POINT('',#10267);
#3398=VERTEX_POINT('',#10271);
#3399=VERTEX_POINT('',#10272);
#3400=VERTEX_POINT('',#10274);
#3401=VERTEX_POINT('',#10276);
#3402=VERTEX_POINT('',#10280);
#3403=VERTEX_POINT('',#10281);
#3404=VERTEX_POINT('',#10283);
#3405=VERTEX_POINT('',#10285);
#3406=VERTEX_POINT('',#10289);
#3407=VERTEX_POINT('',#10290);
#3408=VERTEX_POINT('',#10292);
#3409=VERTEX_POINT('',#10294);
#3410=VERTEX_POINT('',#10298);
#3411=VERTEX_POINT('',#10299);
#3412=VERTEX_POINT('',#10301);
#3413=VERTEX_POINT('',#10303);
#3414=VERTEX_POINT('',#10307);
#3415=VERTEX_POINT('',#10309);
#3416=VERTEX_POINT('',#10313);
#3417=VERTEX_POINT('',#10315);
#3418=VERTEX_POINT('',#10319);
#3419=VERTEX_POINT('',#10321);
#3420=VERTEX_POINT('',#10325);
#3421=VERTEX_POINT('',#10327);
#3422=VERTEX_POINT('',#10331);
#3423=VERTEX_POINT('',#10333);
#3424=VERTEX_POINT('',#10337);
#3425=VERTEX_POINT('',#10339);
#3426=VERTEX_POINT('',#10343);
#3427=VERTEX_POINT('',#10345);
#3428=VERTEX_POINT('',#10349);
#3429=VERTEX_POINT('',#10351);
#3430=VERTEX_POINT('',#10355);
#3431=VERTEX_POINT('',#10357);
#3432=VERTEX_POINT('',#10361);
#3433=VERTEX_POINT('',#10363);
#3434=VERTEX_POINT('',#10367);
#3435=VERTEX_POINT('',#10369);
#3436=VERTEX_POINT('',#10373);
#3437=VERTEX_POINT('',#10375);
#3438=VERTEX_POINT('',#10397);
#3439=VERTEX_POINT('',#10398);
#3440=VERTEX_POINT('',#10400);
#3441=VERTEX_POINT('',#10402);
#3442=VERTEX_POINT('',#10406);
#3443=VERTEX_POINT('',#10408);
#3444=VERTEX_POINT('',#10411);
#3445=VERTEX_POINT('',#10413);
#3446=VERTEX_POINT('',#10416);
#3447=VERTEX_POINT('',#10418);
#3448=VERTEX_POINT('',#10421);
#3449=VERTEX_POINT('',#10423);
#3450=VERTEX_POINT('',#10426);
#3451=VERTEX_POINT('',#10428);
#3452=VERTEX_POINT('',#10431);
#3453=VERTEX_POINT('',#10433);
#3454=VERTEX_POINT('',#10436);
#3455=VERTEX_POINT('',#10438);
#3456=VERTEX_POINT('',#10442);
#3457=VERTEX_POINT('',#10445);
#3458=VERTEX_POINT('',#10447);
#3459=VERTEX_POINT('',#10449);
#3460=VERTEX_POINT('',#10451);
#3461=VERTEX_POINT('',#10454);
#3462=VERTEX_POINT('',#10456);
#3463=VERTEX_POINT('',#10459);
#3464=VERTEX_POINT('',#10461);
#3465=VERTEX_POINT('',#10464);
#3466=VERTEX_POINT('',#10466);
#3467=VERTEX_POINT('',#10469);
#3468=VERTEX_POINT('',#10471);
#3469=VERTEX_POINT('',#10474);
#3470=VERTEX_POINT('',#10478);
#3471=VERTEX_POINT('',#10480);
#3472=VERTEX_POINT('',#10484);
#3473=VERTEX_POINT('',#10486);
#3474=VERTEX_POINT('',#10490);
#3475=VERTEX_POINT('',#10492);
#3476=VERTEX_POINT('',#10496);
#3477=VERTEX_POINT('',#10498);
#3478=VERTEX_POINT('',#10502);
#3479=VERTEX_POINT('',#10504);
#3480=VERTEX_POINT('',#10508);
#3481=VERTEX_POINT('',#10509);
#3482=VERTEX_POINT('',#10538);
#3483=VERTEX_POINT('',#10540);
#3484=VERTEX_POINT('',#10544);
#3485=VERTEX_POINT('',#10546);
#3486=VERTEX_POINT('',#10550);
#3487=VERTEX_POINT('',#10552);
#3488=VERTEX_POINT('',#10642);
#3489=VERTEX_POINT('',#10643);
#3490=VERTEX_POINT('',#10645);
#3491=VERTEX_POINT('',#10647);
#3492=VERTEX_POINT('',#10651);
#3493=VERTEX_POINT('',#10652);
#3494=VERTEX_POINT('',#10654);
#3495=VERTEX_POINT('',#10656);
#3496=VERTEX_POINT('',#10660);
#3497=VERTEX_POINT('',#10661);
#3498=VERTEX_POINT('',#10663);
#3499=VERTEX_POINT('',#10665);
#3500=VERTEX_POINT('',#10669);
#3501=VERTEX_POINT('',#10670);
#3502=VERTEX_POINT('',#10672);
#3503=VERTEX_POINT('',#10674);
#3504=VERTEX_POINT('',#10678);
#3505=VERTEX_POINT('',#10679);
#3506=VERTEX_POINT('',#10681);
#3507=VERTEX_POINT('',#10683);
#3508=VERTEX_POINT('',#10687);
#3509=VERTEX_POINT('',#10688);
#3510=VERTEX_POINT('',#10690);
#3511=VERTEX_POINT('',#10692);
#3512=VERTEX_POINT('',#10696);
#3513=VERTEX_POINT('',#10698);
#3514=VERTEX_POINT('',#10702);
#3515=VERTEX_POINT('',#10704);
#3516=VERTEX_POINT('',#10708);
#3517=VERTEX_POINT('',#10710);
#3518=VERTEX_POINT('',#10714);
#3519=VERTEX_POINT('',#10716);
#3520=VERTEX_POINT('',#10720);
#3521=VERTEX_POINT('',#10722);
#3522=VERTEX_POINT('',#10726);
#3523=VERTEX_POINT('',#10728);
#3524=VERTEX_POINT('',#10732);
#3525=VERTEX_POINT('',#10734);
#3526=VERTEX_POINT('',#10738);
#3527=VERTEX_POINT('',#10740);
#3528=VERTEX_POINT('',#10744);
#3529=VERTEX_POINT('',#10746);
#3530=VERTEX_POINT('',#10750);
#3531=VERTEX_POINT('',#10752);
#3532=VERTEX_POINT('',#10756);
#3533=VERTEX_POINT('',#10758);
#3534=VERTEX_POINT('',#10762);
#3535=VERTEX_POINT('',#10764);
#3536=VERTEX_POINT('',#10768);
#3537=VERTEX_POINT('',#10770);
#3538=VERTEX_POINT('',#10774);
#3539=VERTEX_POINT('',#10776);
#3540=VERTEX_POINT('',#10780);
#3541=VERTEX_POINT('',#10782);
#3542=VERTEX_POINT('',#10786);
#3543=VERTEX_POINT('',#10788);
#3544=VERTEX_POINT('',#10792);
#3545=VERTEX_POINT('',#10794);
#3546=VERTEX_POINT('',#10798);
#3547=VERTEX_POINT('',#10800);
#3548=VERTEX_POINT('',#10804);
#3549=VERTEX_POINT('',#10806);
#3550=VERTEX_POINT('',#10810);
#3551=VERTEX_POINT('',#10812);
#3552=VERTEX_POINT('',#10816);
#3553=VERTEX_POINT('',#10818);
#3554=VERTEX_POINT('',#10822);
#3555=VERTEX_POINT('',#10824);
#3556=VERTEX_POINT('',#10828);
#3557=VERTEX_POINT('',#10830);
#3558=VERTEX_POINT('',#10834);
#3559=VERTEX_POINT('',#10836);
#3560=VERTEX_POINT('',#10840);
#3561=VERTEX_POINT('',#10841);
#3562=VERTEX_POINT('',#10843);
#3563=VERTEX_POINT('',#10845);
#3564=VERTEX_POINT('',#10849);
#3565=VERTEX_POINT('',#10850);
#3566=VERTEX_POINT('',#10852);
#3567=VERTEX_POINT('',#10854);
#3568=VERTEX_POINT('',#10858);
#3569=VERTEX_POINT('',#10859);
#3570=VERTEX_POINT('',#10861);
#3571=VERTEX_POINT('',#10863);
#3572=VERTEX_POINT('',#10867);
#3573=VERTEX_POINT('',#10868);
#3574=VERTEX_POINT('',#10870);
#3575=VERTEX_POINT('',#10872);
#3576=VERTEX_POINT('',#10876);
#3577=VERTEX_POINT('',#10877);
#3578=VERTEX_POINT('',#10879);
#3579=VERTEX_POINT('',#10881);
#3580=VERTEX_POINT('',#10885);
#3581=VERTEX_POINT('',#10886);
#3582=VERTEX_POINT('',#10888);
#3583=VERTEX_POINT('',#10890);
#3584=VERTEX_POINT('',#10894);
#3585=VERTEX_POINT('',#10896);
#3586=VERTEX_POINT('',#10900);
#3587=VERTEX_POINT('',#10902);
#3588=VERTEX_POINT('',#10906);
#3589=VERTEX_POINT('',#10908);
#3590=VERTEX_POINT('',#10912);
#3591=VERTEX_POINT('',#10914);
#3592=VERTEX_POINT('',#10918);
#3593=VERTEX_POINT('',#10920);
#3594=VERTEX_POINT('',#10924);
#3595=VERTEX_POINT('',#10926);
#3596=VERTEX_POINT('',#10930);
#3597=VERTEX_POINT('',#10932);
#3598=VERTEX_POINT('',#10936);
#3599=VERTEX_POINT('',#10938);
#3600=VERTEX_POINT('',#10942);
#3601=VERTEX_POINT('',#10944);
#3602=VERTEX_POINT('',#10948);
#3603=VERTEX_POINT('',#10950);
#3604=VERTEX_POINT('',#10954);
#3605=VERTEX_POINT('',#10956);
#3606=VERTEX_POINT('',#10960);
#3607=VERTEX_POINT('',#10962);
#3608=VERTEX_POINT('',#10966);
#3609=VERTEX_POINT('',#10968);
#3610=VERTEX_POINT('',#10972);
#3611=VERTEX_POINT('',#10974);
#3612=VERTEX_POINT('',#10978);
#3613=VERTEX_POINT('',#10980);
#3614=VERTEX_POINT('',#10984);
#3615=VERTEX_POINT('',#10986);
#3616=VERTEX_POINT('',#10990);
#3617=VERTEX_POINT('',#10992);
#3618=VERTEX_POINT('',#10996);
#3619=VERTEX_POINT('',#10998);
#3620=VERTEX_POINT('',#11002);
#3621=VERTEX_POINT('',#11004);
#3622=VERTEX_POINT('',#11008);
#3623=VERTEX_POINT('',#11010);
#3624=VERTEX_POINT('',#11014);
#3625=VERTEX_POINT('',#11016);
#3626=VERTEX_POINT('',#11020);
#3627=VERTEX_POINT('',#11022);
#3628=VERTEX_POINT('',#11026);
#3629=VERTEX_POINT('',#11028);
#3630=VERTEX_POINT('',#11032);
#3631=VERTEX_POINT('',#11034);
#3632=VERTEX_POINT('',#11038);
#3633=VERTEX_POINT('',#11039);
#3634=VERTEX_POINT('',#11041);
#3635=VERTEX_POINT('',#11043);
#3636=VERTEX_POINT('',#11047);
#3637=VERTEX_POINT('',#11049);
#3638=VERTEX_POINT('',#11053);
#3639=VERTEX_POINT('',#11055);
#3640=VERTEX_POINT('',#11059);
#3641=VERTEX_POINT('',#11061);
#3642=VERTEX_POINT('',#11065);
#3643=VERTEX_POINT('',#11067);
#3644=VERTEX_POINT('',#11071);
#3645=VERTEX_POINT('',#11073);
#3646=VERTEX_POINT('',#11076);
#3647=VERTEX_POINT('',#11078);
#3648=VERTEX_POINT('',#11081);
#3649=VERTEX_POINT('',#11083);
#3650=VERTEX_POINT('',#11086);
#3651=VERTEX_POINT('',#11088);
#3652=VERTEX_POINT('',#11091);
#3653=VERTEX_POINT('',#11093);
#3654=VERTEX_POINT('',#11096);
#3655=VERTEX_POINT('',#11098);
#3656=VERTEX_POINT('',#11102);
#3657=VERTEX_POINT('',#11104);
#3658=VERTEX_POINT('',#11107);
#3659=VERTEX_POINT('',#11109);
#3660=VERTEX_POINT('',#11112);
#3661=VERTEX_POINT('',#11114);
#3662=VERTEX_POINT('',#11117);
#3663=VERTEX_POINT('',#11119);
#3664=VERTEX_POINT('',#11122);
#3665=VERTEX_POINT('',#11124);
#3666=VERTEX_POINT('',#11127);
#3667=VERTEX_POINT('',#11129);
#3668=VERTEX_POINT('',#11131);
#3669=VERTEX_POINT('',#11133);
#3670=VERTEX_POINT('',#11137);
#3671=VERTEX_POINT('',#11139);
#3672=VERTEX_POINT('',#11143);
#3673=VERTEX_POINT('',#11145);
#3674=VERTEX_POINT('',#11149);
#3675=VERTEX_POINT('',#11151);
#3676=VERTEX_POINT('',#11155);
#3677=VERTEX_POINT('',#11157);
#3678=VERTEX_POINT('',#11161);
#3679=VERTEX_POINT('',#11163);
#3680=VERTEX_POINT('',#11168);
#3681=VERTEX_POINT('',#11170);
#3682=VERTEX_POINT('',#11227);
#3683=VERTEX_POINT('',#11228);
#3684=VERTEX_POINT('',#11230);
#3685=VERTEX_POINT('',#11232);
#3686=VERTEX_POINT('',#11235);
#3687=VERTEX_POINT('',#11236);
#3688=VERTEX_POINT('',#11238);
#3689=VERTEX_POINT('',#11240);
#3690=VERTEX_POINT('',#11242);
#3691=VERTEX_POINT('',#11244);
#3692=VERTEX_POINT('',#11248);
#3693=VERTEX_POINT('',#11250);
#3694=VERTEX_POINT('',#11254);
#3695=VERTEX_POINT('',#11256);
#3696=VERTEX_POINT('',#11260);
#3697=VERTEX_POINT('',#11262);
#3698=VERTEX_POINT('',#11266);
#3699=VERTEX_POINT('',#11268);
#3700=VERTEX_POINT('',#11272);
#3701=VERTEX_POINT('',#11274);
#3702=VERTEX_POINT('',#11278);
#3703=VERTEX_POINT('',#11280);
#3704=VERTEX_POINT('',#11284);
#3705=VERTEX_POINT('',#11286);
#3706=VERTEX_POINT('',#11290);
#3707=VERTEX_POINT('',#11292);
#3708=VERTEX_POINT('',#11296);
#3709=VERTEX_POINT('',#11298);
#3710=VERTEX_POINT('',#11302);
#3711=VERTEX_POINT('',#11304);
#3712=VERTEX_POINT('',#11308);
#3713=VERTEX_POINT('',#11310);
#3714=VERTEX_POINT('',#11314);
#3715=VERTEX_POINT('',#11316);
#3716=VERTEX_POINT('',#11320);
#3717=VERTEX_POINT('',#11322);
#3718=VERTEX_POINT('',#11326);
#3719=VERTEX_POINT('',#11328);
#3720=VERTEX_POINT('',#11332);
#3721=VERTEX_POINT('',#11334);
#3722=VERTEX_POINT('',#11338);
#3723=VERTEX_POINT('',#11340);
#3724=VERTEX_POINT('',#11344);
#3725=VERTEX_POINT('',#11346);
#3726=VERTEX_POINT('',#11350);
#3727=VERTEX_POINT('',#11352);
#3728=VERTEX_POINT('',#11356);
#3729=VERTEX_POINT('',#11358);
#3730=VERTEX_POINT('',#11362);
#3731=VERTEX_POINT('',#11364);
#3732=VERTEX_POINT('',#11368);
#3733=VERTEX_POINT('',#11370);
#3734=VERTEX_POINT('',#11374);
#3735=VERTEX_POINT('',#11376);
#3736=VERTEX_POINT('',#11380);
#3737=VERTEX_POINT('',#11382);
#3738=VERTEX_POINT('',#11386);
#3739=VERTEX_POINT('',#11388);
#3740=VERTEX_POINT('',#11397);
#3741=VERTEX_POINT('',#11399);
#3742=VERTEX_POINT('',#11403);
#3743=VERTEX_POINT('',#11407);
#3744=VERTEX_POINT('',#11411);
#3745=VERTEX_POINT('',#11415);
#3746=LINE('',#9407,#4706);
#3747=LINE('',#9410,#4707);
#3748=LINE('',#9412,#4708);
#3749=LINE('',#9414,#4709);
#3750=LINE('',#9416,#4710);
#3751=LINE('',#9418,#4711);
#3752=LINE('',#9420,#4712);
#3753=LINE('',#9422,#4713);
#3754=LINE('',#9424,#4714);
#3755=LINE('',#9426,#4715);
#3756=LINE('',#9428,#4716);
#3757=LINE('',#9431,#4717);
#3758=LINE('',#9433,#4718);
#3759=LINE('',#9435,#4719);
#3760=LINE('',#9437,#4720);
#3761=LINE('',#9439,#4721);
#3762=LINE('',#9442,#4722);
#3763=LINE('',#9444,#4723);
#3764=LINE('',#9446,#4724);
#3765=LINE('',#9448,#4725);
#3766=LINE('',#9450,#4726);
#3767=LINE('',#9451,#4727);
#3768=LINE('',#9453,#4728);
#3769=LINE('',#9454,#4729);
#3770=LINE('',#9456,#4730);
#3771=LINE('',#9459,#4731);
#3772=LINE('',#9461,#4732);
#3773=LINE('',#9463,#4733);
#3774=LINE('',#9465,#4734);
#3775=LINE('',#9468,#4735);
#3776=LINE('',#9469,#4736);
#3777=LINE('',#9471,#4737);
#3778=LINE('',#9473,#4738);
#3779=LINE('',#9476,#4739);
#3780=LINE('',#9478,#4740);
#3781=LINE('',#9480,#4741);
#3782=LINE('',#9482,#4742);
#3783=LINE('',#9485,#4743);
#3784=LINE('',#9487,#4744);
#3785=LINE('',#9489,#4745);
#3786=LINE('',#9491,#4746);
#3787=LINE('',#9494,#4747);
#3788=LINE('',#9496,#4748);
#3789=LINE('',#9498,#4749);
#3790=LINE('',#9500,#4750);
#3791=LINE('',#9503,#4751);
#3792=LINE('',#9505,#4752);
#3793=LINE('',#9507,#4753);
#3794=LINE('',#9509,#4754);
#3795=LINE('',#9512,#4755);
#3796=LINE('',#9514,#4756);
#3797=LINE('',#9516,#4757);
#3798=LINE('',#9518,#4758);
#3799=LINE('',#9520,#4759);
#3800=LINE('',#9522,#4760);
#3801=LINE('',#9524,#4761);
#3802=LINE('',#9526,#4762);
#3803=LINE('',#9528,#4763);
#3804=LINE('',#9530,#4764);
#3805=LINE('',#9533,#4765);
#3806=LINE('',#9535,#4766);
#3807=LINE('',#9537,#4767);
#3808=LINE('',#9539,#4768);
#3809=LINE('',#9541,#4769);
#3810=LINE('',#9543,#4770);
#3811=LINE('',#9545,#4771);
#3812=LINE('',#9547,#4772);
#3813=LINE('',#9549,#4773);
#3814=LINE('',#9551,#4774);
#3815=LINE('',#9554,#4775);
#3816=LINE('',#9556,#4776);
#3817=LINE('',#9558,#4777);
#3818=LINE('',#9560,#4778);
#3819=LINE('',#9562,#4779);
#3820=LINE('',#9564,#4780);
#3821=LINE('',#9566,#4781);
#3822=LINE('',#9568,#4782);
#3823=LINE('',#9570,#4783);
#3824=LINE('',#9572,#4784);
#3825=LINE('',#9575,#4785);
#3826=LINE('',#9577,#4786);
#3827=LINE('',#9579,#4787);
#3828=LINE('',#9581,#4788);
#3829=LINE('',#9583,#4789);
#3830=LINE('',#9585,#4790);
#3831=LINE('',#9587,#4791);
#3832=LINE('',#9589,#4792);
#3833=LINE('',#9591,#4793);
#3834=LINE('',#9593,#4794);
#3835=LINE('',#9596,#4795);
#3836=LINE('',#9598,#4796);
#3837=LINE('',#9600,#4797);
#3838=LINE('',#9602,#4798);
#3839=LINE('',#9604,#4799);
#3840=LINE('',#9606,#4800);
#3841=LINE('',#9608,#4801);
#3842=LINE('',#9610,#4802);
#3843=LINE('',#9612,#4803);
#3844=LINE('',#9614,#4804);
#3845=LINE('',#9617,#4805);
#3846=LINE('',#9619,#4806);
#3847=LINE('',#9621,#4807);
#3848=LINE('',#9623,#4808);
#3849=LINE('',#9625,#4809);
#3850=LINE('',#9627,#4810);
#3851=LINE('',#9629,#4811);
#3852=LINE('',#9631,#4812);
#3853=LINE('',#9633,#4813);
#3854=LINE('',#9635,#4814);
#3855=LINE('',#9638,#4815);
#3856=LINE('',#9640,#4816);
#3857=LINE('',#9642,#4817);
#3858=LINE('',#9644,#4818);
#3859=LINE('',#9647,#4819);
#3860=LINE('',#9649,#4820);
#3861=LINE('',#9651,#4821);
#3862=LINE('',#9653,#4822);
#3863=LINE('',#9654,#4823);
#3864=LINE('',#9656,#4824);
#3865=LINE('',#9657,#4825);
#3866=LINE('',#9659,#4826);
#3867=LINE('',#9660,#4827);
#3868=LINE('',#9662,#4828);
#3869=LINE('',#9663,#4829);
#3870=LINE('',#9665,#4830);
#3871=LINE('',#9666,#4831);
#3872=LINE('',#9668,#4832);
#3873=LINE('',#9669,#4833);
#3874=LINE('',#9671,#4834);
#3875=LINE('',#9674,#4835);
#3876=LINE('',#9676,#4836);
#3877=LINE('',#9678,#4837);
#3878=LINE('',#9680,#4838);
#3879=LINE('',#9683,#4839);
#3880=LINE('',#9685,#4840);
#3881=LINE('',#9687,#4841);
#3882=LINE('',#9689,#4842);
#3883=LINE('',#9692,#4843);
#3884=LINE('',#9693,#4844);
#3885=LINE('',#9694,#4845);
#3886=LINE('',#9696,#4846);
#3887=LINE('',#9698,#4847);
#3888=LINE('',#9699,#4848);
#3889=LINE('',#9700,#4849);
#3890=LINE('',#9702,#4850);
#3891=LINE('',#9704,#4851);
#3892=LINE('',#9706,#4852);
#3893=LINE('',#9708,#4853);
#3894=LINE('',#9710,#4854);
#3895=LINE('',#9712,#4855);
#3896=LINE('',#9714,#4856);
#3897=LINE('',#9716,#4857);
#3898=LINE('',#9718,#4858);
#3899=LINE('',#9719,#4859);
#3900=LINE('',#9721,#4860);
#3901=LINE('',#9723,#4861);
#3902=LINE('',#9724,#4862);
#3903=LINE('',#9726,#4863);
#3904=LINE('',#9729,#4864);
#3905=LINE('',#9731,#4865);
#3906=LINE('',#9733,#4866);
#3907=LINE('',#9735,#4867);
#3908=LINE('',#9737,#4868);
#3909=LINE('',#9739,#4869);
#3910=LINE('',#9741,#4870);
#3911=LINE('',#9743,#4871);
#3912=LINE('',#9745,#4872);
#3913=LINE('',#9747,#4873);
#3914=LINE('',#9750,#4874);
#3915=LINE('',#9752,#4875);
#3916=LINE('',#9754,#4876);
#3917=LINE('',#9756,#4877);
#3918=LINE('',#9758,#4878);
#3919=LINE('',#9760,#4879);
#3920=LINE('',#9762,#4880);
#3921=LINE('',#9764,#4881);
#3922=LINE('',#9766,#4882);
#3923=LINE('',#9768,#4883);
#3924=LINE('',#9771,#4884);
#3925=LINE('',#9773,#4885);
#3926=LINE('',#9775,#4886);
#3927=LINE('',#9776,#4887);
#3928=LINE('',#9778,#4888);
#3929=LINE('',#9780,#4889);
#3930=LINE('',#9782,#4890);
#3931=LINE('',#9784,#4891);
#3932=LINE('',#9787,#4892);
#3933=LINE('',#9789,#4893);
#3934=LINE('',#9791,#4894);
#3935=LINE('',#9792,#4895);
#3936=LINE('',#9794,#4896);
#3937=LINE('',#9796,#4897);
#3938=LINE('',#9798,#4898);
#3939=LINE('',#9800,#4899);
#3940=LINE('',#9803,#4900);
#3941=LINE('',#9805,#4901);
#3942=LINE('',#9807,#4902);
#3943=LINE('',#9809,#4903);
#3944=LINE('',#9812,#4904);
#3945=LINE('',#9813,#4905);
#3946=LINE('',#9814,#4906);
#3947=LINE('',#9816,#4907);
#3948=LINE('',#9819,#4908);
#3949=LINE('',#9821,#4909);
#3950=LINE('',#9823,#4910);
#3951=LINE('',#9825,#4911);
#3952=LINE('',#9828,#4912);
#3953=LINE('',#9829,#4913);
#3954=LINE('',#9830,#4914);
#3955=LINE('',#9832,#4915);
#3956=LINE('',#9835,#4916);
#3957=LINE('',#9837,#4917);
#3958=LINE('',#9839,#4918);
#3959=LINE('',#9841,#4919);
#3960=LINE('',#9843,#4920);
#3961=LINE('',#9845,#4921);
#3962=LINE('',#9847,#4922);
#3963=LINE('',#9849,#4923);
#3964=LINE('',#9851,#4924);
#3965=LINE('',#9853,#4925);
#3966=LINE('',#9856,#4926);
#3967=LINE('',#9858,#4927);
#3968=LINE('',#9860,#4928);
#3969=LINE('',#9862,#4929);
#3970=LINE('',#9864,#4930);
#3971=LINE('',#9866,#4931);
#3972=LINE('',#9868,#4932);
#3973=LINE('',#9870,#4933);
#3974=LINE('',#9872,#4934);
#3975=LINE('',#9874,#4935);
#3976=LINE('',#9875,#4936);
#3977=LINE('',#9877,#4937);
#3978=LINE('',#9878,#4938);
#3979=LINE('',#9880,#4939);
#3980=LINE('',#9883,#4940);
#3981=LINE('',#9884,#4941);
#3982=LINE('',#9885,#4942);
#3983=LINE('',#9887,#4943);
#3984=LINE('',#9890,#4944);
#3985=LINE('',#9891,#4945);
#3986=LINE('',#9892,#4946);
#3987=LINE('',#9894,#4947);
#3988=LINE('',#9897,#4948);
#3989=LINE('',#9898,#4949);
#3990=LINE('',#9899,#4950);
#3991=LINE('',#9901,#4951);
#3992=LINE('',#9904,#4952);
#3993=LINE('',#9905,#4953);
#3994=LINE('',#9906,#4954);
#3995=LINE('',#9908,#4955);
#3996=LINE('',#9909,#4956);
#3997=LINE('',#9911,#4957);
#3998=LINE('',#9912,#4958);
#3999=LINE('',#9914,#4959);
#4000=LINE('',#9916,#4960);
#4001=LINE('',#9918,#4961);
#4002=LINE('',#9920,#4962);
#4003=LINE('',#9921,#4963);
#4004=LINE('',#9922,#4964);
#4005=LINE('',#9924,#4965);
#4006=LINE('',#9925,#4966);
#4007=LINE('',#9926,#4967);
#4008=LINE('',#9927,#4968);
#4009=LINE('',#9928,#4969);
#4010=LINE('',#9929,#4970);
#4011=LINE('',#9930,#4971);
#4012=LINE('',#9932,#4972);
#4013=LINE('',#9934,#4973);
#4014=LINE('',#9936,#4974);
#4015=LINE('',#9937,#4975);
#4016=LINE('',#9939,#4976);
#4017=LINE('',#9941,#4977);
#4018=LINE('',#9943,#4978);
#4019=LINE('',#9944,#4979);
#4020=LINE('',#9946,#4980);
#4021=LINE('',#9948,#4981);
#4022=LINE('',#9950,#4982);
#4023=LINE('',#9953,#4983);
#4024=LINE('',#9962,#4984);
#4025=LINE('',#9965,#4985);
#4026=LINE('',#9968,#4986);
#4027=LINE('',#9970,#4987);
#4028=LINE('',#9972,#4988);
#4029=LINE('',#9973,#4989);
#4030=LINE('',#9975,#4990);
#4031=LINE('',#9977,#4991);
#4032=LINE('',#9979,#4992);
#4033=LINE('',#9981,#4993);
#4034=LINE('',#9983,#4994);
#4035=LINE('',#9984,#4995);
#4036=LINE('',#9986,#4996);
#4037=LINE('',#9989,#4997);
#4038=LINE('',#9993,#4998);
#4039=LINE('',#9996,#4999);
#4040=LINE('',#10000,#5000);
#4041=LINE('',#10003,#5001);
#4042=LINE('',#10005,#5002);
#4043=LINE('',#10007,#5003);
#4044=LINE('',#10009,#5004);
#4045=LINE('',#10012,#5005);
#4046=LINE('',#10014,#5006);
#4047=LINE('',#10016,#5007);
#4048=LINE('',#10018,#5008);
#4049=LINE('',#10021,#5009);
#4050=LINE('',#10023,#5010);
#4051=LINE('',#10025,#5011);
#4052=LINE('',#10027,#5012);
#4053=LINE('',#10030,#5013);
#4054=LINE('',#10032,#5014);
#4055=LINE('',#10034,#5015);
#4056=LINE('',#10036,#5016);
#4057=LINE('',#10039,#5017);
#4058=LINE('',#10041,#5018);
#4059=LINE('',#10043,#5019);
#4060=LINE('',#10045,#5020);
#4061=LINE('',#10048,#5021);
#4062=LINE('',#10050,#5022);
#4063=LINE('',#10052,#5023);
#4064=LINE('',#10054,#5024);
#4065=LINE('',#10057,#5025);
#4066=LINE('',#10059,#5026);
#4067=LINE('',#10061,#5027);
#4068=LINE('',#10063,#5028);
#4069=LINE('',#10066,#5029);
#4070=LINE('',#10068,#5030);
#4071=LINE('',#10070,#5031);
#4072=LINE('',#10072,#5032);
#4073=LINE('',#10075,#5033);
#4074=LINE('',#10077,#5034);
#4075=LINE('',#10079,#5035);
#4076=LINE('',#10081,#5036);
#4077=LINE('',#10084,#5037);
#4078=LINE('',#10086,#5038);
#4079=LINE('',#10088,#5039);
#4080=LINE('',#10090,#5040);
#4081=LINE('',#10093,#5041);
#4082=LINE('',#10095,#5042);
#4083=LINE('',#10097,#5043);
#4084=LINE('',#10099,#5044);
#4085=LINE('',#10102,#5045);
#4086=LINE('',#10104,#5046);
#4087=LINE('',#10106,#5047);
#4088=LINE('',#10108,#5048);
#4089=LINE('',#10110,#5049);
#4090=LINE('',#10112,#5050);
#4091=LINE('',#10114,#5051);
#4092=LINE('',#10116,#5052);
#4093=LINE('',#10118,#5053);
#4094=LINE('',#10120,#5054);
#4095=LINE('',#10122,#5055);
#4096=LINE('',#10124,#5056);
#4097=LINE('',#10126,#5057);
#4098=LINE('',#10128,#5058);
#4099=LINE('',#10130,#5059);
#4100=LINE('',#10132,#5060);
#4101=LINE('',#10134,#5061);
#4102=LINE('',#10136,#5062);
#4103=LINE('',#10138,#5063);
#4104=LINE('',#10140,#5064);
#4105=LINE('',#10142,#5065);
#4106=LINE('',#10144,#5066);
#4107=LINE('',#10146,#5067);
#4108=LINE('',#10148,#5068);
#4109=LINE('',#10150,#5069);
#4110=LINE('',#10152,#5070);
#4111=LINE('',#10154,#5071);
#4112=LINE('',#10156,#5072);
#4113=LINE('',#10158,#5073);
#4114=LINE('',#10160,#5074);
#4115=LINE('',#10162,#5075);
#4116=LINE('',#10164,#5076);
#4117=LINE('',#10166,#5077);
#4118=LINE('',#10168,#5078);
#4119=LINE('',#10170,#5079);
#4120=LINE('',#10172,#5080);
#4121=LINE('',#10174,#5081);
#4122=LINE('',#10176,#5082);
#4123=LINE('',#10178,#5083);
#4124=LINE('',#10180,#5084);
#4125=LINE('',#10182,#5085);
#4126=LINE('',#10184,#5086);
#4127=LINE('',#10186,#5087);
#4128=LINE('',#10188,#5088);
#4129=LINE('',#10190,#5089);
#4130=LINE('',#10192,#5090);
#4131=LINE('',#10194,#5091);
#4132=LINE('',#10196,#5092);
#4133=LINE('',#10198,#5093);
#4134=LINE('',#10200,#5094);
#4135=LINE('',#10202,#5095);
#4136=LINE('',#10204,#5096);
#4137=LINE('',#10206,#5097);
#4138=LINE('',#10208,#5098);
#4139=LINE('',#10210,#5099);
#4140=LINE('',#10212,#5100);
#4141=LINE('',#10214,#5101);
#4142=LINE('',#10216,#5102);
#4143=LINE('',#10218,#5103);
#4144=LINE('',#10220,#5104);
#4145=LINE('',#10222,#5105);
#4146=LINE('',#10224,#5106);
#4147=LINE('',#10226,#5107);
#4148=LINE('',#10228,#5108);
#4149=LINE('',#10230,#5109);
#4150=LINE('',#10232,#5110);
#4151=LINE('',#10234,#5111);
#4152=LINE('',#10236,#5112);
#4153=LINE('',#10238,#5113);
#4154=LINE('',#10240,#5114);
#4155=LINE('',#10242,#5115);
#4156=LINE('',#10244,#5116);
#4157=LINE('',#10246,#5117);
#4158=LINE('',#10248,#5118);
#4159=LINE('',#10250,#5119);
#4160=LINE('',#10252,#5120);
#4161=LINE('',#10255,#5121);
#4162=LINE('',#10257,#5122);
#4163=LINE('',#10259,#5123);
#4164=LINE('',#10261,#5124);
#4165=LINE('',#10264,#5125);
#4166=LINE('',#10266,#5126);
#4167=LINE('',#10268,#5127);
#4168=LINE('',#10270,#5128);
#4169=LINE('',#10273,#5129);
#4170=LINE('',#10275,#5130);
#4171=LINE('',#10277,#5131);
#4172=LINE('',#10279,#5132);
#4173=LINE('',#10282,#5133);
#4174=LINE('',#10284,#5134);
#4175=LINE('',#10286,#5135);
#4176=LINE('',#10288,#5136);
#4177=LINE('',#10291,#5137);
#4178=LINE('',#10293,#5138);
#4179=LINE('',#10295,#5139);
#4180=LINE('',#10297,#5140);
#4181=LINE('',#10300,#5141);
#4182=LINE('',#10302,#5142);
#4183=LINE('',#10304,#5143);
#4184=LINE('',#10306,#5144);
#4185=LINE('',#10308,#5145);
#4186=LINE('',#10310,#5146);
#4187=LINE('',#10312,#5147);
#4188=LINE('',#10314,#5148);
#4189=LINE('',#10316,#5149);
#4190=LINE('',#10318,#5150);
#4191=LINE('',#10320,#5151);
#4192=LINE('',#10322,#5152);
#4193=LINE('',#10324,#5153);
#4194=LINE('',#10326,#5154);
#4195=LINE('',#10328,#5155);
#4196=LINE('',#10330,#5156);
#4197=LINE('',#10332,#5157);
#4198=LINE('',#10334,#5158);
#4199=LINE('',#10336,#5159);
#4200=LINE('',#10338,#5160);
#4201=LINE('',#10340,#5161);
#4202=LINE('',#10342,#5162);
#4203=LINE('',#10344,#5163);
#4204=LINE('',#10346,#5164);
#4205=LINE('',#10348,#5165);
#4206=LINE('',#10350,#5166);
#4207=LINE('',#10352,#5167);
#4208=LINE('',#10354,#5168);
#4209=LINE('',#10356,#5169);
#4210=LINE('',#10358,#5170);
#4211=LINE('',#10360,#5171);
#4212=LINE('',#10362,#5172);
#4213=LINE('',#10364,#5173);
#4214=LINE('',#10366,#5174);
#4215=LINE('',#10368,#5175);
#4216=LINE('',#10370,#5176);
#4217=LINE('',#10372,#5177);
#4218=LINE('',#10374,#5178);
#4219=LINE('',#10376,#5179);
#4220=LINE('',#10378,#5180);
#4221=LINE('',#10379,#5181);
#4222=LINE('',#10381,#5182);
#4223=LINE('',#10382,#5183);
#4224=LINE('',#10384,#5184);
#4225=LINE('',#10385,#5185);
#4226=LINE('',#10387,#5186);
#4227=LINE('',#10388,#5187);
#4228=LINE('',#10390,#5188);
#4229=LINE('',#10391,#5189);
#4230=LINE('',#10393,#5190);
#4231=LINE('',#10394,#5191);
#4232=LINE('',#10396,#5192);
#4233=LINE('',#10399,#5193);
#4234=LINE('',#10401,#5194);
#4235=LINE('',#10403,#5195);
#4236=LINE('',#10405,#5196);
#4237=LINE('',#10407,#5197);
#4238=LINE('',#10409,#5198);
#4239=LINE('',#10410,#5199);
#4240=LINE('',#10412,#5200);
#4241=LINE('',#10414,#5201);
#4242=LINE('',#10415,#5202);
#4243=LINE('',#10417,#5203);
#4244=LINE('',#10419,#5204);
#4245=LINE('',#10420,#5205);
#4246=LINE('',#10422,#5206);
#4247=LINE('',#10424,#5207);
#4248=LINE('',#10425,#5208);
#4249=LINE('',#10427,#5209);
#4250=LINE('',#10429,#5210);
#4251=LINE('',#10430,#5211);
#4252=LINE('',#10432,#5212);
#4253=LINE('',#10434,#5213);
#4254=LINE('',#10435,#5214);
#4255=LINE('',#10437,#5215);
#4256=LINE('',#10439,#5216);
#4257=LINE('',#10441,#5217);
#4258=LINE('',#10443,#5218);
#4259=LINE('',#10444,#5219);
#4260=LINE('',#10446,#5220);
#4261=LINE('',#10448,#5221);
#4262=LINE('',#10450,#5222);
#4263=LINE('',#10452,#5223);
#4264=LINE('',#10453,#5224);
#4265=LINE('',#10455,#5225);
#4266=LINE('',#10457,#5226);
#4267=LINE('',#10458,#5227);
#4268=LINE('',#10460,#5228);
#4269=LINE('',#10462,#5229);
#4270=LINE('',#10463,#5230);
#4271=LINE('',#10465,#5231);
#4272=LINE('',#10467,#5232);
#4273=LINE('',#10468,#5233);
#4274=LINE('',#10470,#5234);
#4275=LINE('',#10472,#5235);
#4276=LINE('',#10473,#5236);
#4277=LINE('',#10475,#5237);
#4278=LINE('',#10477,#5238);
#4279=LINE('',#10479,#5239);
#4280=LINE('',#10481,#5240);
#4281=LINE('',#10483,#5241);
#4282=LINE('',#10485,#5242);
#4283=LINE('',#10487,#5243);
#4284=LINE('',#10489,#5244);
#4285=LINE('',#10491,#5245);
#4286=LINE('',#10493,#5246);
#4287=LINE('',#10495,#5247);
#4288=LINE('',#10497,#5248);
#4289=LINE('',#10499,#5249);
#4290=LINE('',#10501,#5250);
#4291=LINE('',#10503,#5251);
#4292=LINE('',#10505,#5252);
#4293=LINE('',#10507,#5253);
#4294=LINE('',#10510,#5254);
#4295=LINE('',#10511,#5255);
#4296=LINE('',#10512,#5256);
#4297=LINE('',#10513,#5257);
#4298=LINE('',#10514,#5258);
#4299=LINE('',#10515,#5259);
#4300=LINE('',#10516,#5260);
#4301=LINE('',#10517,#5261);
#4302=LINE('',#10518,#5262);
#4303=LINE('',#10519,#5263);
#4304=LINE('',#10520,#5264);
#4305=LINE('',#10521,#5265);
#4306=LINE('',#10522,#5266);
#4307=LINE('',#10523,#5267);
#4308=LINE('',#10524,#5268);
#4309=LINE('',#10525,#5269);
#4310=LINE('',#10526,#5270);
#4311=LINE('',#10527,#5271);
#4312=LINE('',#10528,#5272);
#4313=LINE('',#10529,#5273);
#4314=LINE('',#10530,#5274);
#4315=LINE('',#10531,#5275);
#4316=LINE('',#10532,#5276);
#4317=LINE('',#10533,#5277);
#4318=LINE('',#10534,#5278);
#4319=LINE('',#10535,#5279);
#4320=LINE('',#10537,#5280);
#4321=LINE('',#10539,#5281);
#4322=LINE('',#10541,#5282);
#4323=LINE('',#10543,#5283);
#4324=LINE('',#10545,#5284);
#4325=LINE('',#10547,#5285);
#4326=LINE('',#10549,#5286);
#4327=LINE('',#10551,#5287);
#4328=LINE('',#10553,#5288);
#4329=LINE('',#10555,#5289);
#4330=LINE('',#10556,#5290);
#4331=LINE('',#10558,#5291);
#4332=LINE('',#10559,#5292);
#4333=LINE('',#10561,#5293);
#4334=LINE('',#10562,#5294);
#4335=LINE('',#10568,#5295);
#4336=LINE('',#10570,#5296);
#4337=LINE('',#10574,#5297);
#4338=LINE('',#10576,#5298);
#4339=LINE('',#10580,#5299);
#4340=LINE('',#10582,#5300);
#4341=LINE('',#10586,#5301);
#4342=LINE('',#10588,#5302);
#4343=LINE('',#10592,#5303);
#4344=LINE('',#10594,#5304);
#4345=LINE('',#10598,#5305);
#4346=LINE('',#10600,#5306);
#4347=LINE('',#10604,#5307);
#4348=LINE('',#10606,#5308);
#4349=LINE('',#10610,#5309);
#4350=LINE('',#10612,#5310);
#4351=LINE('',#10616,#5311);
#4352=LINE('',#10618,#5312);
#4353=LINE('',#10622,#5313);
#4354=LINE('',#10624,#5314);
#4355=LINE('',#10628,#5315);
#4356=LINE('',#10630,#5316);
#4357=LINE('',#10634,#5317);
#4358=LINE('',#10636,#5318);
#4359=LINE('',#10641,#5319);
#4360=LINE('',#10644,#5320);
#4361=LINE('',#10646,#5321);
#4362=LINE('',#10648,#5322);
#4363=LINE('',#10650,#5323);
#4364=LINE('',#10653,#5324);
#4365=LINE('',#10655,#5325);
#4366=LINE('',#10657,#5326);
#4367=LINE('',#10659,#5327);
#4368=LINE('',#10662,#5328);
#4369=LINE('',#10664,#5329);
#4370=LINE('',#10666,#5330);
#4371=LINE('',#10668,#5331);
#4372=LINE('',#10671,#5332);
#4373=LINE('',#10673,#5333);
#4374=LINE('',#10675,#5334);
#4375=LINE('',#10677,#5335);
#4376=LINE('',#10680,#5336);
#4377=LINE('',#10682,#5337);
#4378=LINE('',#10684,#5338);
#4379=LINE('',#10686,#5339);
#4380=LINE('',#10689,#5340);
#4381=LINE('',#10691,#5341);
#4382=LINE('',#10693,#5342);
#4383=LINE('',#10695,#5343);
#4384=LINE('',#10697,#5344);
#4385=LINE('',#10699,#5345);
#4386=LINE('',#10701,#5346);
#4387=LINE('',#10703,#5347);
#4388=LINE('',#10705,#5348);
#4389=LINE('',#10707,#5349);
#4390=LINE('',#10709,#5350);
#4391=LINE('',#10711,#5351);
#4392=LINE('',#10713,#5352);
#4393=LINE('',#10715,#5353);
#4394=LINE('',#10717,#5354);
#4395=LINE('',#10719,#5355);
#4396=LINE('',#10721,#5356);
#4397=LINE('',#10723,#5357);
#4398=LINE('',#10725,#5358);
#4399=LINE('',#10727,#5359);
#4400=LINE('',#10729,#5360);
#4401=LINE('',#10731,#5361);
#4402=LINE('',#10733,#5362);
#4403=LINE('',#10735,#5363);
#4404=LINE('',#10737,#5364);
#4405=LINE('',#10739,#5365);
#4406=LINE('',#10741,#5366);
#4407=LINE('',#10743,#5367);
#4408=LINE('',#10745,#5368);
#4409=LINE('',#10747,#5369);
#4410=LINE('',#10749,#5370);
#4411=LINE('',#10751,#5371);
#4412=LINE('',#10753,#5372);
#4413=LINE('',#10755,#5373);
#4414=LINE('',#10757,#5374);
#4415=LINE('',#10759,#5375);
#4416=LINE('',#10761,#5376);
#4417=LINE('',#10763,#5377);
#4418=LINE('',#10765,#5378);
#4419=LINE('',#10771,#5379);
#4420=LINE('',#10775,#5380);
#4421=LINE('',#10781,#5381);
#4422=LINE('',#10787,#5382);
#4423=LINE('',#10793,#5383);
#4424=LINE('',#10799,#5384);
#4425=LINE('',#10803,#5385);
#4426=LINE('',#10805,#5386);
#4427=LINE('',#10807,#5387);
#4428=LINE('',#10809,#5388);
#4429=LINE('',#10811,#5389);
#4430=LINE('',#10813,#5390);
#4431=LINE('',#10815,#5391);
#4432=LINE('',#10817,#5392);
#4433=LINE('',#10819,#5393);
#4434=LINE('',#10821,#5394);
#4435=LINE('',#10823,#5395);
#4436=LINE('',#10825,#5396);
#4437=LINE('',#10827,#5397);
#4438=LINE('',#10829,#5398);
#4439=LINE('',#10831,#5399);
#4440=LINE('',#10833,#5400);
#4441=LINE('',#10835,#5401);
#4442=LINE('',#10837,#5402);
#4443=LINE('',#10839,#5403);
#4444=LINE('',#10842,#5404);
#4445=LINE('',#10844,#5405);
#4446=LINE('',#10846,#5406);
#4447=LINE('',#10848,#5407);
#4448=LINE('',#10851,#5408);
#4449=LINE('',#10853,#5409);
#4450=LINE('',#10855,#5410);
#4451=LINE('',#10857,#5411);
#4452=LINE('',#10860,#5412);
#4453=LINE('',#10862,#5413);
#4454=LINE('',#10864,#5414);
#4455=LINE('',#10866,#5415);
#4456=LINE('',#10869,#5416);
#4457=LINE('',#10871,#5417);
#4458=LINE('',#10873,#5418);
#4459=LINE('',#10875,#5419);
#4460=LINE('',#10878,#5420);
#4461=LINE('',#10880,#5421);
#4462=LINE('',#10882,#5422);
#4463=LINE('',#10884,#5423);
#4464=LINE('',#10887,#5424);
#4465=LINE('',#10889,#5425);
#4466=LINE('',#10891,#5426);
#4467=LINE('',#10897,#5427);
#4468=LINE('',#10901,#5428);
#4469=LINE('',#10907,#5429);
#4470=LINE('',#10913,#5430);
#4471=LINE('',#10919,#5431);
#4472=LINE('',#10925,#5432);
#4473=LINE('',#10929,#5433);
#4474=LINE('',#10931,#5434);
#4475=LINE('',#10933,#5435);
#4476=LINE('',#10935,#5436);
#4477=LINE('',#10937,#5437);
#4478=LINE('',#10939,#5438);
#4479=LINE('',#10941,#5439);
#4480=LINE('',#10943,#5440);
#4481=LINE('',#10945,#5441);
#4482=LINE('',#10947,#5442);
#4483=LINE('',#10949,#5443);
#4484=LINE('',#10951,#5444);
#4485=LINE('',#10953,#5445);
#4486=LINE('',#10955,#5446);
#4487=LINE('',#10957,#5447);
#4488=LINE('',#10959,#5448);
#4489=LINE('',#10961,#5449);
#4490=LINE('',#10963,#5450);
#4491=LINE('',#10965,#5451);
#4492=LINE('',#10967,#5452);
#4493=LINE('',#10969,#5453);
#4494=LINE('',#10971,#5454);
#4495=LINE('',#10973,#5455);
#4496=LINE('',#10975,#5456);
#4497=LINE('',#10977,#5457);
#4498=LINE('',#10979,#5458);
#4499=LINE('',#10981,#5459);
#4500=LINE('',#10983,#5460);
#4501=LINE('',#10985,#5461);
#4502=LINE('',#10987,#5462);
#4503=LINE('',#10989,#5463);
#4504=LINE('',#10991,#5464);
#4505=LINE('',#10993,#5465);
#4506=LINE('',#10995,#5466);
#4507=LINE('',#10997,#5467);
#4508=LINE('',#10999,#5468);
#4509=LINE('',#11001,#5469);
#4510=LINE('',#11003,#5470);
#4511=LINE('',#11005,#5471);
#4512=LINE('',#11007,#5472);
#4513=LINE('',#11009,#5473);
#4514=LINE('',#11011,#5474);
#4515=LINE('',#11013,#5475);
#4516=LINE('',#11015,#5476);
#4517=LINE('',#11017,#5477);
#4518=LINE('',#11019,#5478);
#4519=LINE('',#11021,#5479);
#4520=LINE('',#11023,#5480);
#4521=LINE('',#11025,#5481);
#4522=LINE('',#11027,#5482);
#4523=LINE('',#11029,#5483);
#4524=LINE('',#11031,#5484);
#4525=LINE('',#11033,#5485);
#4526=LINE('',#11035,#5486);
#4527=LINE('',#11037,#5487);
#4528=LINE('',#11040,#5488);
#4529=LINE('',#11042,#5489);
#4530=LINE('',#11044,#5490);
#4531=LINE('',#11046,#5491);
#4532=LINE('',#11048,#5492);
#4533=LINE('',#11050,#5493);
#4534=LINE('',#11052,#5494);
#4535=LINE('',#11054,#5495);
#4536=LINE('',#11056,#5496);
#4537=LINE('',#11060,#5497);
#4538=LINE('',#11064,#5498);
#4539=LINE('',#11066,#5499);
#4540=LINE('',#11068,#5500);
#4541=LINE('',#11070,#5501);
#4542=LINE('',#11072,#5502);
#4543=LINE('',#11074,#5503);
#4544=LINE('',#11075,#5504);
#4545=LINE('',#11077,#5505);
#4546=LINE('',#11079,#5506);
#4547=LINE('',#11080,#5507);
#4548=LINE('',#11082,#5508);
#4549=LINE('',#11084,#5509);
#4550=LINE('',#11085,#5510);
#4551=LINE('',#11087,#5511);
#4552=LINE('',#11089,#5512);
#4553=LINE('',#11090,#5513);
#4554=LINE('',#11092,#5514);
#4555=LINE('',#11094,#5515);
#4556=LINE('',#11095,#5516);
#4557=LINE('',#11097,#5517);
#4558=LINE('',#11099,#5518);
#4559=LINE('',#11100,#5519);
#4560=LINE('',#11101,#5520);
#4561=LINE('',#11103,#5521);
#4562=LINE('',#11105,#5522);
#4563=LINE('',#11106,#5523);
#4564=LINE('',#11108,#5524);
#4565=LINE('',#11110,#5525);
#4566=LINE('',#11111,#5526);
#4567=LINE('',#11113,#5527);
#4568=LINE('',#11115,#5528);
#4569=LINE('',#11116,#5529);
#4570=LINE('',#11118,#5530);
#4571=LINE('',#11120,#5531);
#4572=LINE('',#11121,#5532);
#4573=LINE('',#11123,#5533);
#4574=LINE('',#11125,#5534);
#4575=LINE('',#11126,#5535);
#4576=LINE('',#11128,#5536);
#4577=LINE('',#11130,#5537);
#4578=LINE('',#11132,#5538);
#4579=LINE('',#11134,#5539);
#4580=LINE('',#11136,#5540);
#4581=LINE('',#11138,#5541);
#4582=LINE('',#11140,#5542);
#4583=LINE('',#11144,#5543);
#4584=LINE('',#11148,#5544);
#4585=LINE('',#11150,#5545);
#4586=LINE('',#11152,#5546);
#4587=LINE('',#11154,#5547);
#4588=LINE('',#11156,#5548);
#4589=LINE('',#11158,#5549);
#4590=LINE('',#11160,#5550);
#4591=LINE('',#11162,#5551);
#4592=LINE('',#11164,#5552);
#4593=LINE('',#11166,#5553);
#4594=LINE('',#11167,#5554);
#4595=LINE('',#11169,#5555);
#4596=LINE('',#11171,#5556);
#4597=LINE('',#11172,#5557);
#4598=LINE('',#11173,#5558);
#4599=LINE('',#11174,#5559);
#4600=LINE('',#11175,#5560);
#4601=LINE('',#11176,#5561);
#4602=LINE('',#11177,#5562);
#4603=LINE('',#11178,#5563);
#4604=LINE('',#11179,#5564);
#4605=LINE('',#11180,#5565);
#4606=LINE('',#11181,#5566);
#4607=LINE('',#11182,#5567);
#4608=LINE('',#11184,#5568);
#4609=LINE('',#11185,#5569);
#4610=LINE('',#11186,#5570);
#4611=LINE('',#11187,#5571);
#4612=LINE('',#11188,#5572);
#4613=LINE('',#11189,#5573);
#4614=LINE('',#11190,#5574);
#4615=LINE('',#11191,#5575);
#4616=LINE('',#11192,#5576);
#4617=LINE('',#11193,#5577);
#4618=LINE('',#11194,#5578);
#4619=LINE('',#11195,#5579);
#4620=LINE('',#11196,#5580);
#4621=LINE('',#11197,#5581);
#4622=LINE('',#11226,#5582);
#4623=LINE('',#11229,#5583);
#4624=LINE('',#11231,#5584);
#4625=LINE('',#11233,#5585);
#4626=LINE('',#11234,#5586);
#4627=LINE('',#11237,#5587);
#4628=LINE('',#11239,#5588);
#4629=LINE('',#11241,#5589);
#4630=LINE('',#11243,#5590);
#4631=LINE('',#11245,#5591);
#4632=LINE('',#11247,#5592);
#4633=LINE('',#11249,#5593);
#4634=LINE('',#11251,#5594);
#4635=LINE('',#11255,#5595);
#4636=LINE('',#11259,#5596);
#4637=LINE('',#11261,#5597);
#4638=LINE('',#11263,#5598);
#4639=LINE('',#11267,#5599);
#4640=LINE('',#11271,#5600);
#4641=LINE('',#11273,#5601);
#4642=LINE('',#11275,#5602);
#4643=LINE('',#11277,#5603);
#4644=LINE('',#11279,#5604);
#4645=LINE('',#11281,#5605);
#4646=LINE('',#11283,#5606);
#4647=LINE('',#11285,#5607);
#4648=LINE('',#11287,#5608);
#4649=LINE('',#11289,#5609);
#4650=LINE('',#11291,#5610);
#4651=LINE('',#11293,#5611);
#4652=LINE('',#11295,#5612);
#4653=LINE('',#11297,#5613);
#4654=LINE('',#11299,#5614);
#4655=LINE('',#11301,#5615);
#4656=LINE('',#11303,#5616);
#4657=LINE('',#11305,#5617);
#4658=LINE('',#11307,#5618);
#4659=LINE('',#11309,#5619);
#4660=LINE('',#11311,#5620);
#4661=LINE('',#11315,#5621);
#4662=LINE('',#11319,#5622);
#4663=LINE('',#11321,#5623);
#4664=LINE('',#11323,#5624);
#4665=LINE('',#11327,#5625);
#4666=LINE('',#11331,#5626);
#4667=LINE('',#11333,#5627);
#4668=LINE('',#11335,#5628);
#4669=LINE('',#11337,#5629);
#4670=LINE('',#11339,#5630);
#4671=LINE('',#11341,#5631);
#4672=LINE('',#11343,#5632);
#4673=LINE('',#11345,#5633);
#4674=LINE('',#11347,#5634);
#4675=LINE('',#11349,#5635);
#4676=LINE('',#11351,#5636);
#4677=LINE('',#11353,#5637);
#4678=LINE('',#11355,#5638);
#4679=LINE('',#11357,#5639);
#4680=LINE('',#11359,#5640);
#4681=LINE('',#11361,#5641);
#4682=LINE('',#11363,#5642);
#4683=LINE('',#11365,#5643);
#4684=LINE('',#11367,#5644);
#4685=LINE('',#11369,#5645);
#4686=LINE('',#11371,#5646);
#4687=LINE('',#11375,#5647);
#4688=LINE('',#11379,#5648);
#4689=LINE('',#11381,#5649);
#4690=LINE('',#11383,#5650);
#4691=LINE('',#11387,#5651);
#4692=LINE('',#11391,#5652);
#4693=LINE('',#11392,#5653);
#4694=LINE('',#11396,#5654);
#4695=LINE('',#11398,#5655);
#4696=LINE('',#11400,#5656);
#4697=LINE('',#11402,#5657);
#4698=LINE('',#11404,#5658);
#4699=LINE('',#11406,#5659);
#4700=LINE('',#11408,#5660);
#4701=LINE('',#11410,#5661);
#4702=LINE('',#11412,#5662);
#4703=LINE('',#11414,#5663);
#4704=LINE('',#11416,#5664);
#4705=LINE('',#11418,#5665);
#4706=VECTOR('',#7625,39.3700787401575);
#4707=VECTOR('',#7626,39.3700787401575);
#4708=VECTOR('',#7627,39.3700787401575);
#4709=VECTOR('',#7628,39.3700787401575);
#4710=VECTOR('',#7629,39.3700787401575);
#4711=VECTOR('',#7630,39.3700787401575);
#4712=VECTOR('',#7631,39.3700787401575);
#4713=VECTOR('',#7632,39.3700787401575);
#4714=VECTOR('',#7633,39.3700787401575);
#4715=VECTOR('',#7634,39.3700787401575);
#4716=VECTOR('',#7637,39.3700787401575);
#4717=VECTOR('',#7638,39.3700787401575);
#4718=VECTOR('',#7639,39.3700787401575);
#4719=VECTOR('',#7640,39.3700787401575);
#4720=VECTOR('',#7641,39.3700787401575);
#4721=VECTOR('',#7644,39.3700787401575);
#4722=VECTOR('',#7645,39.3700787401575);
#4723=VECTOR('',#7646,39.3700787401575);
#4724=VECTOR('',#7647,39.3700787401575);
#4725=VECTOR('',#7648,39.3700787401575);
#4726=VECTOR('',#7651,39.3700787401575);
#4727=VECTOR('',#7652,39.3700787401575);
#4728=VECTOR('',#7655,39.3700787401575);
#4729=VECTOR('',#7656,39.3700787401575);
#4730=VECTOR('',#7659,39.3700787401575);
#4731=VECTOR('',#7660,39.3700787401575);
#4732=VECTOR('',#7661,39.3700787401575);
#4733=VECTOR('',#7662,39.3700787401575);
#4734=VECTOR('',#7665,39.3700787401575);
#4735=VECTOR('',#7666,39.3700787401575);
#4736=VECTOR('',#7667,39.3700787401575);
#4737=VECTOR('',#7668,39.3700787401575);
#4738=VECTOR('',#7671,39.3700787401575);
#4739=VECTOR('',#7672,39.3700787401575);
#4740=VECTOR('',#7673,39.3700787401575);
#4741=VECTOR('',#7674,39.3700787401575);
#4742=VECTOR('',#7677,39.3700787401575);
#4743=VECTOR('',#7678,39.3700787401575);
#4744=VECTOR('',#7679,39.3700787401575);
#4745=VECTOR('',#7680,39.3700787401575);
#4746=VECTOR('',#7683,39.3700787401575);
#4747=VECTOR('',#7684,39.3700787401575);
#4748=VECTOR('',#7685,39.3700787401575);
#4749=VECTOR('',#7686,39.3700787401575);
#4750=VECTOR('',#7689,39.3700787401575);
#4751=VECTOR('',#7690,39.3700787401575);
#4752=VECTOR('',#7691,39.3700787401575);
#4753=VECTOR('',#7692,39.3700787401575);
#4754=VECTOR('',#7695,39.3700787401575);
#4755=VECTOR('',#7696,39.3700787401575);
#4756=VECTOR('',#7697,39.3700787401575);
#4757=VECTOR('',#7698,39.3700787401575);
#4758=VECTOR('',#7701,39.3700787401575);
#4759=VECTOR('',#7702,39.3700787401575);
#4760=VECTOR('',#7703,39.3700787401575);
#4761=VECTOR('',#7706,39.3700787401575);
#4762=VECTOR('',#7707,39.3700787401575);
#4763=VECTOR('',#7708,39.3700787401575);
#4764=VECTOR('',#7711,39.3700787401575);
#4765=VECTOR('',#7712,39.3700787401575);
#4766=VECTOR('',#7713,39.3700787401575);
#4767=VECTOR('',#7714,39.3700787401575);
#4768=VECTOR('',#7717,39.3700787401575);
#4769=VECTOR('',#7718,39.3700787401575);
#4770=VECTOR('',#7719,39.3700787401575);
#4771=VECTOR('',#7722,39.3700787401575);
#4772=VECTOR('',#7723,39.3700787401575);
#4773=VECTOR('',#7724,39.3700787401575);
#4774=VECTOR('',#7727,39.3700787401575);
#4775=VECTOR('',#7728,39.3700787401575);
#4776=VECTOR('',#7729,39.3700787401575);
#4777=VECTOR('',#7730,39.3700787401575);
#4778=VECTOR('',#7733,39.3700787401575);
#4779=VECTOR('',#7734,39.3700787401575);
#4780=VECTOR('',#7735,39.3700787401575);
#4781=VECTOR('',#7738,39.3700787401575);
#4782=VECTOR('',#7739,39.3700787401575);
#4783=VECTOR('',#7740,39.3700787401575);
#4784=VECTOR('',#7743,39.3700787401575);
#4785=VECTOR('',#7744,39.3700787401575);
#4786=VECTOR('',#7745,39.3700787401575);
#4787=VECTOR('',#7746,39.3700787401575);
#4788=VECTOR('',#7749,39.3700787401575);
#4789=VECTOR('',#7750,39.3700787401575);
#4790=VECTOR('',#7751,39.3700787401575);
#4791=VECTOR('',#7754,39.3700787401575);
#4792=VECTOR('',#7755,39.3700787401575);
#4793=VECTOR('',#7756,39.3700787401575);
#4794=VECTOR('',#7759,39.3700787401575);
#4795=VECTOR('',#7760,39.3700787401575);
#4796=VECTOR('',#7761,39.3700787401575);
#4797=VECTOR('',#7762,39.3700787401575);
#4798=VECTOR('',#7765,39.3700787401575);
#4799=VECTOR('',#7766,39.3700787401575);
#4800=VECTOR('',#7767,39.3700787401575);
#4801=VECTOR('',#7770,39.3700787401575);
#4802=VECTOR('',#7771,39.3700787401575);
#4803=VECTOR('',#7772,39.3700787401575);
#4804=VECTOR('',#7775,39.3700787401575);
#4805=VECTOR('',#7776,39.3700787401575);
#4806=VECTOR('',#7777,39.3700787401575);
#4807=VECTOR('',#7778,39.3700787401575);
#4808=VECTOR('',#7781,39.3700787401575);
#4809=VECTOR('',#7782,39.3700787401575);
#4810=VECTOR('',#7783,39.3700787401575);
#4811=VECTOR('',#7786,39.3700787401575);
#4812=VECTOR('',#7787,39.3700787401575);
#4813=VECTOR('',#7788,39.3700787401575);
#4814=VECTOR('',#7791,39.3700787401575);
#4815=VECTOR('',#7792,39.3700787401575);
#4816=VECTOR('',#7793,39.3700787401575);
#4817=VECTOR('',#7794,39.3700787401575);
#4818=VECTOR('',#7797,39.3700787401575);
#4819=VECTOR('',#7798,39.3700787401575);
#4820=VECTOR('',#7799,39.3700787401575);
#4821=VECTOR('',#7800,39.3700787401575);
#4822=VECTOR('',#7803,39.3700787401575);
#4823=VECTOR('',#7804,39.3700787401575);
#4824=VECTOR('',#7807,39.3700787401575);
#4825=VECTOR('',#7808,39.3700787401575);
#4826=VECTOR('',#7811,39.3700787401575);
#4827=VECTOR('',#7812,39.3700787401575);
#4828=VECTOR('',#7815,39.3700787401575);
#4829=VECTOR('',#7816,39.3700787401575);
#4830=VECTOR('',#7819,39.3700787401575);
#4831=VECTOR('',#7820,39.3700787401575);
#4832=VECTOR('',#7823,39.3700787401575);
#4833=VECTOR('',#7824,39.3700787401575);
#4834=VECTOR('',#7827,39.3700787401575);
#4835=VECTOR('',#7828,39.3700787401575);
#4836=VECTOR('',#7829,39.3700787401575);
#4837=VECTOR('',#7830,39.3700787401575);
#4838=VECTOR('',#7833,39.3700787401575);
#4839=VECTOR('',#7834,39.3700787401575);
#4840=VECTOR('',#7835,39.3700787401575);
#4841=VECTOR('',#7836,39.3700787401575);
#4842=VECTOR('',#7839,39.3700787401575);
#4843=VECTOR('',#7840,39.3700787401575);
#4844=VECTOR('',#7841,39.3700787401575);
#4845=VECTOR('',#7842,39.3700787401575);
#4846=VECTOR('',#7843,39.3700787401575);
#4847=VECTOR('',#7844,39.3700787401575);
#4848=VECTOR('',#7845,39.3700787401575);
#4849=VECTOR('',#7846,39.3700787401575);
#4850=VECTOR('',#7849,39.3700787401575);
#4851=VECTOR('',#7850,39.3700787401575);
#4852=VECTOR('',#7851,39.3700787401575);
#4853=VECTOR('',#7852,39.3700787401575);
#4854=VECTOR('',#7855,39.3700787401575);
#4855=VECTOR('',#7856,39.3700787401575);
#4856=VECTOR('',#7857,39.3700787401575);
#4857=VECTOR('',#7858,39.3700787401575);
#4858=VECTOR('',#7859,39.3700787401575);
#4859=VECTOR('',#7860,39.3700787401575);
#4860=VECTOR('',#7861,39.3700787401575);
#4861=VECTOR('',#7862,39.3700787401575);
#4862=VECTOR('',#7863,39.3700787401575);
#4863=VECTOR('',#7866,39.3700787401575);
#4864=VECTOR('',#7867,39.3700787401575);
#4865=VECTOR('',#7868,39.3700787401575);
#4866=VECTOR('',#7869,39.3700787401575);
#4867=VECTOR('',#7872,39.3700787401575);
#4868=VECTOR('',#7873,39.3700787401575);
#4869=VECTOR('',#7874,39.3700787401575);
#4870=VECTOR('',#7877,39.3700787401575);
#4871=VECTOR('',#7878,39.3700787401575);
#4872=VECTOR('',#7879,39.3700787401575);
#4873=VECTOR('',#7882,39.3700787401575);
#4874=VECTOR('',#7883,39.3700787401575);
#4875=VECTOR('',#7884,39.3700787401575);
#4876=VECTOR('',#7885,39.3700787401575);
#4877=VECTOR('',#7888,39.3700787401575);
#4878=VECTOR('',#7889,39.3700787401575);
#4879=VECTOR('',#7890,39.3700787401575);
#4880=VECTOR('',#7893,39.3700787401575);
#4881=VECTOR('',#7894,39.3700787401575);
#4882=VECTOR('',#7895,39.3700787401575);
#4883=VECTOR('',#7898,39.3700787401575);
#4884=VECTOR('',#7899,39.3700787401575);
#4885=VECTOR('',#7900,39.3700787401575);
#4886=VECTOR('',#7901,39.3700787401575);
#4887=VECTOR('',#7902,39.3700787401575);
#4888=VECTOR('',#7905,39.3700787401575);
#4889=VECTOR('',#7906,39.3700787401575);
#4890=VECTOR('',#7907,39.3700787401575);
#4891=VECTOR('',#7910,39.3700787401575);
#4892=VECTOR('',#7911,39.3700787401575);
#4893=VECTOR('',#7912,39.3700787401575);
#4894=VECTOR('',#7913,39.3700787401575);
#4895=VECTOR('',#7914,39.3700787401575);
#4896=VECTOR('',#7917,39.3700787401575);
#4897=VECTOR('',#7918,39.3700787401575);
#4898=VECTOR('',#7919,39.3700787401575);
#4899=VECTOR('',#7922,39.3700787401575);
#4900=VECTOR('',#7923,39.3700787401575);
#4901=VECTOR('',#7924,39.3700787401575);
#4902=VECTOR('',#7925,39.3700787401575);
#4903=VECTOR('',#7928,39.3700787401575);
#4904=VECTOR('',#7929,39.3700787401575);
#4905=VECTOR('',#7930,39.3700787401575);
#4906=VECTOR('',#7931,39.3700787401575);
#4907=VECTOR('',#7934,39.3700787401575);
#4908=VECTOR('',#7935,39.3700787401575);
#4909=VECTOR('',#7936,39.3700787401575);
#4910=VECTOR('',#7937,39.3700787401575);
#4911=VECTOR('',#7940,39.3700787401575);
#4912=VECTOR('',#7941,39.3700787401575);
#4913=VECTOR('',#7942,39.3700787401575);
#4914=VECTOR('',#7943,39.3700787401575);
#4915=VECTOR('',#7946,39.3700787401575);
#4916=VECTOR('',#7947,39.3700787401575);
#4917=VECTOR('',#7948,39.3700787401575);
#4918=VECTOR('',#7949,39.3700787401575);
#4919=VECTOR('',#7952,39.3700787401575);
#4920=VECTOR('',#7953,39.3700787401575);
#4921=VECTOR('',#7954,39.3700787401575);
#4922=VECTOR('',#7957,39.3700787401575);
#4923=VECTOR('',#7958,39.3700787401575);
#4924=VECTOR('',#7959,39.3700787401575);
#4925=VECTOR('',#7962,39.3700787401575);
#4926=VECTOR('',#7963,39.3700787401575);
#4927=VECTOR('',#7964,39.3700787401575);
#4928=VECTOR('',#7965,39.3700787401575);
#4929=VECTOR('',#7968,39.3700787401575);
#4930=VECTOR('',#7969,39.3700787401575);
#4931=VECTOR('',#7970,39.3700787401575);
#4932=VECTOR('',#7973,39.3700787401575);
#4933=VECTOR('',#7974,39.3700787401575);
#4934=VECTOR('',#7975,39.3700787401575);
#4935=VECTOR('',#7978,39.3700787401575);
#4936=VECTOR('',#7979,39.3700787401575);
#4937=VECTOR('',#7982,39.3700787401575);
#4938=VECTOR('',#7983,39.3700787401575);
#4939=VECTOR('',#7986,39.3700787401575);
#4940=VECTOR('',#7987,39.3700787401575);
#4941=VECTOR('',#7988,39.3700787401575);
#4942=VECTOR('',#7989,39.3700787401575);
#4943=VECTOR('',#7992,39.3700787401575);
#4944=VECTOR('',#7993,39.3700787401575);
#4945=VECTOR('',#7994,39.3700787401575);
#4946=VECTOR('',#7995,39.3700787401575);
#4947=VECTOR('',#7998,39.3700787401575);
#4948=VECTOR('',#7999,39.3700787401575);
#4949=VECTOR('',#8000,39.3700787401575);
#4950=VECTOR('',#8001,39.3700787401575);
#4951=VECTOR('',#8004,39.3700787401575);
#4952=VECTOR('',#8005,39.3700787401575);
#4953=VECTOR('',#8006,39.3700787401575);
#4954=VECTOR('',#8007,39.3700787401575);
#4955=VECTOR('',#8010,39.3700787401575);
#4956=VECTOR('',#8011,39.3700787401575);
#4957=VECTOR('',#8014,39.3700787401575);
#4958=VECTOR('',#8015,39.3700787401575);
#4959=VECTOR('',#8018,39.3700787401575);
#4960=VECTOR('',#8019,39.3700787401575);
#4961=VECTOR('',#8020,39.3700787401575);
#4962=VECTOR('',#8023,39.3700787401575);
#4963=VECTOR('',#8024,39.3700787401575);
#4964=VECTOR('',#8025,39.3700787401575);
#4965=VECTOR('',#8028,39.3700787401575);
#4966=VECTOR('',#8029,39.3700787401575);
#4967=VECTOR('',#8030,39.3700787401575);
#4968=VECTOR('',#8031,39.3700787401575);
#4969=VECTOR('',#8032,39.3700787401575);
#4970=VECTOR('',#8033,39.3700787401575);
#4971=VECTOR('',#8034,39.3700787401575);
#4972=VECTOR('',#8035,39.3700787401575);
#4973=VECTOR('',#8036,39.3700787401575);
#4974=VECTOR('',#8039,39.3700787401575);
#4975=VECTOR('',#8040,39.3700787401575);
#4976=VECTOR('',#8043,39.3700787401575);
#4977=VECTOR('',#8046,39.3700787401575);
#4978=VECTOR('',#8049,39.3700787401575);
#4979=VECTOR('',#8050,39.3700787401575);
#4980=VECTOR('',#8053,39.3700787401575);
#4981=VECTOR('',#8056,39.3700787401575);
#4982=VECTOR('',#8059,39.3700787401575);
#4983=VECTOR('',#8064,39.3700787401575);
#4984=VECTOR('',#8081,39.3700787401575);
#4985=VECTOR('',#8086,39.3700787401575);
#4986=VECTOR('',#8091,39.3700787401575);
#4987=VECTOR('',#8094,39.3700787401575);
#4988=VECTOR('',#8097,39.3700787401575);
#4989=VECTOR('',#8098,39.3700787401575);
#4990=VECTOR('',#8099,39.3700787401575);
#4991=VECTOR('',#8100,39.3700787401575);
#4992=VECTOR('',#8103,39.3700787401575);
#4993=VECTOR('',#8104,39.3700787401575);
#4994=VECTOR('',#8105,39.3700787401575);
#4995=VECTOR('',#8106,39.3700787401575);
#4996=VECTOR('',#8109,39.3700787401575);
#4997=VECTOR('',#8114,39.3700787401575);
#4998=VECTOR('',#8121,39.3700787401575);
#4999=VECTOR('',#8126,39.3700787401575);
#5000=VECTOR('',#8133,39.3700787401575);
#5001=VECTOR('',#8134,39.3700787401575);
#5002=VECTOR('',#8135,39.3700787401575);
#5003=VECTOR('',#8136,39.3700787401575);
#5004=VECTOR('',#8139,39.3700787401575);
#5005=VECTOR('',#8140,39.3700787401575);
#5006=VECTOR('',#8141,39.3700787401575);
#5007=VECTOR('',#8142,39.3700787401575);
#5008=VECTOR('',#8145,39.3700787401575);
#5009=VECTOR('',#8146,39.3700787401575);
#5010=VECTOR('',#8147,39.3700787401575);
#5011=VECTOR('',#8148,39.3700787401575);
#5012=VECTOR('',#8151,39.3700787401575);
#5013=VECTOR('',#8152,39.3700787401575);
#5014=VECTOR('',#8153,39.3700787401575);
#5015=VECTOR('',#8154,39.3700787401575);
#5016=VECTOR('',#8157,39.3700787401575);
#5017=VECTOR('',#8158,39.3700787401575);
#5018=VECTOR('',#8159,39.3700787401575);
#5019=VECTOR('',#8160,39.3700787401575);
#5020=VECTOR('',#8163,39.3700787401575);
#5021=VECTOR('',#8164,39.3700787401575);
#5022=VECTOR('',#8165,39.3700787401575);
#5023=VECTOR('',#8166,39.3700787401575);
#5024=VECTOR('',#8169,39.3700787401575);
#5025=VECTOR('',#8170,39.3700787401575);
#5026=VECTOR('',#8171,39.3700787401575);
#5027=VECTOR('',#8172,39.3700787401575);
#5028=VECTOR('',#8175,39.3700787401575);
#5029=VECTOR('',#8176,39.3700787401575);
#5030=VECTOR('',#8177,39.3700787401575);
#5031=VECTOR('',#8178,39.3700787401575);
#5032=VECTOR('',#8181,39.3700787401575);
#5033=VECTOR('',#8182,39.3700787401575);
#5034=VECTOR('',#8183,39.3700787401575);
#5035=VECTOR('',#8184,39.3700787401575);
#5036=VECTOR('',#8187,39.3700787401575);
#5037=VECTOR('',#8188,39.3700787401575);
#5038=VECTOR('',#8189,39.3700787401575);
#5039=VECTOR('',#8190,39.3700787401575);
#5040=VECTOR('',#8193,39.3700787401575);
#5041=VECTOR('',#8194,39.3700787401575);
#5042=VECTOR('',#8195,39.3700787401575);
#5043=VECTOR('',#8196,39.3700787401575);
#5044=VECTOR('',#8199,39.3700787401575);
#5045=VECTOR('',#8200,39.3700787401575);
#5046=VECTOR('',#8201,39.3700787401575);
#5047=VECTOR('',#8202,39.3700787401575);
#5048=VECTOR('',#8205,39.3700787401575);
#5049=VECTOR('',#8206,39.3700787401575);
#5050=VECTOR('',#8207,39.3700787401575);
#5051=VECTOR('',#8210,39.3700787401575);
#5052=VECTOR('',#8211,39.3700787401575);
#5053=VECTOR('',#8212,39.3700787401575);
#5054=VECTOR('',#8215,39.3700787401575);
#5055=VECTOR('',#8216,39.3700787401575);
#5056=VECTOR('',#8217,39.3700787401575);
#5057=VECTOR('',#8220,39.3700787401575);
#5058=VECTOR('',#8221,39.3700787401575);
#5059=VECTOR('',#8222,39.3700787401575);
#5060=VECTOR('',#8225,39.3700787401575);
#5061=VECTOR('',#8226,39.3700787401575);
#5062=VECTOR('',#8227,39.3700787401575);
#5063=VECTOR('',#8230,39.3700787401575);
#5064=VECTOR('',#8231,39.3700787401575);
#5065=VECTOR('',#8232,39.3700787401575);
#5066=VECTOR('',#8235,39.3700787401575);
#5067=VECTOR('',#8236,39.3700787401575);
#5068=VECTOR('',#8237,39.3700787401575);
#5069=VECTOR('',#8240,39.3700787401575);
#5070=VECTOR('',#8241,39.3700787401575);
#5071=VECTOR('',#8242,39.3700787401575);
#5072=VECTOR('',#8245,39.3700787401575);
#5073=VECTOR('',#8246,39.3700787401575);
#5074=VECTOR('',#8247,39.3700787401575);
#5075=VECTOR('',#8250,39.3700787401575);
#5076=VECTOR('',#8251,39.3700787401575);
#5077=VECTOR('',#8252,39.3700787401575);
#5078=VECTOR('',#8255,39.3700787401575);
#5079=VECTOR('',#8256,39.3700787401575);
#5080=VECTOR('',#8257,39.3700787401575);
#5081=VECTOR('',#8260,39.3700787401575);
#5082=VECTOR('',#8261,39.3700787401575);
#5083=VECTOR('',#8262,39.3700787401575);
#5084=VECTOR('',#8265,39.3700787401575);
#5085=VECTOR('',#8266,39.3700787401575);
#5086=VECTOR('',#8267,39.3700787401575);
#5087=VECTOR('',#8270,39.3700787401575);
#5088=VECTOR('',#8271,39.3700787401575);
#5089=VECTOR('',#8272,39.3700787401575);
#5090=VECTOR('',#8275,39.3700787401575);
#5091=VECTOR('',#8276,39.3700787401575);
#5092=VECTOR('',#8277,39.3700787401575);
#5093=VECTOR('',#8280,39.3700787401575);
#5094=VECTOR('',#8281,39.3700787401575);
#5095=VECTOR('',#8282,39.3700787401575);
#5096=VECTOR('',#8285,39.3700787401575);
#5097=VECTOR('',#8286,39.3700787401575);
#5098=VECTOR('',#8287,39.3700787401575);
#5099=VECTOR('',#8290,39.3700787401575);
#5100=VECTOR('',#8291,39.3700787401575);
#5101=VECTOR('',#8292,39.3700787401575);
#5102=VECTOR('',#8295,39.3700787401575);
#5103=VECTOR('',#8296,39.3700787401575);
#5104=VECTOR('',#8297,39.3700787401575);
#5105=VECTOR('',#8300,39.3700787401575);
#5106=VECTOR('',#8301,39.3700787401575);
#5107=VECTOR('',#8302,39.3700787401575);
#5108=VECTOR('',#8305,39.3700787401575);
#5109=VECTOR('',#8306,39.3700787401575);
#5110=VECTOR('',#8307,39.3700787401575);
#5111=VECTOR('',#8310,39.3700787401575);
#5112=VECTOR('',#8311,39.3700787401575);
#5113=VECTOR('',#8312,39.3700787401575);
#5114=VECTOR('',#8315,39.3700787401575);
#5115=VECTOR('',#8316,39.3700787401575);
#5116=VECTOR('',#8317,39.3700787401575);
#5117=VECTOR('',#8320,39.3700787401575);
#5118=VECTOR('',#8321,39.3700787401575);
#5119=VECTOR('',#8322,39.3700787401575);
#5120=VECTOR('',#8325,39.3700787401575);
#5121=VECTOR('',#8326,39.3700787401575);
#5122=VECTOR('',#8327,39.3700787401575);
#5123=VECTOR('',#8328,39.3700787401575);
#5124=VECTOR('',#8331,39.3700787401575);
#5125=VECTOR('',#8332,39.3700787401575);
#5126=VECTOR('',#8333,39.3700787401575);
#5127=VECTOR('',#8334,39.3700787401575);
#5128=VECTOR('',#8337,39.3700787401575);
#5129=VECTOR('',#8338,39.3700787401575);
#5130=VECTOR('',#8339,39.3700787401575);
#5131=VECTOR('',#8340,39.3700787401575);
#5132=VECTOR('',#8343,39.3700787401575);
#5133=VECTOR('',#8344,39.3700787401575);
#5134=VECTOR('',#8345,39.3700787401575);
#5135=VECTOR('',#8346,39.3700787401575);
#5136=VECTOR('',#8349,39.3700787401575);
#5137=VECTOR('',#8350,39.3700787401575);
#5138=VECTOR('',#8351,39.3700787401575);
#5139=VECTOR('',#8352,39.3700787401575);
#5140=VECTOR('',#8355,39.3700787401575);
#5141=VECTOR('',#8356,39.3700787401575);
#5142=VECTOR('',#8357,39.3700787401575);
#5143=VECTOR('',#8358,39.3700787401575);
#5144=VECTOR('',#8361,39.3700787401575);
#5145=VECTOR('',#8362,39.3700787401575);
#5146=VECTOR('',#8363,39.3700787401575);
#5147=VECTOR('',#8366,39.3700787401575);
#5148=VECTOR('',#8367,39.3700787401575);
#5149=VECTOR('',#8368,39.3700787401575);
#5150=VECTOR('',#8371,39.3700787401575);
#5151=VECTOR('',#8372,39.3700787401575);
#5152=VECTOR('',#8373,39.3700787401575);
#5153=VECTOR('',#8376,39.3700787401575);
#5154=VECTOR('',#8377,39.3700787401575);
#5155=VECTOR('',#8378,39.3700787401575);
#5156=VECTOR('',#8381,39.3700787401575);
#5157=VECTOR('',#8382,39.3700787401575);
#5158=VECTOR('',#8383,39.3700787401575);
#5159=VECTOR('',#8386,39.3700787401575);
#5160=VECTOR('',#8387,39.3700787401575);
#5161=VECTOR('',#8388,39.3700787401575);
#5162=VECTOR('',#8391,39.3700787401575);
#5163=VECTOR('',#8392,39.3700787401575);
#5164=VECTOR('',#8393,39.3700787401575);
#5165=VECTOR('',#8396,39.3700787401575);
#5166=VECTOR('',#8397,39.3700787401575);
#5167=VECTOR('',#8398,39.3700787401575);
#5168=VECTOR('',#8401,39.3700787401575);
#5169=VECTOR('',#8402,39.3700787401575);
#5170=VECTOR('',#8403,39.3700787401575);
#5171=VECTOR('',#8406,39.3700787401575);
#5172=VECTOR('',#8407,39.3700787401575);
#5173=VECTOR('',#8408,39.3700787401575);
#5174=VECTOR('',#8411,39.3700787401575);
#5175=VECTOR('',#8412,39.3700787401575);
#5176=VECTOR('',#8413,39.3700787401575);
#5177=VECTOR('',#8416,39.3700787401575);
#5178=VECTOR('',#8417,39.3700787401575);
#5179=VECTOR('',#8418,39.3700787401575);
#5180=VECTOR('',#8421,39.3700787401575);
#5181=VECTOR('',#8422,39.3700787401575);
#5182=VECTOR('',#8425,39.3700787401575);
#5183=VECTOR('',#8426,39.3700787401575);
#5184=VECTOR('',#8429,39.3700787401575);
#5185=VECTOR('',#8430,39.3700787401575);
#5186=VECTOR('',#8433,39.3700787401575);
#5187=VECTOR('',#8434,39.3700787401575);
#5188=VECTOR('',#8437,39.3700787401575);
#5189=VECTOR('',#8438,39.3700787401575);
#5190=VECTOR('',#8441,39.3700787401575);
#5191=VECTOR('',#8442,39.3700787401575);
#5192=VECTOR('',#8445,39.3700787401575);
#5193=VECTOR('',#8446,39.3700787401575);
#5194=VECTOR('',#8447,39.3700787401575);
#5195=VECTOR('',#8448,39.3700787401575);
#5196=VECTOR('',#8451,39.3700787401575);
#5197=VECTOR('',#8452,39.3700787401575);
#5198=VECTOR('',#8453,39.3700787401575);
#5199=VECTOR('',#8454,39.3700787401575);
#5200=VECTOR('',#8455,39.3700787401575);
#5201=VECTOR('',#8456,39.3700787401575);
#5202=VECTOR('',#8457,39.3700787401575);
#5203=VECTOR('',#8458,39.3700787401575);
#5204=VECTOR('',#8459,39.3700787401575);
#5205=VECTOR('',#8460,39.3700787401575);
#5206=VECTOR('',#8461,39.3700787401575);
#5207=VECTOR('',#8462,39.3700787401575);
#5208=VECTOR('',#8463,39.3700787401575);
#5209=VECTOR('',#8464,39.3700787401575);
#5210=VECTOR('',#8465,39.3700787401575);
#5211=VECTOR('',#8466,39.3700787401575);
#5212=VECTOR('',#8467,39.3700787401575);
#5213=VECTOR('',#8468,39.3700787401575);
#5214=VECTOR('',#8469,39.3700787401575);
#5215=VECTOR('',#8470,39.3700787401575);
#5216=VECTOR('',#8471,39.3700787401575);
#5217=VECTOR('',#8474,39.3700787401575);
#5218=VECTOR('',#8475,39.3700787401575);
#5219=VECTOR('',#8476,39.3700787401575);
#5220=VECTOR('',#8477,39.3700787401575);
#5221=VECTOR('',#8478,39.3700787401575);
#5222=VECTOR('',#8479,39.3700787401575);
#5223=VECTOR('',#8480,39.3700787401575);
#5224=VECTOR('',#8481,39.3700787401575);
#5225=VECTOR('',#8482,39.3700787401575);
#5226=VECTOR('',#8483,39.3700787401575);
#5227=VECTOR('',#8484,39.3700787401575);
#5228=VECTOR('',#8485,39.3700787401575);
#5229=VECTOR('',#8486,39.3700787401575);
#5230=VECTOR('',#8487,39.3700787401575);
#5231=VECTOR('',#8488,39.3700787401575);
#5232=VECTOR('',#8489,39.3700787401575);
#5233=VECTOR('',#8490,39.3700787401575);
#5234=VECTOR('',#8491,39.3700787401575);
#5235=VECTOR('',#8492,39.3700787401575);
#5236=VECTOR('',#8493,39.3700787401575);
#5237=VECTOR('',#8494,39.3700787401575);
#5238=VECTOR('',#8497,39.3700787401575);
#5239=VECTOR('',#8498,39.3700787401575);
#5240=VECTOR('',#8499,39.3700787401575);
#5241=VECTOR('',#8502,39.3700787401575);
#5242=VECTOR('',#8503,39.3700787401575);
#5243=VECTOR('',#8504,39.3700787401575);
#5244=VECTOR('',#8507,39.3700787401575);
#5245=VECTOR('',#8508,39.3700787401575);
#5246=VECTOR('',#8509,39.3700787401575);
#5247=VECTOR('',#8512,39.3700787401575);
#5248=VECTOR('',#8513,39.3700787401575);
#5249=VECTOR('',#8514,39.3700787401575);
#5250=VECTOR('',#8517,39.3700787401575);
#5251=VECTOR('',#8518,39.3700787401575);
#5252=VECTOR('',#8519,39.3700787401575);
#5253=VECTOR('',#8522,39.3700787401575);
#5254=VECTOR('',#8523,39.3700787401575);
#5255=VECTOR('',#8524,39.3700787401575);
#5256=VECTOR('',#8525,39.3700787401575);
#5257=VECTOR('',#8526,39.3700787401575);
#5258=VECTOR('',#8527,39.3700787401575);
#5259=VECTOR('',#8528,39.3700787401575);
#5260=VECTOR('',#8529,39.3700787401575);
#5261=VECTOR('',#8530,39.3700787401575);
#5262=VECTOR('',#8531,39.3700787401575);
#5263=VECTOR('',#8532,39.3700787401575);
#5264=VECTOR('',#8533,39.3700787401575);
#5265=VECTOR('',#8534,39.3700787401575);
#5266=VECTOR('',#8535,39.3700787401575);
#5267=VECTOR('',#8536,39.3700787401575);
#5268=VECTOR('',#8537,39.3700787401575);
#5269=VECTOR('',#8538,39.3700787401575);
#5270=VECTOR('',#8539,39.3700787401575);
#5271=VECTOR('',#8540,39.3700787401575);
#5272=VECTOR('',#8541,39.3700787401575);
#5273=VECTOR('',#8542,39.3700787401575);
#5274=VECTOR('',#8543,39.3700787401575);
#5275=VECTOR('',#8544,39.3700787401575);
#5276=VECTOR('',#8545,39.3700787401575);
#5277=VECTOR('',#8546,39.3700787401575);
#5278=VECTOR('',#8547,39.3700787401575);
#5279=VECTOR('',#8548,39.3700787401575);
#5280=VECTOR('',#8551,39.3700787401575);
#5281=VECTOR('',#8552,39.3700787401575);
#5282=VECTOR('',#8553,39.3700787401575);
#5283=VECTOR('',#8556,39.3700787401575);
#5284=VECTOR('',#8557,39.3700787401575);
#5285=VECTOR('',#8558,39.3700787401575);
#5286=VECTOR('',#8561,39.3700787401575);
#5287=VECTOR('',#8562,39.3700787401575);
#5288=VECTOR('',#8563,39.3700787401575);
#5289=VECTOR('',#8566,39.3700787401575);
#5290=VECTOR('',#8567,39.3700787401575);
#5291=VECTOR('',#8570,39.3700787401575);
#5292=VECTOR('',#8571,39.3700787401575);
#5293=VECTOR('',#8574,39.3700787401575);
#5294=VECTOR('',#8575,39.3700787401575);
#5295=VECTOR('',#8586,39.3700787401575);
#5296=VECTOR('',#8589,39.3700787401575);
#5297=VECTOR('',#8596,39.3700787401575);
#5298=VECTOR('',#8599,39.3700787401575);
#5299=VECTOR('',#8606,39.3700787401575);
#5300=VECTOR('',#8609,39.3700787401575);
#5301=VECTOR('',#8616,39.3700787401575);
#5302=VECTOR('',#8619,39.3700787401575);
#5303=VECTOR('',#8626,39.3700787401575);
#5304=VECTOR('',#8629,39.3700787401575);
#5305=VECTOR('',#8636,39.3700787401575);
#5306=VECTOR('',#8639,39.3700787401575);
#5307=VECTOR('',#8646,39.3700787401575);
#5308=VECTOR('',#8649,39.3700787401575);
#5309=VECTOR('',#8656,39.3700787401575);
#5310=VECTOR('',#8659,39.3700787401575);
#5311=VECTOR('',#8666,39.3700787401575);
#5312=VECTOR('',#8669,39.3700787401575);
#5313=VECTOR('',#8676,39.3700787401575);
#5314=VECTOR('',#8679,39.3700787401575);
#5315=VECTOR('',#8686,39.3700787401575);
#5316=VECTOR('',#8689,39.3700787401575);
#5317=VECTOR('',#8696,39.3700787401575);
#5318=VECTOR('',#8699,39.3700787401575);
#5319=VECTOR('',#8708,39.3700787401575);
#5320=VECTOR('',#8709,39.3700787401575);
#5321=VECTOR('',#8710,39.3700787401575);
#5322=VECTOR('',#8711,39.3700787401575);
#5323=VECTOR('',#8714,39.3700787401575);
#5324=VECTOR('',#8715,39.3700787401575);
#5325=VECTOR('',#8716,39.3700787401575);
#5326=VECTOR('',#8717,39.3700787401575);
#5327=VECTOR('',#8720,39.3700787401575);
#5328=VECTOR('',#8721,39.3700787401575);
#5329=VECTOR('',#8722,39.3700787401575);
#5330=VECTOR('',#8723,39.3700787401575);
#5331=VECTOR('',#8726,39.3700787401575);
#5332=VECTOR('',#8727,39.3700787401575);
#5333=VECTOR('',#8728,39.3700787401575);
#5334=VECTOR('',#8729,39.3700787401575);
#5335=VECTOR('',#8732,39.3700787401575);
#5336=VECTOR('',#8733,39.3700787401575);
#5337=VECTOR('',#8734,39.3700787401575);
#5338=VECTOR('',#8735,39.3700787401575);
#5339=VECTOR('',#8738,39.3700787401575);
#5340=VECTOR('',#8739,39.3700787401575);
#5341=VECTOR('',#8740,39.3700787401575);
#5342=VECTOR('',#8741,39.3700787401575);
#5343=VECTOR('',#8744,39.3700787401575);
#5344=VECTOR('',#8745,39.3700787401575);
#5345=VECTOR('',#8746,39.3700787401575);
#5346=VECTOR('',#8749,39.3700787401575);
#5347=VECTOR('',#8750,39.3700787401575);
#5348=VECTOR('',#8751,39.3700787401575);
#5349=VECTOR('',#8754,39.3700787401575);
#5350=VECTOR('',#8755,39.3700787401575);
#5351=VECTOR('',#8756,39.3700787401575);
#5352=VECTOR('',#8759,39.3700787401575);
#5353=VECTOR('',#8760,39.3700787401575);
#5354=VECTOR('',#8761,39.3700787401575);
#5355=VECTOR('',#8764,39.3700787401575);
#5356=VECTOR('',#8765,39.3700787401575);
#5357=VECTOR('',#8766,39.3700787401575);
#5358=VECTOR('',#8769,39.3700787401575);
#5359=VECTOR('',#8770,39.3700787401575);
#5360=VECTOR('',#8771,39.3700787401575);
#5361=VECTOR('',#8774,39.3700787401575);
#5362=VECTOR('',#8775,39.3700787401575);
#5363=VECTOR('',#8776,39.3700787401575);
#5364=VECTOR('',#8779,39.3700787401575);
#5365=VECTOR('',#8780,39.3700787401575);
#5366=VECTOR('',#8781,39.3700787401575);
#5367=VECTOR('',#8784,39.3700787401575);
#5368=VECTOR('',#8785,39.3700787401575);
#5369=VECTOR('',#8786,39.3700787401575);
#5370=VECTOR('',#8789,39.3700787401575);
#5371=VECTOR('',#8790,39.3700787401575);
#5372=VECTOR('',#8791,39.3700787401575);
#5373=VECTOR('',#8794,39.3700787401575);
#5374=VECTOR('',#8795,39.3700787401575);
#5375=VECTOR('',#8796,39.3700787401575);
#5376=VECTOR('',#8799,39.3700787401575);
#5377=VECTOR('',#8800,39.3700787401575);
#5378=VECTOR('',#8801,39.3700787401575);
#5379=VECTOR('',#8808,39.3700787401575);
#5380=VECTOR('',#8813,39.3700787401575);
#5381=VECTOR('',#8820,39.3700787401575);
#5382=VECTOR('',#8827,39.3700787401575);
#5383=VECTOR('',#8834,39.3700787401575);
#5384=VECTOR('',#8841,39.3700787401575);
#5385=VECTOR('',#8846,39.3700787401575);
#5386=VECTOR('',#8847,39.3700787401575);
#5387=VECTOR('',#8848,39.3700787401575);
#5388=VECTOR('',#8851,39.3700787401575);
#5389=VECTOR('',#8852,39.3700787401575);
#5390=VECTOR('',#8853,39.3700787401575);
#5391=VECTOR('',#8856,39.3700787401575);
#5392=VECTOR('',#8857,39.3700787401575);
#5393=VECTOR('',#8858,39.3700787401575);
#5394=VECTOR('',#8861,39.3700787401575);
#5395=VECTOR('',#8862,39.3700787401575);
#5396=VECTOR('',#8863,39.3700787401575);
#5397=VECTOR('',#8866,39.3700787401575);
#5398=VECTOR('',#8867,39.3700787401575);
#5399=VECTOR('',#8868,39.3700787401575);
#5400=VECTOR('',#8871,39.3700787401575);
#5401=VECTOR('',#8872,39.3700787401575);
#5402=VECTOR('',#8873,39.3700787401575);
#5403=VECTOR('',#8876,39.3700787401575);
#5404=VECTOR('',#8877,39.3700787401575);
#5405=VECTOR('',#8878,39.3700787401575);
#5406=VECTOR('',#8879,39.3700787401575);
#5407=VECTOR('',#8882,39.3700787401575);
#5408=VECTOR('',#8883,39.3700787401575);
#5409=VECTOR('',#8884,39.3700787401575);
#5410=VECTOR('',#8885,39.3700787401575);
#5411=VECTOR('',#8888,39.3700787401575);
#5412=VECTOR('',#8889,39.3700787401575);
#5413=VECTOR('',#8890,39.3700787401575);
#5414=VECTOR('',#8891,39.3700787401575);
#5415=VECTOR('',#8894,39.3700787401575);
#5416=VECTOR('',#8895,39.3700787401575);
#5417=VECTOR('',#8896,39.3700787401575);
#5418=VECTOR('',#8897,39.3700787401575);
#5419=VECTOR('',#8900,39.3700787401575);
#5420=VECTOR('',#8901,39.3700787401575);
#5421=VECTOR('',#8902,39.3700787401575);
#5422=VECTOR('',#8903,39.3700787401575);
#5423=VECTOR('',#8906,39.3700787401575);
#5424=VECTOR('',#8907,39.3700787401575);
#5425=VECTOR('',#8908,39.3700787401575);
#5426=VECTOR('',#8909,39.3700787401575);
#5427=VECTOR('',#8916,39.3700787401575);
#5428=VECTOR('',#8921,39.3700787401575);
#5429=VECTOR('',#8928,39.3700787401575);
#5430=VECTOR('',#8935,39.3700787401575);
#5431=VECTOR('',#8942,39.3700787401575);
#5432=VECTOR('',#8949,39.3700787401575);
#5433=VECTOR('',#8954,39.3700787401575);
#5434=VECTOR('',#8955,39.3700787401575);
#5435=VECTOR('',#8956,39.3700787401575);
#5436=VECTOR('',#8959,39.3700787401575);
#5437=VECTOR('',#8960,39.3700787401575);
#5438=VECTOR('',#8961,39.3700787401575);
#5439=VECTOR('',#8964,39.3700787401575);
#5440=VECTOR('',#8965,39.3700787401575);
#5441=VECTOR('',#8966,39.3700787401575);
#5442=VECTOR('',#8969,39.3700787401575);
#5443=VECTOR('',#8970,39.3700787401575);
#5444=VECTOR('',#8971,39.3700787401575);
#5445=VECTOR('',#8974,39.3700787401575);
#5446=VECTOR('',#8975,39.3700787401575);
#5447=VECTOR('',#8976,39.3700787401575);
#5448=VECTOR('',#8979,39.3700787401575);
#5449=VECTOR('',#8980,39.3700787401575);
#5450=VECTOR('',#8981,39.3700787401575);
#5451=VECTOR('',#8984,39.3700787401575);
#5452=VECTOR('',#8985,39.3700787401575);
#5453=VECTOR('',#8986,39.3700787401575);
#5454=VECTOR('',#8989,39.3700787401575);
#5455=VECTOR('',#8990,39.3700787401575);
#5456=VECTOR('',#8991,39.3700787401575);
#5457=VECTOR('',#8994,39.3700787401575);
#5458=VECTOR('',#8995,39.3700787401575);
#5459=VECTOR('',#8996,39.3700787401575);
#5460=VECTOR('',#8999,39.3700787401575);
#5461=VECTOR('',#9000,39.3700787401575);
#5462=VECTOR('',#9001,39.3700787401575);
#5463=VECTOR('',#9004,39.3700787401575);
#5464=VECTOR('',#9005,39.3700787401575);
#5465=VECTOR('',#9006,39.3700787401575);
#5466=VECTOR('',#9009,39.3700787401575);
#5467=VECTOR('',#9010,39.3700787401575);
#5468=VECTOR('',#9011,39.3700787401575);
#5469=VECTOR('',#9014,39.3700787401575);
#5470=VECTOR('',#9015,39.3700787401575);
#5471=VECTOR('',#9016,39.3700787401575);
#5472=VECTOR('',#9019,39.3700787401575);
#5473=VECTOR('',#9020,39.3700787401575);
#5474=VECTOR('',#9021,39.3700787401575);
#5475=VECTOR('',#9024,39.3700787401575);
#5476=VECTOR('',#9025,39.3700787401575);
#5477=VECTOR('',#9026,39.3700787401575);
#5478=VECTOR('',#9029,39.3700787401575);
#5479=VECTOR('',#9030,39.3700787401575);
#5480=VECTOR('',#9031,39.3700787401575);
#5481=VECTOR('',#9034,39.3700787401575);
#5482=VECTOR('',#9035,39.3700787401575);
#5483=VECTOR('',#9036,39.3700787401575);
#5484=VECTOR('',#9039,39.3700787401575);
#5485=VECTOR('',#9040,39.3700787401575);
#5486=VECTOR('',#9041,39.3700787401575);
#5487=VECTOR('',#9044,39.3700787401575);
#5488=VECTOR('',#9045,39.3700787401575);
#5489=VECTOR('',#9046,39.3700787401575);
#5490=VECTOR('',#9047,39.3700787401575);
#5491=VECTOR('',#9050,39.3700787401575);
#5492=VECTOR('',#9051,39.3700787401575);
#5493=VECTOR('',#9052,39.3700787401575);
#5494=VECTOR('',#9055,39.3700787401575);
#5495=VECTOR('',#9056,39.3700787401575);
#5496=VECTOR('',#9057,39.3700787401575);
#5497=VECTOR('',#9062,39.3700787401575);
#5498=VECTOR('',#9067,39.3700787401575);
#5499=VECTOR('',#9068,39.3700787401575);
#5500=VECTOR('',#9069,39.3700787401575);
#5501=VECTOR('',#9072,39.3700787401575);
#5502=VECTOR('',#9073,39.3700787401575);
#5503=VECTOR('',#9074,39.3700787401575);
#5504=VECTOR('',#9075,39.3700787401575);
#5505=VECTOR('',#9076,39.3700787401575);
#5506=VECTOR('',#9077,39.3700787401575);
#5507=VECTOR('',#9078,39.3700787401575);
#5508=VECTOR('',#9079,39.3700787401575);
#5509=VECTOR('',#9080,39.3700787401575);
#5510=VECTOR('',#9081,39.3700787401575);
#5511=VECTOR('',#9082,39.3700787401575);
#5512=VECTOR('',#9083,39.3700787401575);
#5513=VECTOR('',#9084,39.3700787401575);
#5514=VECTOR('',#9085,39.3700787401575);
#5515=VECTOR('',#9086,39.3700787401575);
#5516=VECTOR('',#9087,39.3700787401575);
#5517=VECTOR('',#9088,39.3700787401575);
#5518=VECTOR('',#9089,39.3700787401575);
#5519=VECTOR('',#9090,39.3700787401575);
#5520=VECTOR('',#9091,39.3700787401575);
#5521=VECTOR('',#9092,39.3700787401575);
#5522=VECTOR('',#9093,39.3700787401575);
#5523=VECTOR('',#9094,39.3700787401575);
#5524=VECTOR('',#9095,39.3700787401575);
#5525=VECTOR('',#9096,39.3700787401575);
#5526=VECTOR('',#9097,39.3700787401575);
#5527=VECTOR('',#9098,39.3700787401575);
#5528=VECTOR('',#9099,39.3700787401575);
#5529=VECTOR('',#9100,39.3700787401575);
#5530=VECTOR('',#9101,39.3700787401575);
#5531=VECTOR('',#9102,39.3700787401575);
#5532=VECTOR('',#9103,39.3700787401575);
#5533=VECTOR('',#9104,39.3700787401575);
#5534=VECTOR('',#9105,39.3700787401575);
#5535=VECTOR('',#9106,39.3700787401575);
#5536=VECTOR('',#9107,39.3700787401575);
#5537=VECTOR('',#9108,39.3700787401575);
#5538=VECTOR('',#9109,39.3700787401575);
#5539=VECTOR('',#9110,39.3700787401575);
#5540=VECTOR('',#9113,39.3700787401575);
#5541=VECTOR('',#9114,39.3700787401575);
#5542=VECTOR('',#9115,39.3700787401575);
#5543=VECTOR('',#9120,39.3700787401575);
#5544=VECTOR('',#9125,39.3700787401575);
#5545=VECTOR('',#9126,39.3700787401575);
#5546=VECTOR('',#9127,39.3700787401575);
#5547=VECTOR('',#9130,39.3700787401575);
#5548=VECTOR('',#9131,39.3700787401575);
#5549=VECTOR('',#9132,39.3700787401575);
#5550=VECTOR('',#9135,39.3700787401575);
#5551=VECTOR('',#9136,39.3700787401575);
#5552=VECTOR('',#9137,39.3700787401575);
#5553=VECTOR('',#9140,39.3700787401575);
#5554=VECTOR('',#9141,39.3700787401575);
#5555=VECTOR('',#9142,39.3700787401575);
#5556=VECTOR('',#9143,39.3700787401575);
#5557=VECTOR('',#9144,39.3700787401575);
#5558=VECTOR('',#9145,39.3700787401575);
#5559=VECTOR('',#9146,39.3700787401575);
#5560=VECTOR('',#9147,39.3700787401575);
#5561=VECTOR('',#9148,39.3700787401575);
#5562=VECTOR('',#9149,39.3700787401575);
#5563=VECTOR('',#9150,39.3700787401575);
#5564=VECTOR('',#9151,39.3700787401575);
#5565=VECTOR('',#9152,39.3700787401575);
#5566=VECTOR('',#9153,39.3700787401575);
#5567=VECTOR('',#9154,39.3700787401575);
#5568=VECTOR('',#9157,39.3700787401575);
#5569=VECTOR('',#9158,39.3700787401575);
#5570=VECTOR('',#9159,39.3700787401575);
#5571=VECTOR('',#9160,39.3700787401575);
#5572=VECTOR('',#9161,39.3700787401575);
#5573=VECTOR('',#9162,39.3700787401575);
#5574=VECTOR('',#9163,39.3700787401575);
#5575=VECTOR('',#9164,39.3700787401575);
#5576=VECTOR('',#9165,39.3700787401575);
#5577=VECTOR('',#9166,39.3700787401575);
#5578=VECTOR('',#9167,39.3700787401575);
#5579=VECTOR('',#9168,39.3700787401575);
#5580=VECTOR('',#9169,39.3700787401575);
#5581=VECTOR('',#9170,39.3700787401575);
#5582=VECTOR('',#9227,39.3700787401575);
#5583=VECTOR('',#9228,39.3700787401575);
#5584=VECTOR('',#9229,39.3700787401575);
#5585=VECTOR('',#9230,39.3700787401575);
#5586=VECTOR('',#9231,39.3700787401575);
#5587=VECTOR('',#9232,39.3700787401575);
#5588=VECTOR('',#9233,39.3700787401575);
#5589=VECTOR('',#9234,39.3700787401575);
#5590=VECTOR('',#9235,39.3700787401575);
#5591=VECTOR('',#9236,39.3700787401575);
#5592=VECTOR('',#9239,39.3700787401575);
#5593=VECTOR('',#9240,39.3700787401575);
#5594=VECTOR('',#9241,39.3700787401575);
#5595=VECTOR('',#9246,39.3700787401575);
#5596=VECTOR('',#9251,39.3700787401575);
#5597=VECTOR('',#9252,39.3700787401575);
#5598=VECTOR('',#9253,39.3700787401575);
#5599=VECTOR('',#9258,39.3700787401575);
#5600=VECTOR('',#9263,39.3700787401575);
#5601=VECTOR('',#9264,39.3700787401575);
#5602=VECTOR('',#9265,39.3700787401575);
#5603=VECTOR('',#9268,39.3700787401575);
#5604=VECTOR('',#9269,39.3700787401575);
#5605=VECTOR('',#9270,39.3700787401575);
#5606=VECTOR('',#9273,39.3700787401575);
#5607=VECTOR('',#9274,39.3700787401575);
#5608=VECTOR('',#9275,39.3700787401575);
#5609=VECTOR('',#9278,39.3700787401575);
#5610=VECTOR('',#9279,39.3700787401575);
#5611=VECTOR('',#9280,39.3700787401575);
#5612=VECTOR('',#9283,39.3700787401575);
#5613=VECTOR('',#9284,39.3700787401575);
#5614=VECTOR('',#9285,39.3700787401575);
#5615=VECTOR('',#9288,39.3700787401575);
#5616=VECTOR('',#9289,39.3700787401575);
#5617=VECTOR('',#9290,39.3700787401575);
#5618=VECTOR('',#9293,39.3700787401575);
#5619=VECTOR('',#9294,39.3700787401575);
#5620=VECTOR('',#9295,39.3700787401575);
#5621=VECTOR('',#9300,39.3700787401575);
#5622=VECTOR('',#9305,39.3700787401575);
#5623=VECTOR('',#9306,39.3700787401575);
#5624=VECTOR('',#9307,39.3700787401575);
#5625=VECTOR('',#9312,39.3700787401575);
#5626=VECTOR('',#9317,39.3700787401575);
#5627=VECTOR('',#9318,39.3700787401575);
#5628=VECTOR('',#9319,39.3700787401575);
#5629=VECTOR('',#9322,39.3700787401575);
#5630=VECTOR('',#9323,39.3700787401575);
#5631=VECTOR('',#9324,39.3700787401575);
#5632=VECTOR('',#9327,39.3700787401575);
#5633=VECTOR('',#9328,39.3700787401575);
#5634=VECTOR('',#9329,39.3700787401575);
#5635=VECTOR('',#9332,39.3700787401575);
#5636=VECTOR('',#9333,39.3700787401575);
#5637=VECTOR('',#9334,39.3700787401575);
#5638=VECTOR('',#9337,39.3700787401575);
#5639=VECTOR('',#9338,39.3700787401575);
#5640=VECTOR('',#9339,39.3700787401575);
#5641=VECTOR('',#9342,39.3700787401575);
#5642=VECTOR('',#9343,39.3700787401575);
#5643=VECTOR('',#9344,39.3700787401575);
#5644=VECTOR('',#9347,39.3700787401575);
#5645=VECTOR('',#9348,39.3700787401575);
#5646=VECTOR('',#9349,39.3700787401575);
#5647=VECTOR('',#9354,39.3700787401575);
#5648=VECTOR('',#9359,39.3700787401575);
#5649=VECTOR('',#9360,39.3700787401575);
#5650=VECTOR('',#9361,39.3700787401575);
#5651=VECTOR('',#9366,39.3700787401575);
#5652=VECTOR('',#9371,39.3700787401575);
#5653=VECTOR('',#9372,39.3700787401575);
#5654=VECTOR('',#9379,39.3700787401575);
#5655=VECTOR('',#9380,39.3700787401575);
#5656=VECTOR('',#9381,39.3700787401575);
#5657=VECTOR('',#9384,39.3700787401575);
#5658=VECTOR('',#9385,39.3700787401575);
#5659=VECTOR('',#9388,39.3700787401575);
#5660=VECTOR('',#9389,39.3700787401575);
#5661=VECTOR('',#9392,39.3700787401575);
#5662=VECTOR('',#9393,39.3700787401575);
#5663=VECTOR('',#9396,39.3700787401575);
#5664=VECTOR('',#9397,39.3700787401575);
#5665=VECTOR('',#9400,39.3700787401575);
#5666=EDGE_LOOP('',(#102,#103,#104,#105,#106,#107,#108,#109,#110,#111));
#5667=EDGE_LOOP('',(#112,#113,#114,#115,#116));
#5668=EDGE_LOOP('',(#117,#118,#119,#120,#121));
#5669=EDGE_LOOP('',(#122,#123,#124,#125));
#5670=EDGE_LOOP('',(#126,#127,#128,#129));
#5671=EDGE_LOOP('',(#130,#131,#132,#133));
#5672=EDGE_LOOP('',(#134,#135,#136,#137));
#5673=EDGE_LOOP('',(#138,#139,#140,#141));
#5674=EDGE_LOOP('',(#142,#143,#144,#145));
#5675=EDGE_LOOP('',(#146,#147,#148,#149));
#5676=EDGE_LOOP('',(#150,#151,#152,#153));
#5677=EDGE_LOOP('',(#154,#155,#156,#157));
#5678=EDGE_LOOP('',(#158,#159,#160,#161));
#5679=EDGE_LOOP('',(#162,#163,#164,#165));
#5680=EDGE_LOOP('',(#166,#167,#168,#169));
#5681=EDGE_LOOP('',(#170,#171,#172,#173));
#5682=EDGE_LOOP('',(#174,#175,#176,#177));
#5683=EDGE_LOOP('',(#178,#179,#180,#181));
#5684=EDGE_LOOP('',(#182,#183,#184,#185));
#5685=EDGE_LOOP('',(#186,#187,#188,#189));
#5686=EDGE_LOOP('',(#190,#191,#192,#193));
#5687=EDGE_LOOP('',(#194,#195,#196,#197));
#5688=EDGE_LOOP('',(#198,#199,#200,#201));
#5689=EDGE_LOOP('',(#202,#203,#204,#205));
#5690=EDGE_LOOP('',(#206,#207,#208,#209));
#5691=EDGE_LOOP('',(#210,#211,#212,#213));
#5692=EDGE_LOOP('',(#214,#215,#216,#217));
#5693=EDGE_LOOP('',(#218,#219,#220,#221));
#5694=EDGE_LOOP('',(#222,#223,#224,#225));
#5695=EDGE_LOOP('',(#226,#227,#228,#229));
#5696=EDGE_LOOP('',(#230,#231,#232,#233));
#5697=EDGE_LOOP('',(#234,#235,#236,#237));
#5698=EDGE_LOOP('',(#238,#239,#240,#241));
#5699=EDGE_LOOP('',(#242,#243,#244,#245));
#5700=EDGE_LOOP('',(#246,#247,#248,#249));
#5701=EDGE_LOOP('',(#250,#251,#252,#253));
#5702=EDGE_LOOP('',(#254,#255,#256,#257));
#5703=EDGE_LOOP('',(#258,#259,#260,#261));
#5704=EDGE_LOOP('',(#262,#263,#264,#265));
#5705=EDGE_LOOP('',(#266,#267,#268,#269,#270,#271,#272,#273,#274,#275,#276,
#277));
#5706=EDGE_LOOP('',(#278,#279,#280,#281));
#5707=EDGE_LOOP('',(#282,#283,#284,#285,#286,#287,#288,#289,#290,#291,#292,
#293));
#5708=EDGE_LOOP('',(#294,#295,#296,#297));
#5709=EDGE_LOOP('',(#298,#299,#300,#301));
#5710=EDGE_LOOP('',(#302,#303,#304,#305));
#5711=EDGE_LOOP('',(#306,#307,#308,#309));
#5712=EDGE_LOOP('',(#310,#311,#312,#313));
#5713=EDGE_LOOP('',(#314,#315,#316,#317));
#5714=EDGE_LOOP('',(#318,#319,#320,#321,#322,#323));
#5715=EDGE_LOOP('',(#324,#325,#326,#327));
#5716=EDGE_LOOP('',(#328,#329,#330,#331,#332,#333));
#5717=EDGE_LOOP('',(#334,#335,#336,#337));
#5718=EDGE_LOOP('',(#338,#339,#340,#341));
#5719=EDGE_LOOP('',(#342,#343,#344,#345,#346,#347));
#5720=EDGE_LOOP('',(#348,#349,#350,#351));
#5721=EDGE_LOOP('',(#352,#353,#354,#355,#356,#357));
#5722=EDGE_LOOP('',(#358,#359,#360,#361));
#5723=EDGE_LOOP('',(#362,#363,#364,#365));
#5724=EDGE_LOOP('',(#366,#367,#368,#369));
#5725=EDGE_LOOP('',(#370,#371,#372,#373));
#5726=EDGE_LOOP('',(#374,#375,#376,#377));
#5727=EDGE_LOOP('',(#378,#379,#380,#381));
#5728=EDGE_LOOP('',(#382,#383,#384,#385));
#5729=EDGE_LOOP('',(#386,#387,#388,#389));
#5730=EDGE_LOOP('',(#390,#391,#392,#393,#394,#395));
#5731=EDGE_LOOP('',(#396,#397,#398,#399,#400,#401));
#5732=EDGE_LOOP('',(#402,#403,#404,#405,#406,#407));
#5733=EDGE_LOOP('',(#408,#409,#410,#411,#412,#413));
#5734=EDGE_LOOP('',(#414,#415,#416,#417));
#5735=EDGE_LOOP('',(#418,#419,#420,#421));
#5736=EDGE_LOOP('',(#422,#423,#424,#425));
#5737=EDGE_LOOP('',(#426,#427,#428,#429));
#5738=EDGE_LOOP('',(#430,#431,#432,#433));
#5739=EDGE_LOOP('',(#434,#435,#436,#437));
#5740=EDGE_LOOP('',(#438,#439,#440,#441));
#5741=EDGE_LOOP('',(#442,#443,#444,#445));
#5742=EDGE_LOOP('',(#446,#447,#448,#449));
#5743=EDGE_LOOP('',(#450,#451,#452,#453));
#5744=EDGE_LOOP('',(#454,#455,#456,#457));
#5745=EDGE_LOOP('',(#458,#459,#460,#461));
#5746=EDGE_LOOP('',(#462,#463,#464,#465));
#5747=EDGE_LOOP('',(#466,#467,#468,#469));
#5748=EDGE_LOOP('',(#470,#471,#472,#473));
#5749=EDGE_LOOP('',(#474,#475,#476,#477));
#5750=EDGE_LOOP('',(#478,#479,#480,#481));
#5751=EDGE_LOOP('',(#482,#483,#484,#485,#486,#487,#488,#489,#490,#491,#492,
#493));
#5752=EDGE_LOOP('',(#494,#495,#496,#497));
#5753=EDGE_LOOP('',(#498,#499,#500,#501));
#5754=EDGE_LOOP('',(#502,#503,#504,#505));
#5755=EDGE_LOOP('',(#506,#507,#508,#509));
#5756=EDGE_LOOP('',(#510,#511,#512,#513,#514,#515,#516,#517,#518,#519,#520,
#521));
#5757=EDGE_LOOP('',(#522,#523,#524,#525));
#5758=EDGE_LOOP('',(#526,#527,#528,#529));
#5759=EDGE_LOOP('',(#530,#531,#532,#533));
#5760=EDGE_LOOP('',(#534,#535,#536,#537));
#5761=EDGE_LOOP('',(#538,#539,#540,#541));
#5762=EDGE_LOOP('',(#542,#543,#544,#545,#546,#547));
#5763=EDGE_LOOP('',(#548,#549,#550,#551,#552,#553));
#5764=EDGE_LOOP('',(#554,#555,#556,#557,#558,#559));
#5765=EDGE_LOOP('',(#560,#561,#562,#563));
#5766=EDGE_LOOP('',(#564,#565,#566,#567,#568,#569));
#5767=EDGE_LOOP('',(#570,#571,#572,#573));
#5768=EDGE_LOOP('',(#574,#575,#576,#577));
#5769=EDGE_LOOP('',(#578,#579,#580,#581));
#5770=EDGE_LOOP('',(#582,#583,#584,#585));
#5771=EDGE_LOOP('',(#586,#587,#588,#589));
#5772=EDGE_LOOP('',(#590,#591,#592,#593));
#5773=EDGE_LOOP('',(#594,#595,#596,#597));
#5774=EDGE_LOOP('',(#598,#599,#600,#601));
#5775=EDGE_LOOP('',(#602,#603,#604,#605));
#5776=EDGE_LOOP('',(#606,#607,#608,#609));
#5777=EDGE_LOOP('',(#610,#611,#612,#613));
#5778=EDGE_LOOP('',(#614,#615,#616,#617));
#5779=EDGE_LOOP('',(#618,#619,#620,#621));
#5780=EDGE_LOOP('',(#622,#623,#624,#625));
#5781=EDGE_LOOP('',(#626,#627,#628,#629,#630,#631,#632));
#5782=EDGE_LOOP('',(#633,#634,#635,#636,#637,#638,#639));
#5783=EDGE_LOOP('',(#640,#641,#642,#643,#644,#645,#646));
#5784=EDGE_LOOP('',(#647,#648,#649,#650,#651,#652,#653));
#5785=EDGE_LOOP('',(#654,#655,#656,#657));
#5786=EDGE_LOOP('',(#658,#659,#660,#661));
#5787=EDGE_LOOP('',(#662,#663,#664,#665));
#5788=EDGE_LOOP('',(#666,#667,#668,#669));
#5789=EDGE_LOOP('',(#670,#671,#672,#673));
#5790=EDGE_LOOP('',(#674,#675,#676,#677));
#5791=EDGE_LOOP('',(#678,#679,#680,#681));
#5792=EDGE_LOOP('',(#682,#683,#684,#685));
#5793=EDGE_LOOP('',(#686,#687,#688,#689));
#5794=EDGE_LOOP('',(#690,#691,#692,#693));
#5795=EDGE_LOOP('',(#694,#695,#696,#697));
#5796=EDGE_LOOP('',(#698,#699,#700,#701));
#5797=EDGE_LOOP('',(#702,#703,#704,#705));
#5798=EDGE_LOOP('',(#706,#707,#708,#709));
#5799=EDGE_LOOP('',(#710,#711,#712,#713));
#5800=EDGE_LOOP('',(#714,#715,#716,#717));
#5801=EDGE_LOOP('',(#718,#719,#720,#721));
#5802=EDGE_LOOP('',(#722,#723,#724,#725));
#5803=EDGE_LOOP('',(#726,#727,#728,#729));
#5804=EDGE_LOOP('',(#730,#731,#732,#733));
#5805=EDGE_LOOP('',(#734,#735,#736,#737));
#5806=EDGE_LOOP('',(#738,#739,#740,#741));
#5807=EDGE_LOOP('',(#742,#743,#744,#745));
#5808=EDGE_LOOP('',(#746,#747,#748,#749));
#5809=EDGE_LOOP('',(#750,#751,#752,#753));
#5810=EDGE_LOOP('',(#754,#755,#756,#757));
#5811=EDGE_LOOP('',(#758,#759,#760,#761));
#5812=EDGE_LOOP('',(#762,#763,#764,#765));
#5813=EDGE_LOOP('',(#766,#767,#768,#769));
#5814=EDGE_LOOP('',(#770,#771,#772,#773));
#5815=EDGE_LOOP('',(#774,#775,#776,#777));
#5816=EDGE_LOOP('',(#778,#779,#780,#781));
#5817=EDGE_LOOP('',(#782,#783,#784,#785));
#5818=EDGE_LOOP('',(#786,#787,#788,#789));
#5819=EDGE_LOOP('',(#790,#791,#792,#793));
#5820=EDGE_LOOP('',(#794,#795,#796,#797));
#5821=EDGE_LOOP('',(#798,#799,#800,#801));
#5822=EDGE_LOOP('',(#802,#803,#804,#805));
#5823=EDGE_LOOP('',(#806,#807,#808,#809));
#5824=EDGE_LOOP('',(#810,#811,#812,#813));
#5825=EDGE_LOOP('',(#814,#815,#816,#817));
#5826=EDGE_LOOP('',(#818,#819,#820,#821));
#5827=EDGE_LOOP('',(#822,#823,#824,#825));
#5828=EDGE_LOOP('',(#826,#827,#828,#829));
#5829=EDGE_LOOP('',(#830,#831,#832,#833));
#5830=EDGE_LOOP('',(#834,#835,#836,#837));
#5831=EDGE_LOOP('',(#838,#839,#840,#841));
#5832=EDGE_LOOP('',(#842,#843,#844,#845));
#5833=EDGE_LOOP('',(#846,#847,#848,#849));
#5834=EDGE_LOOP('',(#850,#851,#852,#853));
#5835=EDGE_LOOP('',(#854,#855,#856,#857));
#5836=EDGE_LOOP('',(#858,#859,#860,#861));
#5837=EDGE_LOOP('',(#862,#863,#864,#865));
#5838=EDGE_LOOP('',(#866,#867,#868,#869));
#5839=EDGE_LOOP('',(#870,#871,#872,#873));
#5840=EDGE_LOOP('',(#874,#875,#876,#877));
#5841=EDGE_LOOP('',(#878,#879,#880,#881));
#5842=EDGE_LOOP('',(#882,#883,#884,#885));
#5843=EDGE_LOOP('',(#886,#887,#888,#889));
#5844=EDGE_LOOP('',(#890,#891,#892,#893));
#5845=EDGE_LOOP('',(#894,#895,#896,#897));
#5846=EDGE_LOOP('',(#898,#899,#900,#901));
#5847=EDGE_LOOP('',(#902,#903,#904,#905));
#5848=EDGE_LOOP('',(#906,#907,#908,#909));
#5849=EDGE_LOOP('',(#910,#911,#912,#913));
#5850=EDGE_LOOP('',(#914,#915,#916,#917));
#5851=EDGE_LOOP('',(#918,#919,#920,#921));
#5852=EDGE_LOOP('',(#922,#923,#924,#925));
#5853=EDGE_LOOP('',(#926,#927,#928,#929));
#5854=EDGE_LOOP('',(#930,#931,#932,#933));
#5855=EDGE_LOOP('',(#934,#935,#936,#937,#938,#939,#940,#941,#942,#943,#944,
#945,#946,#947,#948,#949,#950,#951,#952,#953,#954,#955,#956,#957,#958,#959,
#960,#961));
#5856=EDGE_LOOP('',(#962,#963,#964,#965,#966,#967,#968,#969,#970,#971,#972,
#973,#974,#975,#976,#977,#978,#979,#980,#981,#982,#983,#984,#985,#986,#987,
#988,#989));
#5857=EDGE_LOOP('',(#990,#991,#992,#993));
#5858=EDGE_LOOP('',(#994,#995,#996,#997));
#5859=EDGE_LOOP('',(#998,#999,#1000,#1001));
#5860=EDGE_LOOP('',(#1002,#1003,#1004,#1005));
#5861=EDGE_LOOP('',(#1006,#1007,#1008,#1009));
#5862=EDGE_LOOP('',(#1010,#1011,#1012,#1013,#1014,#1015,#1016,#1017,#1018,
#1019,#1020,#1021,#1022,#1023,#1024,#1025,#1026,#1027,#1028,#1029,#1030,
#1031,#1032,#1033,#1034,#1035,#1036,#1037,#1038,#1039,#1040,#1041,#1042,
#1043,#1044,#1045,#1046,#1047,#1048,#1049,#1050,#1051,#1052,#1053,#1054,
#1055,#1056,#1057,#1058,#1059,#1060,#1061));
#5863=EDGE_LOOP('',(#1062,#1063,#1064,#1065));
#5864=EDGE_LOOP('',(#1066,#1067,#1068,#1069));
#5865=EDGE_LOOP('',(#1070,#1071,#1072,#1073));
#5866=EDGE_LOOP('',(#1074,#1075,#1076,#1077));
#5867=EDGE_LOOP('',(#1078,#1079,#1080,#1081,#1082,#1083,#1084,#1085,#1086));
#5868=EDGE_LOOP('',(#1087,#1088,#1089,#1090,#1091,#1092,#1093,#1094,#1095));
#5869=EDGE_LOOP('',(#1096,#1097,#1098,#1099));
#5870=EDGE_LOOP('',(#1100,#1101,#1102,#1103));
#5871=EDGE_LOOP('',(#1104,#1105,#1106,#1107));
#5872=EDGE_LOOP('',(#1108,#1109,#1110,#1111));
#5873=EDGE_LOOP('',(#1112,#1113,#1114,#1115));
#5874=EDGE_LOOP('',(#1116,#1117,#1118,#1119));
#5875=EDGE_LOOP('',(#1120,#1121,#1122,#1123,#1124));
#5876=EDGE_LOOP('',(#1125,#1126,#1127,#1128,#1129));
#5877=EDGE_LOOP('',(#1130,#1131,#1132,#1133));
#5878=EDGE_LOOP('',(#1134,#1135,#1136,#1137));
#5879=EDGE_LOOP('',(#1138,#1139,#1140,#1141,#1142));
#5880=EDGE_LOOP('',(#1143,#1144,#1145,#1146,#1147));
#5881=EDGE_LOOP('',(#1148,#1149,#1150,#1151));
#5882=EDGE_LOOP('',(#1152,#1153,#1154,#1155));
#5883=EDGE_LOOP('',(#1156,#1157,#1158,#1159,#1160));
#5884=EDGE_LOOP('',(#1161,#1162,#1163,#1164,#1165));
#5885=EDGE_LOOP('',(#1166,#1167,#1168,#1169));
#5886=EDGE_LOOP('',(#1170,#1171,#1172,#1173));
#5887=EDGE_LOOP('',(#1174,#1175,#1176,#1177,#1178));
#5888=EDGE_LOOP('',(#1179,#1180,#1181,#1182,#1183));
#5889=EDGE_LOOP('',(#1184,#1185,#1186,#1187));
#5890=EDGE_LOOP('',(#1188,#1189,#1190,#1191));
#5891=EDGE_LOOP('',(#1192,#1193,#1194,#1195,#1196));
#5892=EDGE_LOOP('',(#1197,#1198,#1199,#1200,#1201));
#5893=EDGE_LOOP('',(#1202,#1203,#1204,#1205));
#5894=EDGE_LOOP('',(#1206,#1207,#1208,#1209));
#5895=EDGE_LOOP('',(#1210,#1211,#1212,#1213,#1214));
#5896=EDGE_LOOP('',(#1215,#1216,#1217,#1218,#1219));
#5897=EDGE_LOOP('',(#1220,#1221,#1222,#1223,#1224));
#5898=EDGE_LOOP('',(#1225,#1226,#1227,#1228,#1229));
#5899=EDGE_LOOP('',(#1230,#1231,#1232,#1233));
#5900=EDGE_LOOP('',(#1234,#1235,#1236,#1237));
#5901=EDGE_LOOP('',(#1238,#1239,#1240,#1241,#1242));
#5902=EDGE_LOOP('',(#1243,#1244,#1245,#1246,#1247));
#5903=EDGE_LOOP('',(#1248,#1249,#1250,#1251));
#5904=EDGE_LOOP('',(#1252,#1253,#1254,#1255));
#5905=EDGE_LOOP('',(#1256,#1257,#1258,#1259,#1260));
#5906=EDGE_LOOP('',(#1261,#1262,#1263,#1264,#1265));
#5907=EDGE_LOOP('',(#1266,#1267,#1268,#1269));
#5908=EDGE_LOOP('',(#1270,#1271,#1272,#1273));
#5909=EDGE_LOOP('',(#1274,#1275,#1276,#1277,#1278));
#5910=EDGE_LOOP('',(#1279,#1280,#1281,#1282,#1283));
#5911=EDGE_LOOP('',(#1284,#1285,#1286,#1287));
#5912=EDGE_LOOP('',(#1288,#1289,#1290,#1291));
#5913=EDGE_LOOP('',(#1292,#1293,#1294,#1295,#1296));
#5914=EDGE_LOOP('',(#1297,#1298,#1299,#1300,#1301));
#5915=EDGE_LOOP('',(#1302,#1303,#1304,#1305));
#5916=EDGE_LOOP('',(#1306,#1307,#1308,#1309));
#5917=EDGE_LOOP('',(#1310,#1311,#1312,#1313,#1314));
#5918=EDGE_LOOP('',(#1315,#1316,#1317,#1318,#1319));
#5919=EDGE_LOOP('',(#1320,#1321,#1322,#1323));
#5920=EDGE_LOOP('',(#1324,#1325,#1326,#1327));
#5921=EDGE_LOOP('',(#1328,#1329,#1330,#1331));
#5922=EDGE_LOOP('',(#1332,#1333,#1334,#1335));
#5923=EDGE_LOOP('',(#1336,#1337,#1338,#1339));
#5924=EDGE_LOOP('',(#1340,#1341,#1342,#1343));
#5925=EDGE_LOOP('',(#1344,#1345,#1346,#1347));
#5926=EDGE_LOOP('',(#1348,#1349,#1350,#1351));
#5927=EDGE_LOOP('',(#1352,#1353,#1354,#1355));
#5928=EDGE_LOOP('',(#1356,#1357,#1358,#1359));
#5929=EDGE_LOOP('',(#1360,#1361,#1362,#1363));
#5930=EDGE_LOOP('',(#1364,#1365,#1366,#1367));
#5931=EDGE_LOOP('',(#1368,#1369,#1370,#1371));
#5932=EDGE_LOOP('',(#1372,#1373,#1374,#1375));
#5933=EDGE_LOOP('',(#1376,#1377,#1378,#1379));
#5934=EDGE_LOOP('',(#1380,#1381,#1382,#1383));
#5935=EDGE_LOOP('',(#1384,#1385,#1386,#1387));
#5936=EDGE_LOOP('',(#1388,#1389,#1390,#1391));
#5937=EDGE_LOOP('',(#1392,#1393,#1394,#1395));
#5938=EDGE_LOOP('',(#1396,#1397,#1398,#1399));
#5939=EDGE_LOOP('',(#1400,#1401,#1402,#1403));
#5940=EDGE_LOOP('',(#1404,#1405,#1406,#1407));
#5941=EDGE_LOOP('',(#1408,#1409,#1410,#1411));
#5942=EDGE_LOOP('',(#1412,#1413,#1414,#1415));
#5943=EDGE_LOOP('',(#1416,#1417,#1418,#1419));
#5944=EDGE_LOOP('',(#1420,#1421,#1422,#1423));
#5945=EDGE_LOOP('',(#1424,#1425,#1426,#1427));
#5946=EDGE_LOOP('',(#1428,#1429,#1430,#1431));
#5947=EDGE_LOOP('',(#1432,#1433,#1434,#1435));
#5948=EDGE_LOOP('',(#1436,#1437,#1438,#1439));
#5949=EDGE_LOOP('',(#1440,#1441,#1442,#1443));
#5950=EDGE_LOOP('',(#1444,#1445,#1446,#1447));
#5951=EDGE_LOOP('',(#1448,#1449,#1450,#1451));
#5952=EDGE_LOOP('',(#1452,#1453,#1454,#1455));
#5953=EDGE_LOOP('',(#1456,#1457,#1458,#1459));
#5954=EDGE_LOOP('',(#1460,#1461,#1462,#1463));
#5955=EDGE_LOOP('',(#1464,#1465,#1466,#1467));
#5956=EDGE_LOOP('',(#1468,#1469,#1470,#1471));
#5957=EDGE_LOOP('',(#1472,#1473,#1474,#1475));
#5958=EDGE_LOOP('',(#1476,#1477,#1478,#1479));
#5959=EDGE_LOOP('',(#1480,#1481,#1482,#1483));
#5960=EDGE_LOOP('',(#1484,#1485,#1486,#1487));
#5961=EDGE_LOOP('',(#1488,#1489,#1490,#1491));
#5962=EDGE_LOOP('',(#1492,#1493,#1494,#1495));
#5963=EDGE_LOOP('',(#1496,#1497,#1498,#1499));
#5964=EDGE_LOOP('',(#1500,#1501,#1502,#1503));
#5965=EDGE_LOOP('',(#1504,#1505,#1506,#1507));
#5966=EDGE_LOOP('',(#1508,#1509,#1510,#1511));
#5967=EDGE_LOOP('',(#1512,#1513,#1514,#1515));
#5968=EDGE_LOOP('',(#1516,#1517,#1518,#1519));
#5969=EDGE_LOOP('',(#1520,#1521,#1522,#1523));
#5970=EDGE_LOOP('',(#1524,#1525,#1526,#1527));
#5971=EDGE_LOOP('',(#1528,#1529,#1530,#1531));
#5972=EDGE_LOOP('',(#1532,#1533,#1534,#1535));
#5973=EDGE_LOOP('',(#1536,#1537,#1538,#1539));
#5974=EDGE_LOOP('',(#1540,#1541,#1542,#1543));
#5975=EDGE_LOOP('',(#1544,#1545,#1546,#1547));
#5976=EDGE_LOOP('',(#1548,#1549,#1550,#1551));
#5977=EDGE_LOOP('',(#1552,#1553,#1554,#1555));
#5978=EDGE_LOOP('',(#1556,#1557,#1558,#1559));
#5979=EDGE_LOOP('',(#1560,#1561,#1562,#1563));
#5980=EDGE_LOOP('',(#1564,#1565,#1566,#1567));
#5981=EDGE_LOOP('',(#1568,#1569,#1570,#1571));
#5982=EDGE_LOOP('',(#1572,#1573,#1574,#1575));
#5983=EDGE_LOOP('',(#1576,#1577,#1578,#1579));
#5984=EDGE_LOOP('',(#1580,#1581,#1582,#1583));
#5985=EDGE_LOOP('',(#1584,#1585,#1586,#1587));
#5986=EDGE_LOOP('',(#1588,#1589,#1590,#1591,#1592,#1593,#1594,#1595,#1596,
#1597,#1598,#1599,#1600,#1601,#1602,#1603,#1604,#1605,#1606,#1607,#1608,
#1609,#1610,#1611,#1612,#1613,#1614,#1615,#1616,#1617,#1618,#1619,#1620,
#1621,#1622,#1623,#1624,#1625,#1626,#1627,#1628,#1629,#1630,#1631,#1632,
#1633,#1634,#1635,#1636,#1637,#1638,#1639));
#5987=EDGE_LOOP('',(#1640,#1641,#1642,#1643));
#5988=EDGE_LOOP('',(#1644,#1645,#1646,#1647));
#5989=EDGE_LOOP('',(#1648,#1649,#1650,#1651));
#5990=EDGE_LOOP('',(#1652,#1653,#1654,#1655));
#5991=EDGE_LOOP('',(#1656,#1657,#1658,#1659));
#5992=EDGE_LOOP('',(#1660,#1661,#1662,#1663,#1664,#1665,#1666,#1667,#1668,
#1669,#1670,#1671,#1672,#1673,#1674,#1675,#1676,#1677,#1678,#1679,#1680,
#1681,#1682,#1683,#1684,#1685,#1686,#1687));
#5993=EDGE_LOOP('',(#1688,#1689,#1690,#1691,#1692,#1693,#1694,#1695,#1696,
#1697,#1698,#1699,#1700,#1701,#1702,#1703,#1704,#1705,#1706,#1707,#1708,
#1709,#1710,#1711,#1712,#1713,#1714,#1715));
#5994=EDGE_LOOP('',(#1716,#1717,#1718,#1719,#1720,#1721,#1722,#1723,#1724,
#1725,#1726,#1727,#1728));
#5995=EDGE_LOOP('',(#1729,#1730,#1731,#1732,#1733,#1734,#1735,#1736,#1737,
#1738,#1739,#1740,#1741));
#5996=EDGE_LOOP('',(#1742,#1743,#1744,#1745,#1746,#1747,#1748));
#5997=EDGE_LOOP('',(#1749,#1750,#1751,#1752,#1753,#1754,#1755));
#5998=EDGE_LOOP('',(#1756,#1757,#1758,#1759,#1760,#1761,#1762));
#5999=EDGE_LOOP('',(#1763,#1764,#1765,#1766,#1767,#1768,#1769));
#6000=EDGE_LOOP('',(#1770,#1771,#1772,#1773,#1774,#1775,#1776));
#6001=EDGE_LOOP('',(#1777,#1778,#1779,#1780,#1781,#1782,#1783));
#6002=EDGE_LOOP('',(#1784,#1785,#1786,#1787,#1788,#1789,#1790));
#6003=EDGE_LOOP('',(#1791,#1792,#1793,#1794,#1795,#1796,#1797));
#6004=EDGE_LOOP('',(#1798,#1799,#1800,#1801,#1802,#1803,#1804));
#6005=EDGE_LOOP('',(#1805,#1806,#1807,#1808,#1809,#1810,#1811));
#6006=EDGE_LOOP('',(#1812,#1813,#1814,#1815,#1816,#1817,#1818));
#6007=EDGE_LOOP('',(#1819,#1820,#1821,#1822,#1823,#1824,#1825));
#6008=EDGE_LOOP('',(#1826,#1827,#1828,#1829,#1830,#1831,#1832));
#6009=EDGE_LOOP('',(#1833,#1834,#1835,#1836,#1837,#1838,#1839));
#6010=EDGE_LOOP('',(#1840,#1841,#1842,#1843,#1844,#1845,#1846));
#6011=EDGE_LOOP('',(#1847,#1848,#1849,#1850,#1851,#1852,#1853));
#6012=EDGE_LOOP('',(#1854,#1855,#1856,#1857,#1858,#1859,#1860));
#6013=EDGE_LOOP('',(#1861,#1862,#1863,#1864,#1865,#1866,#1867));
#6014=EDGE_LOOP('',(#1868,#1869,#1870,#1871,#1872,#1873,#1874));
#6015=EDGE_LOOP('',(#1875,#1876,#1877,#1878,#1879,#1880,#1881));
#6016=EDGE_LOOP('',(#1882,#1883,#1884,#1885,#1886,#1887,#1888));
#6017=EDGE_LOOP('',(#1889,#1890,#1891,#1892,#1893,#1894,#1895));
#6018=EDGE_LOOP('',(#1896,#1897,#1898,#1899,#1900,#1901,#1902));
#6019=EDGE_LOOP('',(#1903,#1904,#1905,#1906,#1907,#1908,#1909));
#6020=EDGE_LOOP('',(#1910,#1911,#1912,#1913));
#6021=EDGE_LOOP('',(#1914,#1915,#1916,#1917,#1918,#1919));
#6022=EDGE_LOOP('',(#1920,#1921,#1922,#1923));
#6023=EDGE_LOOP('',(#1924,#1925,#1926,#1927));
#6024=EDGE_LOOP('',(#1928,#1929,#1930,#1931));
#6025=EDGE_LOOP('',(#1932,#1933,#1934,#1935));
#6026=EDGE_LOOP('',(#1936,#1937,#1938,#1939));
#6027=EDGE_LOOP('',(#1940,#1941,#1942,#1943));
#6028=EDGE_LOOP('',(#1944,#1945,#1946,#1947));
#6029=EDGE_LOOP('',(#1948,#1949,#1950,#1951));
#6030=EDGE_LOOP('',(#1952,#1953,#1954,#1955));
#6031=EDGE_LOOP('',(#1956,#1957,#1958,#1959));
#6032=EDGE_LOOP('',(#1960,#1961,#1962,#1963));
#6033=EDGE_LOOP('',(#1964,#1965,#1966,#1967));
#6034=EDGE_LOOP('',(#1968,#1969,#1970,#1971));
#6035=EDGE_LOOP('',(#1972,#1973,#1974,#1975));
#6036=EDGE_LOOP('',(#1976,#1977,#1978,#1979));
#6037=EDGE_LOOP('',(#1980,#1981,#1982,#1983));
#6038=EDGE_LOOP('',(#1984,#1985,#1986,#1987));
#6039=EDGE_LOOP('',(#1988,#1989,#1990,#1991));
#6040=EDGE_LOOP('',(#1992,#1993,#1994,#1995));
#6041=EDGE_LOOP('',(#1996,#1997,#1998,#1999));
#6042=EDGE_LOOP('',(#2000,#2001,#2002,#2003));
#6043=EDGE_LOOP('',(#2004,#2005,#2006,#2007));
#6044=EDGE_LOOP('',(#2008,#2009,#2010,#2011));
#6045=EDGE_LOOP('',(#2012,#2013,#2014,#2015));
#6046=EDGE_LOOP('',(#2016,#2017,#2018,#2019));
#6047=EDGE_LOOP('',(#2020,#2021,#2022,#2023,#2024,#2025,#2026,#2027,#2028,
#2029,#2030,#2031,#2032,#2033,#2034,#2035,#2036,#2037,#2038,#2039,#2040,
#2041,#2042,#2043,#2044,#2045));
#6048=EDGE_LOOP('',(#2046,#2047,#2048,#2049,#2050,#2051,#2052,#2053,#2054,
#2055,#2056,#2057,#2058,#2059,#2060,#2061,#2062,#2063,#2064,#2065,#2066,
#2067,#2068,#2069,#2070,#2071));
#6049=EDGE_LOOP('',(#2072,#2073,#2074,#2075));
#6050=EDGE_LOOP('',(#2076,#2077,#2078,#2079));
#6051=EDGE_LOOP('',(#2080,#2081,#2082,#2083));
#6052=EDGE_LOOP('',(#2084,#2085,#2086,#2087));
#6053=EDGE_LOOP('',(#2088,#2089,#2090,#2091));
#6054=EDGE_LOOP('',(#2092,#2093,#2094,#2095));
#6055=EDGE_LOOP('',(#2096,#2097,#2098,#2099,#2100,#2101));
#6056=FACE_BOUND('',#5666,.T.);
#6057=FACE_BOUND('',#5667,.T.);
#6058=FACE_BOUND('',#5668,.T.);
#6059=FACE_BOUND('',#5669,.T.);
#6060=FACE_BOUND('',#5670,.T.);
#6061=FACE_BOUND('',#5671,.T.);
#6062=FACE_BOUND('',#5672,.T.);
#6063=FACE_BOUND('',#5673,.T.);
#6064=FACE_BOUND('',#5674,.T.);
#6065=FACE_BOUND('',#5675,.T.);
#6066=FACE_BOUND('',#5676,.T.);
#6067=FACE_BOUND('',#5677,.T.);
#6068=FACE_BOUND('',#5678,.T.);
#6069=FACE_BOUND('',#5679,.T.);
#6070=FACE_BOUND('',#5680,.T.);
#6071=FACE_BOUND('',#5681,.T.);
#6072=FACE_BOUND('',#5682,.T.);
#6073=FACE_BOUND('',#5683,.T.);
#6074=FACE_BOUND('',#5684,.T.);
#6075=FACE_BOUND('',#5685,.T.);
#6076=FACE_BOUND('',#5686,.T.);
#6077=FACE_BOUND('',#5687,.T.);
#6078=FACE_BOUND('',#5688,.T.);
#6079=FACE_BOUND('',#5689,.T.);
#6080=FACE_BOUND('',#5690,.T.);
#6081=FACE_BOUND('',#5691,.T.);
#6082=FACE_BOUND('',#5692,.T.);
#6083=FACE_BOUND('',#5693,.T.);
#6084=FACE_BOUND('',#5694,.T.);
#6085=FACE_BOUND('',#5695,.T.);
#6086=FACE_BOUND('',#5696,.T.);
#6087=FACE_BOUND('',#5697,.T.);
#6088=FACE_BOUND('',#5698,.T.);
#6089=FACE_BOUND('',#5699,.T.);
#6090=FACE_BOUND('',#5700,.T.);
#6091=FACE_BOUND('',#5701,.T.);
#6092=FACE_BOUND('',#5702,.T.);
#6093=FACE_BOUND('',#5703,.T.);
#6094=FACE_BOUND('',#5704,.T.);
#6095=FACE_BOUND('',#5705,.T.);
#6096=FACE_BOUND('',#5706,.T.);
#6097=FACE_BOUND('',#5707,.T.);
#6098=FACE_BOUND('',#5708,.T.);
#6099=FACE_BOUND('',#5709,.T.);
#6100=FACE_BOUND('',#5710,.T.);
#6101=FACE_BOUND('',#5711,.T.);
#6102=FACE_BOUND('',#5712,.T.);
#6103=FACE_BOUND('',#5713,.T.);
#6104=FACE_BOUND('',#5714,.T.);
#6105=FACE_BOUND('',#5715,.T.);
#6106=FACE_BOUND('',#5716,.T.);
#6107=FACE_BOUND('',#5717,.T.);
#6108=FACE_BOUND('',#5718,.T.);
#6109=FACE_BOUND('',#5719,.T.);
#6110=FACE_BOUND('',#5720,.T.);
#6111=FACE_BOUND('',#5721,.T.);
#6112=FACE_BOUND('',#5722,.T.);
#6113=FACE_BOUND('',#5723,.T.);
#6114=FACE_BOUND('',#5724,.T.);
#6115=FACE_BOUND('',#5725,.T.);
#6116=FACE_BOUND('',#5726,.T.);
#6117=FACE_BOUND('',#5727,.T.);
#6118=FACE_BOUND('',#5728,.T.);
#6119=FACE_BOUND('',#5729,.T.);
#6120=FACE_BOUND('',#5730,.T.);
#6121=FACE_BOUND('',#5731,.T.);
#6122=FACE_BOUND('',#5732,.T.);
#6123=FACE_BOUND('',#5733,.T.);
#6124=FACE_BOUND('',#5734,.T.);
#6125=FACE_BOUND('',#5735,.T.);
#6126=FACE_BOUND('',#5736,.T.);
#6127=FACE_BOUND('',#5737,.T.);
#6128=FACE_BOUND('',#5738,.T.);
#6129=FACE_BOUND('',#5739,.T.);
#6130=FACE_BOUND('',#5740,.T.);
#6131=FACE_BOUND('',#5741,.T.);
#6132=FACE_BOUND('',#5742,.T.);
#6133=FACE_BOUND('',#5743,.T.);
#6134=FACE_BOUND('',#5744,.T.);
#6135=FACE_BOUND('',#5745,.T.);
#6136=FACE_BOUND('',#5746,.T.);
#6137=FACE_BOUND('',#5747,.T.);
#6138=FACE_BOUND('',#5748,.T.);
#6139=FACE_BOUND('',#5749,.T.);
#6140=FACE_BOUND('',#5750,.T.);
#6141=FACE_BOUND('',#5751,.T.);
#6142=FACE_BOUND('',#5752,.T.);
#6143=FACE_BOUND('',#5753,.T.);
#6144=FACE_BOUND('',#5754,.T.);
#6145=FACE_BOUND('',#5755,.T.);
#6146=FACE_BOUND('',#5756,.T.);
#6147=FACE_BOUND('',#5757,.T.);
#6148=FACE_BOUND('',#5758,.T.);
#6149=FACE_BOUND('',#5759,.T.);
#6150=FACE_BOUND('',#5760,.T.);
#6151=FACE_BOUND('',#5761,.T.);
#6152=FACE_BOUND('',#5762,.T.);
#6153=FACE_BOUND('',#5763,.T.);
#6154=FACE_BOUND('',#5764,.T.);
#6155=FACE_BOUND('',#5765,.T.);
#6156=FACE_BOUND('',#5766,.T.);
#6157=FACE_BOUND('',#5767,.T.);
#6158=FACE_BOUND('',#5768,.T.);
#6159=FACE_BOUND('',#5769,.T.);
#6160=FACE_BOUND('',#5770,.T.);
#6161=FACE_BOUND('',#5771,.T.);
#6162=FACE_BOUND('',#5772,.T.);
#6163=FACE_BOUND('',#5773,.T.);
#6164=FACE_BOUND('',#5774,.T.);
#6165=FACE_BOUND('',#5775,.T.);
#6166=FACE_BOUND('',#5776,.T.);
#6167=FACE_BOUND('',#5777,.T.);
#6168=FACE_BOUND('',#5778,.T.);
#6169=FACE_BOUND('',#5779,.T.);
#6170=FACE_BOUND('',#5780,.T.);
#6171=FACE_BOUND('',#5781,.T.);
#6172=FACE_BOUND('',#5782,.T.);
#6173=FACE_BOUND('',#5783,.T.);
#6174=FACE_BOUND('',#5784,.T.);
#6175=FACE_BOUND('',#5785,.T.);
#6176=FACE_BOUND('',#5786,.T.);
#6177=FACE_BOUND('',#5787,.T.);
#6178=FACE_BOUND('',#5788,.T.);
#6179=FACE_BOUND('',#5789,.T.);
#6180=FACE_BOUND('',#5790,.T.);
#6181=FACE_BOUND('',#5791,.T.);
#6182=FACE_BOUND('',#5792,.T.);
#6183=FACE_BOUND('',#5793,.T.);
#6184=FACE_BOUND('',#5794,.T.);
#6185=FACE_BOUND('',#5795,.T.);
#6186=FACE_BOUND('',#5796,.T.);
#6187=FACE_BOUND('',#5797,.T.);
#6188=FACE_BOUND('',#5798,.T.);
#6189=FACE_BOUND('',#5799,.T.);
#6190=FACE_BOUND('',#5800,.T.);
#6191=FACE_BOUND('',#5801,.T.);
#6192=FACE_BOUND('',#5802,.T.);
#6193=FACE_BOUND('',#5803,.T.);
#6194=FACE_BOUND('',#5804,.T.);
#6195=FACE_BOUND('',#5805,.T.);
#6196=FACE_BOUND('',#5806,.T.);
#6197=FACE_BOUND('',#5807,.T.);
#6198=FACE_BOUND('',#5808,.T.);
#6199=FACE_BOUND('',#5809,.T.);
#6200=FACE_BOUND('',#5810,.T.);
#6201=FACE_BOUND('',#5811,.T.);
#6202=FACE_BOUND('',#5812,.T.);
#6203=FACE_BOUND('',#5813,.T.);
#6204=FACE_BOUND('',#5814,.T.);
#6205=FACE_BOUND('',#5815,.T.);
#6206=FACE_BOUND('',#5816,.T.);
#6207=FACE_BOUND('',#5817,.T.);
#6208=FACE_BOUND('',#5818,.T.);
#6209=FACE_BOUND('',#5819,.T.);
#6210=FACE_BOUND('',#5820,.T.);
#6211=FACE_BOUND('',#5821,.T.);
#6212=FACE_BOUND('',#5822,.T.);
#6213=FACE_BOUND('',#5823,.T.);
#6214=FACE_BOUND('',#5824,.T.);
#6215=FACE_BOUND('',#5825,.T.);
#6216=FACE_BOUND('',#5826,.T.);
#6217=FACE_BOUND('',#5827,.T.);
#6218=FACE_BOUND('',#5828,.T.);
#6219=FACE_BOUND('',#5829,.T.);
#6220=FACE_BOUND('',#5830,.T.);
#6221=FACE_BOUND('',#5831,.T.);
#6222=FACE_BOUND('',#5832,.T.);
#6223=FACE_BOUND('',#5833,.T.);
#6224=FACE_BOUND('',#5834,.T.);
#6225=FACE_BOUND('',#5835,.T.);
#6226=FACE_BOUND('',#5836,.T.);
#6227=FACE_BOUND('',#5837,.T.);
#6228=FACE_BOUND('',#5838,.T.);
#6229=FACE_BOUND('',#5839,.T.);
#6230=FACE_BOUND('',#5840,.T.);
#6231=FACE_BOUND('',#5841,.T.);
#6232=FACE_BOUND('',#5842,.T.);
#6233=FACE_BOUND('',#5843,.T.);
#6234=FACE_BOUND('',#5844,.T.);
#6235=FACE_BOUND('',#5845,.T.);
#6236=FACE_BOUND('',#5846,.T.);
#6237=FACE_BOUND('',#5847,.T.);
#6238=FACE_BOUND('',#5848,.T.);
#6239=FACE_BOUND('',#5849,.T.);
#6240=FACE_BOUND('',#5850,.T.);
#6241=FACE_BOUND('',#5851,.T.);
#6242=FACE_BOUND('',#5852,.T.);
#6243=FACE_BOUND('',#5853,.T.);
#6244=FACE_BOUND('',#5854,.T.);
#6245=FACE_BOUND('',#5855,.T.);
#6246=FACE_BOUND('',#5856,.T.);
#6247=FACE_BOUND('',#5857,.T.);
#6248=FACE_BOUND('',#5858,.T.);
#6249=FACE_BOUND('',#5859,.T.);
#6250=FACE_BOUND('',#5860,.T.);
#6251=FACE_BOUND('',#5861,.T.);
#6252=FACE_BOUND('',#5862,.T.);
#6253=FACE_BOUND('',#5863,.T.);
#6254=FACE_BOUND('',#5864,.T.);
#6255=FACE_BOUND('',#5865,.T.);
#6256=FACE_BOUND('',#5866,.T.);
#6257=FACE_BOUND('',#5867,.T.);
#6258=FACE_BOUND('',#5868,.T.);
#6259=FACE_BOUND('',#5869,.T.);
#6260=FACE_BOUND('',#5870,.T.);
#6261=FACE_BOUND('',#5871,.T.);
#6262=FACE_BOUND('',#5872,.T.);
#6263=FACE_BOUND('',#5873,.T.);
#6264=FACE_BOUND('',#5874,.T.);
#6265=FACE_BOUND('',#5875,.T.);
#6266=FACE_BOUND('',#5876,.T.);
#6267=FACE_BOUND('',#5877,.T.);
#6268=FACE_BOUND('',#5878,.T.);
#6269=FACE_BOUND('',#5879,.T.);
#6270=FACE_BOUND('',#5880,.T.);
#6271=FACE_BOUND('',#5881,.T.);
#6272=FACE_BOUND('',#5882,.T.);
#6273=FACE_BOUND('',#5883,.T.);
#6274=FACE_BOUND('',#5884,.T.);
#6275=FACE_BOUND('',#5885,.T.);
#6276=FACE_BOUND('',#5886,.T.);
#6277=FACE_BOUND('',#5887,.T.);
#6278=FACE_BOUND('',#5888,.T.);
#6279=FACE_BOUND('',#5889,.T.);
#6280=FACE_BOUND('',#5890,.T.);
#6281=FACE_BOUND('',#5891,.T.);
#6282=FACE_BOUND('',#5892,.T.);
#6283=FACE_BOUND('',#5893,.T.);
#6284=FACE_BOUND('',#5894,.T.);
#6285=FACE_BOUND('',#5895,.T.);
#6286=FACE_BOUND('',#5896,.T.);
#6287=FACE_BOUND('',#5897,.T.);
#6288=FACE_BOUND('',#5898,.T.);
#6289=FACE_BOUND('',#5899,.T.);
#6290=FACE_BOUND('',#5900,.T.);
#6291=FACE_BOUND('',#5901,.T.);
#6292=FACE_BOUND('',#5902,.T.);
#6293=FACE_BOUND('',#5903,.T.);
#6294=FACE_BOUND('',#5904,.T.);
#6295=FACE_BOUND('',#5905,.T.);
#6296=FACE_BOUND('',#5906,.T.);
#6297=FACE_BOUND('',#5907,.T.);
#6298=FACE_BOUND('',#5908,.T.);
#6299=FACE_BOUND('',#5909,.T.);
#6300=FACE_BOUND('',#5910,.T.);
#6301=FACE_BOUND('',#5911,.T.);
#6302=FACE_BOUND('',#5912,.T.);
#6303=FACE_BOUND('',#5913,.T.);
#6304=FACE_BOUND('',#5914,.T.);
#6305=FACE_BOUND('',#5915,.T.);
#6306=FACE_BOUND('',#5916,.T.);
#6307=FACE_BOUND('',#5917,.T.);
#6308=FACE_BOUND('',#5918,.T.);
#6309=FACE_BOUND('',#5919,.T.);
#6310=FACE_BOUND('',#5920,.T.);
#6311=FACE_BOUND('',#5921,.T.);
#6312=FACE_BOUND('',#5922,.T.);
#6313=FACE_BOUND('',#5923,.T.);
#6314=FACE_BOUND('',#5924,.T.);
#6315=FACE_BOUND('',#5925,.T.);
#6316=FACE_BOUND('',#5926,.T.);
#6317=FACE_BOUND('',#5927,.T.);
#6318=FACE_BOUND('',#5928,.T.);
#6319=FACE_BOUND('',#5929,.T.);
#6320=FACE_BOUND('',#5930,.T.);
#6321=FACE_BOUND('',#5931,.T.);
#6322=FACE_BOUND('',#5932,.T.);
#6323=FACE_BOUND('',#5933,.T.);
#6324=FACE_BOUND('',#5934,.T.);
#6325=FACE_BOUND('',#5935,.T.);
#6326=FACE_BOUND('',#5936,.T.);
#6327=FACE_BOUND('',#5937,.T.);
#6328=FACE_BOUND('',#5938,.T.);
#6329=FACE_BOUND('',#5939,.T.);
#6330=FACE_BOUND('',#5940,.T.);
#6331=FACE_BOUND('',#5941,.T.);
#6332=FACE_BOUND('',#5942,.T.);
#6333=FACE_BOUND('',#5943,.T.);
#6334=FACE_BOUND('',#5944,.T.);
#6335=FACE_BOUND('',#5945,.T.);
#6336=FACE_BOUND('',#5946,.T.);
#6337=FACE_BOUND('',#5947,.T.);
#6338=FACE_BOUND('',#5948,.T.);
#6339=FACE_BOUND('',#5949,.T.);
#6340=FACE_BOUND('',#5950,.T.);
#6341=FACE_BOUND('',#5951,.T.);
#6342=FACE_BOUND('',#5952,.T.);
#6343=FACE_BOUND('',#5953,.T.);
#6344=FACE_BOUND('',#5954,.T.);
#6345=FACE_BOUND('',#5955,.T.);
#6346=FACE_BOUND('',#5956,.T.);
#6347=FACE_BOUND('',#5957,.T.);
#6348=FACE_BOUND('',#5958,.T.);
#6349=FACE_BOUND('',#5959,.T.);
#6350=FACE_BOUND('',#5960,.T.);
#6351=FACE_BOUND('',#5961,.T.);
#6352=FACE_BOUND('',#5962,.T.);
#6353=FACE_BOUND('',#5963,.T.);
#6354=FACE_BOUND('',#5964,.T.);
#6355=FACE_BOUND('',#5965,.T.);
#6356=FACE_BOUND('',#5966,.T.);
#6357=FACE_BOUND('',#5967,.T.);
#6358=FACE_BOUND('',#5968,.T.);
#6359=FACE_BOUND('',#5969,.T.);
#6360=FACE_BOUND('',#5970,.T.);
#6361=FACE_BOUND('',#5971,.T.);
#6362=FACE_BOUND('',#5972,.T.);
#6363=FACE_BOUND('',#5973,.T.);
#6364=FACE_BOUND('',#5974,.T.);
#6365=FACE_BOUND('',#5975,.T.);
#6366=FACE_BOUND('',#5976,.T.);
#6367=FACE_BOUND('',#5977,.T.);
#6368=FACE_BOUND('',#5978,.T.);
#6369=FACE_BOUND('',#5979,.T.);
#6370=FACE_BOUND('',#5980,.T.);
#6371=FACE_BOUND('',#5981,.T.);
#6372=FACE_BOUND('',#5982,.T.);
#6373=FACE_BOUND('',#5983,.T.);
#6374=FACE_BOUND('',#5984,.T.);
#6375=FACE_BOUND('',#5985,.T.);
#6376=FACE_BOUND('',#5986,.T.);
#6377=FACE_BOUND('',#5987,.T.);
#6378=FACE_BOUND('',#5988,.T.);
#6379=FACE_BOUND('',#5989,.T.);
#6380=FACE_BOUND('',#5990,.T.);
#6381=FACE_BOUND('',#5991,.T.);
#6382=FACE_BOUND('',#5992,.T.);
#6383=FACE_BOUND('',#5993,.T.);
#6384=FACE_BOUND('',#5994,.T.);
#6385=FACE_BOUND('',#5995,.T.);
#6386=FACE_BOUND('',#5996,.T.);
#6387=FACE_BOUND('',#5997,.T.);
#6388=FACE_BOUND('',#5998,.T.);
#6389=FACE_BOUND('',#5999,.T.);
#6390=FACE_BOUND('',#6000,.T.);
#6391=FACE_BOUND('',#6001,.T.);
#6392=FACE_BOUND('',#6002,.T.);
#6393=FACE_BOUND('',#6003,.T.);
#6394=FACE_BOUND('',#6004,.T.);
#6395=FACE_BOUND('',#6005,.T.);
#6396=FACE_BOUND('',#6006,.T.);
#6397=FACE_BOUND('',#6007,.T.);
#6398=FACE_BOUND('',#6008,.T.);
#6399=FACE_BOUND('',#6009,.T.);
#6400=FACE_BOUND('',#6010,.T.);
#6401=FACE_BOUND('',#6011,.T.);
#6402=FACE_BOUND('',#6012,.T.);
#6403=FACE_BOUND('',#6013,.T.);
#6404=FACE_BOUND('',#6014,.T.);
#6405=FACE_BOUND('',#6015,.T.);
#6406=FACE_BOUND('',#6016,.T.);
#6407=FACE_BOUND('',#6017,.T.);
#6408=FACE_BOUND('',#6018,.T.);
#6409=FACE_BOUND('',#6019,.T.);
#6410=FACE_BOUND('',#6020,.T.);
#6411=FACE_BOUND('',#6021,.T.);
#6412=FACE_BOUND('',#6022,.T.);
#6413=FACE_BOUND('',#6023,.T.);
#6414=FACE_BOUND('',#6024,.T.);
#6415=FACE_BOUND('',#6025,.T.);
#6416=FACE_BOUND('',#6026,.T.);
#6417=FACE_BOUND('',#6027,.T.);
#6418=FACE_BOUND('',#6028,.T.);
#6419=FACE_BOUND('',#6029,.T.);
#6420=FACE_BOUND('',#6030,.T.);
#6421=FACE_BOUND('',#6031,.T.);
#6422=FACE_BOUND('',#6032,.T.);
#6423=FACE_BOUND('',#6033,.T.);
#6424=FACE_BOUND('',#6034,.T.);
#6425=FACE_BOUND('',#6035,.T.);
#6426=FACE_BOUND('',#6036,.T.);
#6427=FACE_BOUND('',#6037,.T.);
#6428=FACE_BOUND('',#6038,.T.);
#6429=FACE_BOUND('',#6039,.T.);
#6430=FACE_BOUND('',#6040,.T.);
#6431=FACE_BOUND('',#6041,.T.);
#6432=FACE_BOUND('',#6042,.T.);
#6433=FACE_BOUND('',#6043,.T.);
#6434=FACE_BOUND('',#6044,.T.);
#6435=FACE_BOUND('',#6045,.T.);
#6436=FACE_BOUND('',#6046,.T.);
#6437=FACE_BOUND('',#6047,.T.);
#6438=FACE_BOUND('',#6048,.T.);
#6439=FACE_BOUND('',#6049,.T.);
#6440=FACE_BOUND('',#6050,.T.);
#6441=FACE_BOUND('',#6051,.T.);
#6442=FACE_BOUND('',#6052,.T.);
#6443=FACE_BOUND('',#6053,.T.);
#6444=FACE_BOUND('',#6054,.T.);
#6445=FACE_BOUND('',#6055,.T.);
#6446=PLANE('',#7210);
#6447=PLANE('',#7211);
#6448=PLANE('',#7212);
#6449=PLANE('',#7213);
#6450=PLANE('',#7214);
#6451=PLANE('',#7215);
#6452=PLANE('',#7216);
#6453=PLANE('',#7217);
#6454=PLANE('',#7218);
#6455=PLANE('',#7219);
#6456=PLANE('',#7220);
#6457=PLANE('',#7221);
#6458=PLANE('',#7222);
#6459=PLANE('',#7223);
#6460=PLANE('',#7224);
#6461=PLANE('',#7225);
#6462=PLANE('',#7226);
#6463=PLANE('',#7227);
#6464=PLANE('',#7228);
#6465=PLANE('',#7229);
#6466=PLANE('',#7230);
#6467=PLANE('',#7231);
#6468=PLANE('',#7232);
#6469=PLANE('',#7233);
#6470=PLANE('',#7234);
#6471=PLANE('',#7235);
#6472=PLANE('',#7236);
#6473=PLANE('',#7237);
#6474=PLANE('',#7238);
#6475=PLANE('',#7239);
#6476=PLANE('',#7240);
#6477=PLANE('',#7241);
#6478=PLANE('',#7242);
#6479=PLANE('',#7243);
#6480=PLANE('',#7244);
#6481=PLANE('',#7245);
#6482=PLANE('',#7246);
#6483=PLANE('',#7247);
#6484=PLANE('',#7248);
#6485=PLANE('',#7249);
#6486=PLANE('',#7250);
#6487=PLANE('',#7251);
#6488=PLANE('',#7252);
#6489=PLANE('',#7253);
#6490=PLANE('',#7254);
#6491=PLANE('',#7255);
#6492=PLANE('',#7256);
#6493=PLANE('',#7257);
#6494=PLANE('',#7258);
#6495=PLANE('',#7259);
#6496=PLANE('',#7260);
#6497=PLANE('',#7261);
#6498=PLANE('',#7262);
#6499=PLANE('',#7263);
#6500=PLANE('',#7264);
#6501=PLANE('',#7265);
#6502=PLANE('',#7266);
#6503=PLANE('',#7267);
#6504=PLANE('',#7268);
#6505=PLANE('',#7269);
#6506=PLANE('',#7270);
#6507=PLANE('',#7271);
#6508=PLANE('',#7272);
#6509=PLANE('',#7273);
#6510=PLANE('',#7274);
#6511=PLANE('',#7275);
#6512=PLANE('',#7276);
#6513=PLANE('',#7277);
#6514=PLANE('',#7278);
#6515=PLANE('',#7279);
#6516=PLANE('',#7280);
#6517=PLANE('',#7281);
#6518=PLANE('',#7282);
#6519=PLANE('',#7283);
#6520=PLANE('',#7284);
#6521=PLANE('',#7285);
#6522=PLANE('',#7286);
#6523=PLANE('',#7287);
#6524=PLANE('',#7288);
#6525=PLANE('',#7289);
#6526=PLANE('',#7290);
#6527=PLANE('',#7291);
#6528=PLANE('',#7292);
#6529=PLANE('',#7293);
#6530=PLANE('',#7294);
#6531=PLANE('',#7295);
#6532=PLANE('',#7296);
#6533=PLANE('',#7297);
#6534=PLANE('',#7298);
#6535=PLANE('',#7299);
#6536=PLANE('',#7300);
#6537=PLANE('',#7301);
#6538=PLANE('',#7302);
#6539=PLANE('',#7303);
#6540=PLANE('',#7304);
#6541=PLANE('',#7305);
#6542=PLANE('',#7306);
#6543=PLANE('',#7307);
#6544=PLANE('',#7308);
#6545=PLANE('',#7309);
#6546=PLANE('',#7310);
#6547=PLANE('',#7311);
#6548=PLANE('',#7312);
#6549=PLANE('',#7313);
#6550=PLANE('',#7314);
#6551=PLANE('',#7315);
#6552=PLANE('',#7317);
#6553=PLANE('',#7318);
#6554=PLANE('',#7319);
#6555=PLANE('',#7320);
#6556=PLANE('',#7321);
#6557=PLANE('',#7322);
#6558=PLANE('',#7323);
#6559=PLANE('',#7324);
#6560=PLANE('',#7325);
#6561=PLANE('',#7326);
#6562=PLANE('',#7327);
#6563=PLANE('',#7328);
#6564=PLANE('',#7329);
#6565=PLANE('',#7330);
#6566=PLANE('',#7331);
#6567=PLANE('',#7332);
#6568=PLANE('',#7333);
#6569=PLANE('',#7334);
#6570=PLANE('',#7335);
#6571=PLANE('',#7336);
#6572=PLANE('',#7337);
#6573=PLANE('',#7338);
#6574=PLANE('',#7339);
#6575=PLANE('',#7340);
#6576=PLANE('',#7341);
#6577=PLANE('',#7342);
#6578=PLANE('',#7343);
#6579=PLANE('',#7344);
#6580=PLANE('',#7345);
#6581=PLANE('',#7346);
#6582=PLANE('',#7347);
#6583=PLANE('',#7348);
#6584=PLANE('',#7349);
#6585=PLANE('',#7350);
#6586=PLANE('',#7351);
#6587=PLANE('',#7352);
#6588=PLANE('',#7353);
#6589=PLANE('',#7354);
#6590=PLANE('',#7355);
#6591=PLANE('',#7356);
#6592=PLANE('',#7357);
#6593=PLANE('',#7358);
#6594=PLANE('',#7359);
#6595=PLANE('',#7360);
#6596=PLANE('',#7361);
#6597=PLANE('',#7362);
#6598=PLANE('',#7363);
#6599=PLANE('',#7364);
#6600=PLANE('',#7365);
#6601=PLANE('',#7366);
#6602=PLANE('',#7367);
#6603=PLANE('',#7368);
#6604=PLANE('',#7369);
#6605=PLANE('',#7370);
#6606=PLANE('',#7371);
#6607=PLANE('',#7372);
#6608=PLANE('',#7373);
#6609=PLANE('',#7374);
#6610=PLANE('',#7375);
#6611=PLANE('',#7376);
#6612=PLANE('',#7377);
#6613=PLANE('',#7378);
#6614=PLANE('',#7379);
#6615=PLANE('',#7380);
#6616=PLANE('',#7381);
#6617=PLANE('',#7382);
#6618=PLANE('',#7383);
#6619=PLANE('',#7384);
#6620=PLANE('',#7385);
#6621=PLANE('',#7386);
#6622=PLANE('',#7387);
#6623=PLANE('',#7388);
#6624=PLANE('',#7389);
#6625=PLANE('',#7390);
#6626=PLANE('',#7391);
#6627=PLANE('',#7392);
#6628=PLANE('',#7393);
#6629=PLANE('',#7394);
#6630=PLANE('',#7395);
#6631=PLANE('',#7396);
#6632=PLANE('',#7397);
#6633=PLANE('',#7398);
#6634=PLANE('',#7399);
#6635=PLANE('',#7400);
#6636=PLANE('',#7401);
#6637=PLANE('',#7402);
#6638=PLANE('',#7403);
#6639=PLANE('',#7404);
#6640=PLANE('',#7405);
#6641=PLANE('',#7406);
#6642=PLANE('',#7407);
#6643=PLANE('',#7408);
#6644=PLANE('',#7409);
#6645=PLANE('',#7410);
#6646=PLANE('',#7411);
#6647=PLANE('',#7412);
#6648=PLANE('',#7413);
#6649=PLANE('',#7414);
#6650=PLANE('',#7415);
#6651=PLANE('',#7416);
#6652=PLANE('',#7417);
#6653=PLANE('',#7418);
#6654=PLANE('',#7419);
#6655=PLANE('',#7420);
#6656=PLANE('',#7421);
#6657=PLANE('',#7422);
#6658=PLANE('',#7423);
#6659=PLANE('',#7424);
#6660=PLANE('',#7425);
#6661=PLANE('',#7426);
#6662=PLANE('',#7427);
#6663=PLANE('',#7428);
#6664=PLANE('',#7429);
#6665=PLANE('',#7430);
#6666=PLANE('',#7431);
#6667=PLANE('',#7432);
#6668=PLANE('',#7433);
#6669=PLANE('',#7434);
#6670=PLANE('',#7435);
#6671=PLANE('',#7436);
#6672=PLANE('',#7437);
#6673=PLANE('',#7438);
#6674=PLANE('',#7439);
#6675=PLANE('',#7440);
#6676=PLANE('',#7441);
#6677=PLANE('',#7442);
#6678=PLANE('',#7443);
#6679=PLANE('',#7445);
#6680=PLANE('',#7446);
#6681=PLANE('',#7447);
#6682=PLANE('',#7448);
#6683=PLANE('',#7449);
#6684=PLANE('',#7450);
#6685=PLANE('',#7451);
#6686=PLANE('',#7452);
#6687=PLANE('',#7453);
#6688=PLANE('',#7454);
#6689=PLANE('',#7455);
#6690=PLANE('',#7456);
#6691=PLANE('',#7457);
#6692=PLANE('',#7458);
#6693=PLANE('',#7459);
#6694=PLANE('',#7460);
#6695=PLANE('',#7461);
#6696=PLANE('',#7462);
#6697=PLANE('',#7481);
#6698=PLANE('',#7482);
#6699=PLANE('',#7483);
#6700=PLANE('',#7484);
#6701=PLANE('',#7485);
#6702=PLANE('',#7486);
#6703=PLANE('',#7487);
#6704=PLANE('',#7488);
#6705=PLANE('',#7489);
#6706=PLANE('',#7490);
#6707=PLANE('',#7491);
#6708=PLANE('',#7492);
#6709=PLANE('',#7511);
#6710=PLANE('',#7512);
#6711=PLANE('',#7513);
#6712=PLANE('',#7514);
#6713=PLANE('',#7515);
#6714=PLANE('',#7516);
#6715=PLANE('',#7517);
#6716=PLANE('',#7518);
#6717=PLANE('',#7519);
#6718=PLANE('',#7520);
#6719=PLANE('',#7521);
#6720=PLANE('',#7522);
#6721=PLANE('',#7523);
#6722=PLANE('',#7524);
#6723=PLANE('',#7525);
#6724=PLANE('',#7526);
#6725=PLANE('',#7527);
#6726=PLANE('',#7528);
#6727=PLANE('',#7529);
#6728=PLANE('',#7530);
#6729=PLANE('',#7531);
#6730=PLANE('',#7535);
#6731=PLANE('',#7536);
#6732=PLANE('',#7537);
#6733=PLANE('',#7541);
#6734=PLANE('',#7542);
#6735=PLANE('',#7543);
#6736=PLANE('',#7544);
#6737=PLANE('',#7545);
#6738=PLANE('',#7546);
#6739=PLANE('',#7547);
#6740=PLANE('',#7548);
#6741=PLANE('',#7549);
#6742=PLANE('',#7550);
#6743=PLANE('',#7551);
#6744=PLANE('',#7552);
#6745=PLANE('',#7553);
#6746=PLANE('',#7554);
#6747=PLANE('',#7555);
#6748=PLANE('',#7556);
#6749=PLANE('',#7557);
#6750=PLANE('',#7558);
#6751=PLANE('',#7559);
#6752=PLANE('',#7560);
#6753=PLANE('',#7561);
#6754=PLANE('',#7562);
#6755=PLANE('',#7563);
#6756=PLANE('',#7564);
#6757=PLANE('',#7565);
#6758=PLANE('',#7566);
#6759=PLANE('',#7567);
#6760=PLANE('',#7568);
#6761=PLANE('',#7569);
#6762=PLANE('',#7570);
#6763=PLANE('',#7571);
#6764=PLANE('',#7573);
#6765=PLANE('',#7574);
#6766=PLANE('',#7578);
#6767=PLANE('',#7582);
#6768=PLANE('',#7583);
#6769=PLANE('',#7584);
#6770=PLANE('',#7585);
#6771=PLANE('',#7586);
#6772=PLANE('',#7587);
#6773=PLANE('',#7588);
#6774=PLANE('',#7592);
#6775=PLANE('',#7596);
#6776=PLANE('',#7597);
#6777=PLANE('',#7598);
#6778=PLANE('',#7599);
#6779=PLANE('',#7600);
#6780=PLANE('',#7601);
#6781=PLANE('',#7602);
#6782=PLANE('',#7606);
#6783=PLANE('',#7610);
#6784=PLANE('',#7611);
#6785=PLANE('',#7612);
#6786=PLANE('',#7613);
#6787=PLANE('',#7614);
#6788=PLANE('',#7615);
#6789=PLANE('',#7616);
#6790=PLANE('',#7617);
#6791=PLANE('',#7618);
#6792=PLANE('',#7619);
#6793=ADVANCED_FACE('',(#6056),#6446,.T.);
#6794=ADVANCED_FACE('',(#6057),#6447,.T.);
#6795=ADVANCED_FACE('',(#6058),#6448,.T.);
#6796=ADVANCED_FACE('',(#6059),#6449,.F.);
#6797=ADVANCED_FACE('',(#6060),#6450,.F.);
#6798=ADVANCED_FACE('',(#6061),#6451,.F.);
#6799=ADVANCED_FACE('',(#6062),#6452,.F.);
#6800=ADVANCED_FACE('',(#6063),#6453,.F.);
#6801=ADVANCED_FACE('',(#6064),#6454,.F.);
#6802=ADVANCED_FACE('',(#6065),#6455,.T.);
#6803=ADVANCED_FACE('',(#6066),#6456,.T.);
#6804=ADVANCED_FACE('',(#6067),#6457,.T.);
#6805=ADVANCED_FACE('',(#6068),#6458,.T.);
#6806=ADVANCED_FACE('',(#6069),#6459,.T.);
#6807=ADVANCED_FACE('',(#6070),#6460,.T.);
#6808=ADVANCED_FACE('',(#6071),#6461,.T.);
#6809=ADVANCED_FACE('',(#6072),#6462,.T.);
#6810=ADVANCED_FACE('',(#6073),#6463,.T.);
#6811=ADVANCED_FACE('',(#6074),#6464,.T.);
#6812=ADVANCED_FACE('',(#6075),#6465,.T.);
#6813=ADVANCED_FACE('',(#6076),#6466,.T.);
#6814=ADVANCED_FACE('',(#6077),#6467,.T.);
#6815=ADVANCED_FACE('',(#6078),#6468,.T.);
#6816=ADVANCED_FACE('',(#6079),#6469,.T.);
#6817=ADVANCED_FACE('',(#6080),#6470,.T.);
#6818=ADVANCED_FACE('',(#6081),#6471,.T.);
#6819=ADVANCED_FACE('',(#6082),#6472,.T.);
#6820=ADVANCED_FACE('',(#6083),#6473,.T.);
#6821=ADVANCED_FACE('',(#6084),#6474,.T.);
#6822=ADVANCED_FACE('',(#6085),#6475,.T.);
#6823=ADVANCED_FACE('',(#6086),#6476,.T.);
#6824=ADVANCED_FACE('',(#6087),#6477,.T.);
#6825=ADVANCED_FACE('',(#6088),#6478,.T.);
#6826=ADVANCED_FACE('',(#6089),#6479,.T.);
#6827=ADVANCED_FACE('',(#6090),#6480,.T.);
#6828=ADVANCED_FACE('',(#6091),#6481,.T.);
#6829=ADVANCED_FACE('',(#6092),#6482,.T.);
#6830=ADVANCED_FACE('',(#6093),#6483,.F.);
#6831=ADVANCED_FACE('',(#6094),#6484,.F.);
#6832=ADVANCED_FACE('',(#6095),#6485,.F.);
#6833=ADVANCED_FACE('',(#6096),#6486,.F.);
#6834=ADVANCED_FACE('',(#6097),#6487,.F.);
#6835=ADVANCED_FACE('',(#6098),#6488,.T.);
#6836=ADVANCED_FACE('',(#6099),#6489,.T.);
#6837=ADVANCED_FACE('',(#6100),#6490,.T.);
#6838=ADVANCED_FACE('',(#6101),#6491,.T.);
#6839=ADVANCED_FACE('',(#6102),#6492,.T.);
#6840=ADVANCED_FACE('',(#6103),#6493,.T.);
#6841=ADVANCED_FACE('',(#6104),#6494,.T.);
#6842=ADVANCED_FACE('',(#6105),#6495,.T.);
#6843=ADVANCED_FACE('',(#6106),#6496,.T.);
#6844=ADVANCED_FACE('',(#6107),#6497,.T.);
#6845=ADVANCED_FACE('',(#6108),#6498,.T.);
#6846=ADVANCED_FACE('',(#6109),#6499,.T.);
#6847=ADVANCED_FACE('',(#6110),#6500,.T.);
#6848=ADVANCED_FACE('',(#6111),#6501,.T.);
#6849=ADVANCED_FACE('',(#6112),#6502,.T.);
#6850=ADVANCED_FACE('',(#6113),#6503,.T.);
#6851=ADVANCED_FACE('',(#6114),#6504,.T.);
#6852=ADVANCED_FACE('',(#6115),#6505,.T.);
#6853=ADVANCED_FACE('',(#6116),#6506,.T.);
#6854=ADVANCED_FACE('',(#6117),#6507,.T.);
#6855=ADVANCED_FACE('',(#6118),#6508,.T.);
#6856=ADVANCED_FACE('',(#6119),#6509,.T.);
#6857=ADVANCED_FACE('',(#6120),#6510,.T.);
#6858=ADVANCED_FACE('',(#6121),#6511,.T.);
#6859=ADVANCED_FACE('',(#6122),#6512,.T.);
#6860=ADVANCED_FACE('',(#6123),#6513,.T.);
#6861=ADVANCED_FACE('',(#6124),#6514,.T.);
#6862=ADVANCED_FACE('',(#6125),#6515,.T.);
#6863=ADVANCED_FACE('',(#6126),#6516,.F.);
#6864=ADVANCED_FACE('',(#6127,#6128,#6129,#6130,#6131,#6132,#6133,#6134,
#6135,#6136,#6137,#6138,#6139,#6140,#6141),#6517,.T.);
#6865=ADVANCED_FACE('',(#6142,#6143,#6144,#6145,#6146,#6147,#6148,#6149,
#6150),#6518,.F.);
#6866=ADVANCED_FACE('',(#6151),#6519,.F.);
#6867=ADVANCED_FACE('',(#6152),#6520,.F.);
#6868=ADVANCED_FACE('',(#6153),#6521,.F.);
#6869=ADVANCED_FACE('',(#6154),#6522,.F.);
#6870=ADVANCED_FACE('',(#6155),#6523,.F.);
#6871=ADVANCED_FACE('',(#6156),#6524,.F.);
#6872=ADVANCED_FACE('',(#6157),#6525,.F.);
#6873=ADVANCED_FACE('',(#6158),#6526,.T.);
#6874=ADVANCED_FACE('',(#6159),#6527,.F.);
#6875=ADVANCED_FACE('',(#6160),#6528,.T.);
#6876=ADVANCED_FACE('',(#6161),#6529,.F.);
#6877=ADVANCED_FACE('',(#6162),#6530,.F.);
#6878=ADVANCED_FACE('',(#6163),#6531,.F.);
#6879=ADVANCED_FACE('',(#6164),#6532,.F.);
#6880=ADVANCED_FACE('',(#6165),#6533,.F.);
#6881=ADVANCED_FACE('',(#6166),#6534,.F.);
#6882=ADVANCED_FACE('',(#6167),#6535,.F.);
#6883=ADVANCED_FACE('',(#6168),#6536,.T.);
#6884=ADVANCED_FACE('',(#6169),#6537,.F.);
#6885=ADVANCED_FACE('',(#6170),#6538,.T.);
#6886=ADVANCED_FACE('',(#6171),#6539,.T.);
#6887=ADVANCED_FACE('',(#6172),#6540,.T.);
#6888=ADVANCED_FACE('',(#6173),#6541,.T.);
#6889=ADVANCED_FACE('',(#6174),#6542,.T.);
#6890=ADVANCED_FACE('',(#6175),#6543,.T.);
#6891=ADVANCED_FACE('',(#6176),#6544,.T.);
#6892=ADVANCED_FACE('',(#6177),#6545,.T.);
#6893=ADVANCED_FACE('',(#6178),#6546,.F.);
#6894=ADVANCED_FACE('',(#6179),#6547,.T.);
#6895=ADVANCED_FACE('',(#6180),#6548,.T.);
#6896=ADVANCED_FACE('',(#6181),#6549,.T.);
#6897=ADVANCED_FACE('',(#6182),#6550,.T.);
#6898=ADVANCED_FACE('',(#6183),#6551,.T.);
#6899=ADVANCED_FACE('',(#6184),#6552,.T.);
#6900=ADVANCED_FACE('',(#6185),#6553,.T.);
#6901=ADVANCED_FACE('',(#6186),#6554,.T.);
#6902=ADVANCED_FACE('',(#6187),#6555,.T.);
#6903=ADVANCED_FACE('',(#6188),#6556,.T.);
#6904=ADVANCED_FACE('',(#6189),#6557,.T.);
#6905=ADVANCED_FACE('',(#6190),#6558,.T.);
#6906=ADVANCED_FACE('',(#6191),#6559,.T.);
#6907=ADVANCED_FACE('',(#6192),#6560,.T.);
#6908=ADVANCED_FACE('',(#6193),#6561,.T.);
#6909=ADVANCED_FACE('',(#6194),#6562,.T.);
#6910=ADVANCED_FACE('',(#6195),#6563,.T.);
#6911=ADVANCED_FACE('',(#6196),#6564,.T.);
#6912=ADVANCED_FACE('',(#6197),#6565,.T.);
#6913=ADVANCED_FACE('',(#6198),#6566,.T.);
#6914=ADVANCED_FACE('',(#6199),#6567,.T.);
#6915=ADVANCED_FACE('',(#6200),#6568,.T.);
#6916=ADVANCED_FACE('',(#6201),#6569,.T.);
#6917=ADVANCED_FACE('',(#6202),#6570,.T.);
#6918=ADVANCED_FACE('',(#6203),#6571,.T.);
#6919=ADVANCED_FACE('',(#6204),#6572,.T.);
#6920=ADVANCED_FACE('',(#6205),#6573,.T.);
#6921=ADVANCED_FACE('',(#6206),#6574,.T.);
#6922=ADVANCED_FACE('',(#6207),#6575,.T.);
#6923=ADVANCED_FACE('',(#6208),#6576,.T.);
#6924=ADVANCED_FACE('',(#6209),#6577,.T.);
#6925=ADVANCED_FACE('',(#6210),#6578,.T.);
#6926=ADVANCED_FACE('',(#6211),#6579,.T.);
#6927=ADVANCED_FACE('',(#6212),#6580,.T.);
#6928=ADVANCED_FACE('',(#6213),#6581,.T.);
#6929=ADVANCED_FACE('',(#6214),#6582,.T.);
#6930=ADVANCED_FACE('',(#6215),#6583,.T.);
#6931=ADVANCED_FACE('',(#6216),#6584,.T.);
#6932=ADVANCED_FACE('',(#6217),#6585,.T.);
#6933=ADVANCED_FACE('',(#6218),#6586,.T.);
#6934=ADVANCED_FACE('',(#6219),#6587,.T.);
#6935=ADVANCED_FACE('',(#6220),#6588,.T.);
#6936=ADVANCED_FACE('',(#6221),#6589,.T.);
#6937=ADVANCED_FACE('',(#6222),#6590,.T.);
#6938=ADVANCED_FACE('',(#6223),#6591,.T.);
#6939=ADVANCED_FACE('',(#6224),#6592,.T.);
#6940=ADVANCED_FACE('',(#6225),#6593,.T.);
#6941=ADVANCED_FACE('',(#6226),#6594,.T.);
#6942=ADVANCED_FACE('',(#6227),#6595,.T.);
#6943=ADVANCED_FACE('',(#6228),#6596,.T.);
#6944=ADVANCED_FACE('',(#6229),#6597,.T.);
#6945=ADVANCED_FACE('',(#6230),#6598,.T.);
#6946=ADVANCED_FACE('',(#6231),#6599,.T.);
#6947=ADVANCED_FACE('',(#6232),#6600,.T.);
#6948=ADVANCED_FACE('',(#6233),#6601,.T.);
#6949=ADVANCED_FACE('',(#6234),#6602,.T.);
#6950=ADVANCED_FACE('',(#6235),#6603,.T.);
#6951=ADVANCED_FACE('',(#6236),#6604,.T.);
#6952=ADVANCED_FACE('',(#6237),#6605,.T.);
#6953=ADVANCED_FACE('',(#6238),#6606,.T.);
#6954=ADVANCED_FACE('',(#6239),#6607,.T.);
#6955=ADVANCED_FACE('',(#6240),#6608,.T.);
#6956=ADVANCED_FACE('',(#6241),#6609,.T.);
#6957=ADVANCED_FACE('',(#6242),#6610,.T.);
#6958=ADVANCED_FACE('',(#6243),#6611,.T.);
#6959=ADVANCED_FACE('',(#6244),#6612,.T.);
#6960=ADVANCED_FACE('',(#6245),#6613,.T.);
#6961=ADVANCED_FACE('',(#6246),#6614,.T.);
#6962=ADVANCED_FACE('',(#6247),#6615,.T.);
#6963=ADVANCED_FACE('',(#6248),#6616,.T.);
#6964=ADVANCED_FACE('',(#6249),#6617,.T.);
#6965=ADVANCED_FACE('',(#6250),#6618,.T.);
#6966=ADVANCED_FACE('',(#6251),#6619,.T.);
#6967=ADVANCED_FACE('',(#6252),#6620,.T.);
#6968=ADVANCED_FACE('',(#6253),#6621,.T.);
#6969=ADVANCED_FACE('',(#6254),#6622,.T.);
#6970=ADVANCED_FACE('',(#6255),#6623,.T.);
#6971=ADVANCED_FACE('',(#6256),#6624,.T.);
#6972=ADVANCED_FACE('',(#6257),#6625,.T.);
#6973=ADVANCED_FACE('',(#6258),#6626,.F.);
#6974=ADVANCED_FACE('',(#6259),#6627,.F.);
#6975=ADVANCED_FACE('',(#6260),#6628,.F.);
#6976=ADVANCED_FACE('',(#6261),#6629,.F.);
#6977=ADVANCED_FACE('',(#6262),#6630,.F.);
#6978=ADVANCED_FACE('',(#6263),#6631,.F.);
#6979=ADVANCED_FACE('',(#6264),#6632,.F.);
#6980=ADVANCED_FACE('',(#6265),#6633,.F.);
#6981=ADVANCED_FACE('',(#6266),#6634,.F.);
#6982=ADVANCED_FACE('',(#6267),#6635,.F.);
#6983=ADVANCED_FACE('',(#6268),#6636,.F.);
#6984=ADVANCED_FACE('',(#6269),#6637,.F.);
#6985=ADVANCED_FACE('',(#6270),#6638,.F.);
#6986=ADVANCED_FACE('',(#6271),#6639,.F.);
#6987=ADVANCED_FACE('',(#6272),#6640,.F.);
#6988=ADVANCED_FACE('',(#6273),#6641,.F.);
#6989=ADVANCED_FACE('',(#6274),#6642,.F.);
#6990=ADVANCED_FACE('',(#6275),#6643,.F.);
#6991=ADVANCED_FACE('',(#6276),#6644,.F.);
#6992=ADVANCED_FACE('',(#6277),#6645,.F.);
#6993=ADVANCED_FACE('',(#6278),#6646,.F.);
#6994=ADVANCED_FACE('',(#6279),#6647,.F.);
#6995=ADVANCED_FACE('',(#6280),#6648,.F.);
#6996=ADVANCED_FACE('',(#6281),#6649,.F.);
#6997=ADVANCED_FACE('',(#6282),#6650,.F.);
#6998=ADVANCED_FACE('',(#6283),#6651,.F.);
#6999=ADVANCED_FACE('',(#6284),#6652,.F.);
#7000=ADVANCED_FACE('',(#6285),#6653,.F.);
#7001=ADVANCED_FACE('',(#6286),#6654,.F.);
#7002=ADVANCED_FACE('',(#6287),#6655,.F.);
#7003=ADVANCED_FACE('',(#6288),#6656,.F.);
#7004=ADVANCED_FACE('',(#6289),#6657,.F.);
#7005=ADVANCED_FACE('',(#6290),#6658,.F.);
#7006=ADVANCED_FACE('',(#6291),#6659,.F.);
#7007=ADVANCED_FACE('',(#6292),#6660,.F.);
#7008=ADVANCED_FACE('',(#6293),#6661,.F.);
#7009=ADVANCED_FACE('',(#6294),#6662,.F.);
#7010=ADVANCED_FACE('',(#6295),#6663,.F.);
#7011=ADVANCED_FACE('',(#6296),#6664,.F.);
#7012=ADVANCED_FACE('',(#6297),#6665,.F.);
#7013=ADVANCED_FACE('',(#6298),#6666,.F.);
#7014=ADVANCED_FACE('',(#6299),#6667,.F.);
#7015=ADVANCED_FACE('',(#6300),#6668,.F.);
#7016=ADVANCED_FACE('',(#6301),#6669,.F.);
#7017=ADVANCED_FACE('',(#6302),#6670,.F.);
#7018=ADVANCED_FACE('',(#6303),#6671,.F.);
#7019=ADVANCED_FACE('',(#6304),#6672,.F.);
#7020=ADVANCED_FACE('',(#6305),#6673,.F.);
#7021=ADVANCED_FACE('',(#6306),#6674,.F.);
#7022=ADVANCED_FACE('',(#6307),#6675,.F.);
#7023=ADVANCED_FACE('',(#6308),#6676,.F.);
#7024=ADVANCED_FACE('',(#6309),#6677,.F.);
#7025=ADVANCED_FACE('',(#6310),#6678,.F.);
#7026=ADVANCED_FACE('',(#6311),#6679,.T.);
#7027=ADVANCED_FACE('',(#6312),#6680,.T.);
#7028=ADVANCED_FACE('',(#6313),#6681,.T.);
#7029=ADVANCED_FACE('',(#6314),#6682,.T.);
#7030=ADVANCED_FACE('',(#6315),#6683,.T.);
#7031=ADVANCED_FACE('',(#6316),#6684,.T.);
#7032=ADVANCED_FACE('',(#6317),#6685,.T.);
#7033=ADVANCED_FACE('',(#6318),#6686,.T.);
#7034=ADVANCED_FACE('',(#6319),#6687,.T.);
#7035=ADVANCED_FACE('',(#6320),#6688,.T.);
#7036=ADVANCED_FACE('',(#6321),#6689,.T.);
#7037=ADVANCED_FACE('',(#6322),#6690,.T.);
#7038=ADVANCED_FACE('',(#6323),#6691,.T.);
#7039=ADVANCED_FACE('',(#6324),#6692,.T.);
#7040=ADVANCED_FACE('',(#6325),#6693,.T.);
#7041=ADVANCED_FACE('',(#6326),#6694,.T.);
#7042=ADVANCED_FACE('',(#6327),#6695,.T.);
#7043=ADVANCED_FACE('',(#6328),#6696,.T.);
#7044=ADVANCED_FACE('',(#6329),#58,.T.);
#7045=ADVANCED_FACE('',(#6330),#59,.T.);
#7046=ADVANCED_FACE('',(#6331),#60,.T.);
#7047=ADVANCED_FACE('',(#6332),#61,.T.);
#7048=ADVANCED_FACE('',(#6333),#62,.T.);
#7049=ADVANCED_FACE('',(#6334),#63,.T.);
#7050=ADVANCED_FACE('',(#6335),#6697,.T.);
#7051=ADVANCED_FACE('',(#6336),#6698,.T.);
#7052=ADVANCED_FACE('',(#6337),#6699,.T.);
#7053=ADVANCED_FACE('',(#6338),#6700,.T.);
#7054=ADVANCED_FACE('',(#6339),#6701,.T.);
#7055=ADVANCED_FACE('',(#6340),#6702,.T.);
#7056=ADVANCED_FACE('',(#6341),#6703,.T.);
#7057=ADVANCED_FACE('',(#6342),#6704,.T.);
#7058=ADVANCED_FACE('',(#6343),#6705,.T.);
#7059=ADVANCED_FACE('',(#6344),#6706,.T.);
#7060=ADVANCED_FACE('',(#6345),#6707,.T.);
#7061=ADVANCED_FACE('',(#6346),#6708,.T.);
#7062=ADVANCED_FACE('',(#6347),#64,.T.);
#7063=ADVANCED_FACE('',(#6348),#65,.T.);
#7064=ADVANCED_FACE('',(#6349),#66,.T.);
#7065=ADVANCED_FACE('',(#6350),#67,.T.);
#7066=ADVANCED_FACE('',(#6351),#68,.T.);
#7067=ADVANCED_FACE('',(#6352),#69,.T.);
#7068=ADVANCED_FACE('',(#6353),#6709,.T.);
#7069=ADVANCED_FACE('',(#6354),#6710,.T.);
#7070=ADVANCED_FACE('',(#6355),#6711,.T.);
#7071=ADVANCED_FACE('',(#6356),#6712,.T.);
#7072=ADVANCED_FACE('',(#6357),#6713,.T.);
#7073=ADVANCED_FACE('',(#6358),#6714,.T.);
#7074=ADVANCED_FACE('',(#6359),#6715,.T.);
#7075=ADVANCED_FACE('',(#6360),#6716,.T.);
#7076=ADVANCED_FACE('',(#6361),#6717,.T.);
#7077=ADVANCED_FACE('',(#6362),#6718,.T.);
#7078=ADVANCED_FACE('',(#6363),#6719,.T.);
#7079=ADVANCED_FACE('',(#6364),#6720,.T.);
#7080=ADVANCED_FACE('',(#6365),#6721,.T.);
#7081=ADVANCED_FACE('',(#6366),#6722,.T.);
#7082=ADVANCED_FACE('',(#6367),#6723,.T.);
#7083=ADVANCED_FACE('',(#6368),#6724,.T.);
#7084=ADVANCED_FACE('',(#6369),#6725,.T.);
#7085=ADVANCED_FACE('',(#6370),#6726,.T.);
#7086=ADVANCED_FACE('',(#6371),#6727,.T.);
#7087=ADVANCED_FACE('',(#6372),#6728,.T.);
#7088=ADVANCED_FACE('',(#6373),#6729,.T.);
#7089=ADVANCED_FACE('',(#6374),#70,.T.);
#7090=ADVANCED_FACE('',(#6375),#6730,.T.);
#7091=ADVANCED_FACE('',(#6376),#6731,.T.);
#7092=ADVANCED_FACE('',(#6377),#6732,.T.);
#7093=ADVANCED_FACE('',(#6378),#71,.T.);
#7094=ADVANCED_FACE('',(#6379),#6733,.T.);
#7095=ADVANCED_FACE('',(#6380),#6734,.T.);
#7096=ADVANCED_FACE('',(#6381),#6735,.T.);
#7097=ADVANCED_FACE('',(#6382),#6736,.T.);
#7098=ADVANCED_FACE('',(#6383),#6737,.T.);
#7099=ADVANCED_FACE('',(#6384),#6738,.F.);
#7100=ADVANCED_FACE('',(#6385),#6739,.T.);
#7101=ADVANCED_FACE('',(#6386),#6740,.F.);
#7102=ADVANCED_FACE('',(#6387),#6741,.F.);
#7103=ADVANCED_FACE('',(#6388),#6742,.F.);
#7104=ADVANCED_FACE('',(#6389),#6743,.F.);
#7105=ADVANCED_FACE('',(#6390),#6744,.F.);
#7106=ADVANCED_FACE('',(#6391),#6745,.F.);
#7107=ADVANCED_FACE('',(#6392),#6746,.F.);
#7108=ADVANCED_FACE('',(#6393),#6747,.F.);
#7109=ADVANCED_FACE('',(#6394),#6748,.F.);
#7110=ADVANCED_FACE('',(#6395),#6749,.F.);
#7111=ADVANCED_FACE('',(#6396),#6750,.F.);
#7112=ADVANCED_FACE('',(#6397),#6751,.F.);
#7113=ADVANCED_FACE('',(#6398),#6752,.F.);
#7114=ADVANCED_FACE('',(#6399),#6753,.F.);
#7115=ADVANCED_FACE('',(#6400),#6754,.F.);
#7116=ADVANCED_FACE('',(#6401),#6755,.F.);
#7117=ADVANCED_FACE('',(#6402),#6756,.F.);
#7118=ADVANCED_FACE('',(#6403),#6757,.F.);
#7119=ADVANCED_FACE('',(#6404),#6758,.F.);
#7120=ADVANCED_FACE('',(#6405),#6759,.F.);
#7121=ADVANCED_FACE('',(#6406),#6760,.F.);
#7122=ADVANCED_FACE('',(#6407),#6761,.F.);
#7123=ADVANCED_FACE('',(#6408),#6762,.F.);
#7124=ADVANCED_FACE('',(#6409),#6763,.F.);
#7125=ADVANCED_FACE('',(#6410,#6411),#6764,.F.);
#7126=ADVANCED_FACE('',(#6412),#6765,.F.);
#7127=ADVANCED_FACE('',(#6413),#72,.T.);
#7128=ADVANCED_FACE('',(#6414),#6766,.F.);
#7129=ADVANCED_FACE('',(#6415),#73,.T.);
#7130=ADVANCED_FACE('',(#6416),#6767,.F.);
#7131=ADVANCED_FACE('',(#6417),#6768,.F.);
#7132=ADVANCED_FACE('',(#6418),#6769,.F.);
#7133=ADVANCED_FACE('',(#6419),#6770,.F.);
#7134=ADVANCED_FACE('',(#6420),#6771,.F.);
#7135=ADVANCED_FACE('',(#6421),#6772,.F.);
#7136=ADVANCED_FACE('',(#6422),#6773,.F.);
#7137=ADVANCED_FACE('',(#6423),#74,.T.);
#7138=ADVANCED_FACE('',(#6424),#6774,.F.);
#7139=ADVANCED_FACE('',(#6425),#75,.T.);
#7140=ADVANCED_FACE('',(#6426),#6775,.F.);
#7141=ADVANCED_FACE('',(#6427),#6776,.F.);
#7142=ADVANCED_FACE('',(#6428),#6777,.F.);
#7143=ADVANCED_FACE('',(#6429),#6778,.F.);
#7144=ADVANCED_FACE('',(#6430),#6779,.F.);
#7145=ADVANCED_FACE('',(#6431),#6780,.F.);
#7146=ADVANCED_FACE('',(#6432),#6781,.F.);
#7147=ADVANCED_FACE('',(#6433),#76,.T.);
#7148=ADVANCED_FACE('',(#6434),#6782,.F.);
#7149=ADVANCED_FACE('',(#6435),#77,.T.);
#7150=ADVANCED_FACE('',(#6436),#6783,.F.);
#7151=ADVANCED_FACE('',(#6437),#6784,.T.);
#7152=ADVANCED_FACE('',(#6438),#6785,.F.);
#7153=ADVANCED_FACE('',(#6439),#6786,.F.);
#7154=ADVANCED_FACE('',(#6440),#6787,.F.);
#7155=ADVANCED_FACE('',(#6441),#6788,.F.);
#7156=ADVANCED_FACE('',(#6442),#6789,.F.);
#7157=ADVANCED_FACE('',(#6443),#6790,.F.);
#7158=ADVANCED_FACE('',(#6444),#6791,.F.);
#7159=ADVANCED_FACE('',(#6445),#6792,.T.);
#7160=CLOSED_SHELL('',(#6793,#6794,#6795,#6796,#6797,#6798,#6799,#6800,
#6801,#6802,#6803,#6804,#6805,#6806,#6807,#6808,#6809,#6810,#6811,#6812,
#6813,#6814,#6815,#6816,#6817,#6818,#6819,#6820,#6821,#6822,#6823,#6824,
#6825,#6826,#6827,#6828,#6829,#6830,#6831,#6832,#6833,#6834,#6835,#6836,
#6837,#6838,#6839,#6840,#6841,#6842,#6843,#6844,#6845,#6846,#6847,#6848,
#6849,#6850,#6851,#6852,#6853,#6854,#6855,#6856,#6857,#6858,#6859,#6860,
#6861,#6862,#6863,#6864,#6865,#6866,#6867,#6868,#6869,#6870,#6871,#6872,
#6873,#6874,#6875,#6876,#6877,#6878,#6879,#6880,#6881,#6882,#6883,#6884,
#6885,#6886,#6887,#6888,#6889,#6890,#6891,#6892,#6893,#6894,#6895,#6896,
#6897,#6898));
#7161=CLOSED_SHELL('',(#6899,#6900,#6901,#6902,#6903,#6904,#6905,#6906,
#6907,#6908,#6909,#6910,#6911,#6912,#6913,#6914,#6915,#6916,#6917,#6918,
#6919,#6920,#6921,#6922,#6923,#6924,#6925,#6926,#6927,#6928,#6929,#6930,
#6931,#6932,#6933,#6934,#6935,#6936,#6937,#6938,#6939,#6940,#6941,#6942,
#6943,#6944,#6945,#6946,#6947,#6948,#6949,#6950,#6951,#6952,#6953,#6954,
#6955,#6956,#6957,#6958,#6959,#6960,#6961,#6962,#6963,#6964,#6965,#6966,
#6967,#6968,#6969,#6970,#6971,#6972,#6973,#6974,#6975,#6976,#6977,#6978,
#6979,#6980,#6981,#6982,#6983,#6984,#6985,#6986,#6987,#6988,#6989,#6990,
#6991,#6992,#6993,#6994,#6995,#6996,#6997,#6998,#6999,#7000,#7001,#7002,
#7003,#7004,#7005,#7006,#7007,#7008,#7009,#7010,#7011,#7012,#7013,#7014,
#7015,#7016,#7017,#7018,#7019,#7020,#7021,#7022,#7023,#7024,#7025));
#7162=CLOSED_SHELL('',(#7026,#7027,#7028,#7029,#7030,#7031,#7032,#7033,
#7034,#7035,#7036,#7037,#7038,#7039,#7040,#7041,#7042,#7043,#7044,#7045,
#7046,#7047,#7048,#7049,#7050,#7051,#7052,#7053,#7054,#7055,#7056,#7057,
#7058,#7059,#7060,#7061,#7062,#7063,#7064,#7065,#7066,#7067,#7068,#7069,
#7070,#7071,#7072,#7073,#7074,#7075,#7076,#7077,#7078,#7079,#7080,#7081,
#7082,#7083,#7084,#7085,#7086,#7087,#7088,#7089,#7090,#7091,#7092,#7093,
#7094,#7095,#7096,#7097,#7098,#7099,#7100,#7101,#7102,#7103,#7104,#7105,
#7106,#7107,#7108,#7109,#7110,#7111,#7112,#7113,#7114,#7115,#7116,#7117,
#7118,#7119,#7120,#7121,#7122,#7123,#7124));
#7163=CLOSED_SHELL('',(#7125,#7126,#7127,#7128,#7129,#7130,#7131,#7132,
#7133,#7134,#7135,#7136,#7137,#7138,#7139,#7140,#7141,#7142,#7143,#7144,
#7145,#7146,#7147,#7148,#7149,#7150,#7151,#7152,#7153,#7154,#7155,#7156,
#7157,#7158,#7159));
#7164=STYLED_ITEM('',(#7168),#7195);
#7165=STYLED_ITEM('',(#7169),#7196);
#7166=STYLED_ITEM('',(#7170),#7197);
#7167=STYLED_ITEM('',(#7171),#7198);
#7168=PRESENTATION_STYLE_ASSIGNMENT((#7172));
#7169=PRESENTATION_STYLE_ASSIGNMENT((#7173));
#7170=PRESENTATION_STYLE_ASSIGNMENT((#7174));
#7171=PRESENTATION_STYLE_ASSIGNMENT((#7175));
#7172=SURFACE_STYLE_USAGE(.BOTH.,#7176);
#7173=SURFACE_STYLE_USAGE(.BOTH.,#7177);
#7174=SURFACE_STYLE_USAGE(.BOTH.,#7178);
#7175=SURFACE_STYLE_USAGE(.BOTH.,#7179);
#7176=SURFACE_SIDE_STYLE('',(#7180));
#7177=SURFACE_SIDE_STYLE('',(#7181));
#7178=SURFACE_SIDE_STYLE('',(#7182));
#7179=SURFACE_SIDE_STYLE('',(#7183));
#7180=SURFACE_STYLE_FILL_AREA(#7184);
#7181=SURFACE_STYLE_FILL_AREA(#7185);
#7182=SURFACE_STYLE_FILL_AREA(#7186);
#7183=SURFACE_STYLE_FILL_AREA(#7187);
#7184=FILL_AREA_STYLE('',(#7188));
#7185=FILL_AREA_STYLE('',(#7189));
#7186=FILL_AREA_STYLE('',(#7190));
#7187=FILL_AREA_STYLE('',(#7191));
#7188=FILL_AREA_STYLE_COLOUR('',#7192);
#7189=FILL_AREA_STYLE_COLOUR('',#7193);
#7190=FILL_AREA_STYLE_COLOUR('',#7194);
#7191=FILL_AREA_STYLE_COLOUR('',#7192);
#7192=COLOUR_RGB('',0.0549019612371922,0.0549019612371922,0.0549019612371922);
#7193=COLOUR_RGB('',0.831372559070587,0.701960802078247,0.176470592617989);
#7194=COLOUR_RGB('',0.670588254928589,0.670588254928589,0.670588254928589);
#7195=MANIFOLD_SOLID_BREP('FTSH-107-01-L-DV-K-P_body',#7160);
#7196=MANIFOLD_SOLID_BREP('FTSH-107-01-L-DV-K-P_pins1',#7161);
#7197=MANIFOLD_SOLID_BREP('FTSH-107-01-L-DV-K-P_pins2',#7162);
#7198=MANIFOLD_SOLID_BREP('FTSH-107-01-L-DV-K-P_pp_pad',#7163);
#7199=SHAPE_DEFINITION_REPRESENTATION(#11438,#7204);
#7200=SHAPE_DEFINITION_REPRESENTATION(#11439,#7205);
#7201=SHAPE_DEFINITION_REPRESENTATION(#11441,#7206);
#7202=SHAPE_DEFINITION_REPRESENTATION(#11443,#7207);
#7203=SHAPE_DEFINITION_REPRESENTATION(#11445,#7208);
#7204=SHAPE_REPRESENTATION('FTSH-107-01-L-DV-K-P',(#7209,#7316,#7444,#7572,
#7620),#11422);
#7205=SHAPE_REPRESENTATION('FTSH-107-01-L-DV-K-P_body',(#7209),#11423);
#7206=SHAPE_REPRESENTATION('FTSH-107-01-L-DV-K-P_pins1',(#7209),#11424);
#7207=SHAPE_REPRESENTATION('FTSH-107-01-L-DV-K-P_pins2',(#7209),#11425);
#7208=SHAPE_REPRESENTATION('FTSH-107-01-L-DV-K-P_pp_pad',(#7209),#11426);
#7209=AXIS2_PLACEMENT_3D('',#9405,#7621,#7622);
#7210=AXIS2_PLACEMENT_3D('',#9406,#7623,#7624);
#7211=AXIS2_PLACEMENT_3D('',#9427,#7635,#7636);
#7212=AXIS2_PLACEMENT_3D('',#9438,#7642,#7643);
#7213=AXIS2_PLACEMENT_3D('',#9449,#7649,#7650);
#7214=AXIS2_PLACEMENT_3D('',#9452,#7653,#7654);
#7215=AXIS2_PLACEMENT_3D('',#9455,#7657,#7658);
#7216=AXIS2_PLACEMENT_3D('',#9464,#7663,#7664);
#7217=AXIS2_PLACEMENT_3D('',#9472,#7669,#7670);
#7218=AXIS2_PLACEMENT_3D('',#9481,#7675,#7676);
#7219=AXIS2_PLACEMENT_3D('',#9490,#7681,#7682);
#7220=AXIS2_PLACEMENT_3D('',#9499,#7687,#7688);
#7221=AXIS2_PLACEMENT_3D('',#9508,#7693,#7694);
#7222=AXIS2_PLACEMENT_3D('',#9517,#7699,#7700);
#7223=AXIS2_PLACEMENT_3D('',#9523,#7704,#7705);
#7224=AXIS2_PLACEMENT_3D('',#9529,#7709,#7710);
#7225=AXIS2_PLACEMENT_3D('',#9538,#7715,#7716);
#7226=AXIS2_PLACEMENT_3D('',#9544,#7720,#7721);
#7227=AXIS2_PLACEMENT_3D('',#9550,#7725,#7726);
#7228=AXIS2_PLACEMENT_3D('',#9559,#7731,#7732);
#7229=AXIS2_PLACEMENT_3D('',#9565,#7736,#7737);
#7230=AXIS2_PLACEMENT_3D('',#9571,#7741,#7742);
#7231=AXIS2_PLACEMENT_3D('',#9580,#7747,#7748);
#7232=AXIS2_PLACEMENT_3D('',#9586,#7752,#7753);
#7233=AXIS2_PLACEMENT_3D('',#9592,#7757,#7758);
#7234=AXIS2_PLACEMENT_3D('',#9601,#7763,#7764);
#7235=AXIS2_PLACEMENT_3D('',#9607,#7768,#7769);
#7236=AXIS2_PLACEMENT_3D('',#9613,#7773,#7774);
#7237=AXIS2_PLACEMENT_3D('',#9622,#7779,#7780);
#7238=AXIS2_PLACEMENT_3D('',#9628,#7784,#7785);
#7239=AXIS2_PLACEMENT_3D('',#9634,#7789,#7790);
#7240=AXIS2_PLACEMENT_3D('',#9643,#7795,#7796);
#7241=AXIS2_PLACEMENT_3D('',#9652,#7801,#7802);
#7242=AXIS2_PLACEMENT_3D('',#9655,#7805,#7806);
#7243=AXIS2_PLACEMENT_3D('',#9658,#7809,#7810);
#7244=AXIS2_PLACEMENT_3D('',#9661,#7813,#7814);
#7245=AXIS2_PLACEMENT_3D('',#9664,#7817,#7818);
#7246=AXIS2_PLACEMENT_3D('',#9667,#7821,#7822);
#7247=AXIS2_PLACEMENT_3D('',#9670,#7825,#7826);
#7248=AXIS2_PLACEMENT_3D('',#9679,#7831,#7832);
#7249=AXIS2_PLACEMENT_3D('',#9688,#7837,#7838);
#7250=AXIS2_PLACEMENT_3D('',#9701,#7847,#7848);
#7251=AXIS2_PLACEMENT_3D('',#9709,#7853,#7854);
#7252=AXIS2_PLACEMENT_3D('',#9725,#7864,#7865);
#7253=AXIS2_PLACEMENT_3D('',#9734,#7870,#7871);
#7254=AXIS2_PLACEMENT_3D('',#9740,#7875,#7876);
#7255=AXIS2_PLACEMENT_3D('',#9746,#7880,#7881);
#7256=AXIS2_PLACEMENT_3D('',#9755,#7886,#7887);
#7257=AXIS2_PLACEMENT_3D('',#9761,#7891,#7892);
#7258=AXIS2_PLACEMENT_3D('',#9767,#7896,#7897);
#7259=AXIS2_PLACEMENT_3D('',#9777,#7903,#7904);
#7260=AXIS2_PLACEMENT_3D('',#9783,#7908,#7909);
#7261=AXIS2_PLACEMENT_3D('',#9793,#7915,#7916);
#7262=AXIS2_PLACEMENT_3D('',#9799,#7920,#7921);
#7263=AXIS2_PLACEMENT_3D('',#9808,#7926,#7927);
#7264=AXIS2_PLACEMENT_3D('',#9815,#7932,#7933);
#7265=AXIS2_PLACEMENT_3D('',#9824,#7938,#7939);
#7266=AXIS2_PLACEMENT_3D('',#9831,#7944,#7945);
#7267=AXIS2_PLACEMENT_3D('',#9840,#7950,#7951);
#7268=AXIS2_PLACEMENT_3D('',#9846,#7955,#7956);
#7269=AXIS2_PLACEMENT_3D('',#9852,#7960,#7961);
#7270=AXIS2_PLACEMENT_3D('',#9861,#7966,#7967);
#7271=AXIS2_PLACEMENT_3D('',#9867,#7971,#7972);
#7272=AXIS2_PLACEMENT_3D('',#9873,#7976,#7977);
#7273=AXIS2_PLACEMENT_3D('',#9876,#7980,#7981);
#7274=AXIS2_PLACEMENT_3D('',#9879,#7984,#7985);
#7275=AXIS2_PLACEMENT_3D('',#9886,#7990,#7991);
#7276=AXIS2_PLACEMENT_3D('',#9893,#7996,#7997);
#7277=AXIS2_PLACEMENT_3D('',#9900,#8002,#8003);
#7278=AXIS2_PLACEMENT_3D('',#9907,#8008,#8009);
#7279=AXIS2_PLACEMENT_3D('',#9910,#8012,#8013);
#7280=AXIS2_PLACEMENT_3D('',#9913,#8016,#8017);
#7281=AXIS2_PLACEMENT_3D('',#9919,#8021,#8022);
#7282=AXIS2_PLACEMENT_3D('',#9923,#8026,#8027);
#7283=AXIS2_PLACEMENT_3D('',#9935,#8037,#8038);
#7284=AXIS2_PLACEMENT_3D('',#9938,#8041,#8042);
#7285=AXIS2_PLACEMENT_3D('',#9940,#8044,#8045);
#7286=AXIS2_PLACEMENT_3D('',#9942,#8047,#8048);
#7287=AXIS2_PLACEMENT_3D('',#9945,#8051,#8052);
#7288=AXIS2_PLACEMENT_3D('',#9947,#8054,#8055);
#7289=AXIS2_PLACEMENT_3D('',#9949,#8057,#8058);
#7290=AXIS2_PLACEMENT_3D('',#9951,#8060,#8061);
#7291=AXIS2_PLACEMENT_3D('',#9952,#8062,#8063);
#7292=AXIS2_PLACEMENT_3D('',#9954,#8065,#8066);
#7293=AXIS2_PLACEMENT_3D('',#9955,#8067,#8068);
#7294=AXIS2_PLACEMENT_3D('',#9956,#8069,#8070);
#7295=AXIS2_PLACEMENT_3D('',#9957,#8071,#8072);
#7296=AXIS2_PLACEMENT_3D('',#9958,#8073,#8074);
#7297=AXIS2_PLACEMENT_3D('',#9959,#8075,#8076);
#7298=AXIS2_PLACEMENT_3D('',#9960,#8077,#8078);
#7299=AXIS2_PLACEMENT_3D('',#9961,#8079,#8080);
#7300=AXIS2_PLACEMENT_3D('',#9963,#8082,#8083);
#7301=AXIS2_PLACEMENT_3D('',#9964,#8084,#8085);
#7302=AXIS2_PLACEMENT_3D('',#9966,#8087,#8088);
#7303=AXIS2_PLACEMENT_3D('',#9967,#8089,#8090);
#7304=AXIS2_PLACEMENT_3D('',#9969,#8092,#8093);
#7305=AXIS2_PLACEMENT_3D('',#9971,#8095,#8096);
#7306=AXIS2_PLACEMENT_3D('',#9978,#8101,#8102);
#7307=AXIS2_PLACEMENT_3D('',#9985,#8107,#8108);
#7308=AXIS2_PLACEMENT_3D('',#9987,#8110,#8111);
#7309=AXIS2_PLACEMENT_3D('',#9988,#8112,#8113);
#7310=AXIS2_PLACEMENT_3D('',#9990,#8115,#8116);
#7311=AXIS2_PLACEMENT_3D('',#9991,#8117,#8118);
#7312=AXIS2_PLACEMENT_3D('',#9992,#8119,#8120);
#7313=AXIS2_PLACEMENT_3D('',#9994,#8122,#8123);
#7314=AXIS2_PLACEMENT_3D('',#9995,#8124,#8125);
#7315=AXIS2_PLACEMENT_3D('',#9997,#8127,#8128);
#7316=AXIS2_PLACEMENT_3D('',#9998,#8129,#8130);
#7317=AXIS2_PLACEMENT_3D('',#9999,#8131,#8132);
#7318=AXIS2_PLACEMENT_3D('',#10008,#8137,#8138);
#7319=AXIS2_PLACEMENT_3D('',#10017,#8143,#8144);
#7320=AXIS2_PLACEMENT_3D('',#10026,#8149,#8150);
#7321=AXIS2_PLACEMENT_3D('',#10035,#8155,#8156);
#7322=AXIS2_PLACEMENT_3D('',#10044,#8161,#8162);
#7323=AXIS2_PLACEMENT_3D('',#10053,#8167,#8168);
#7324=AXIS2_PLACEMENT_3D('',#10062,#8173,#8174);
#7325=AXIS2_PLACEMENT_3D('',#10071,#8179,#8180);
#7326=AXIS2_PLACEMENT_3D('',#10080,#8185,#8186);
#7327=AXIS2_PLACEMENT_3D('',#10089,#8191,#8192);
#7328=AXIS2_PLACEMENT_3D('',#10098,#8197,#8198);
#7329=AXIS2_PLACEMENT_3D('',#10107,#8203,#8204);
#7330=AXIS2_PLACEMENT_3D('',#10113,#8208,#8209);
#7331=AXIS2_PLACEMENT_3D('',#10119,#8213,#8214);
#7332=AXIS2_PLACEMENT_3D('',#10125,#8218,#8219);
#7333=AXIS2_PLACEMENT_3D('',#10131,#8223,#8224);
#7334=AXIS2_PLACEMENT_3D('',#10137,#8228,#8229);
#7335=AXIS2_PLACEMENT_3D('',#10143,#8233,#8234);
#7336=AXIS2_PLACEMENT_3D('',#10149,#8238,#8239);
#7337=AXIS2_PLACEMENT_3D('',#10155,#8243,#8244);
#7338=AXIS2_PLACEMENT_3D('',#10161,#8248,#8249);
#7339=AXIS2_PLACEMENT_3D('',#10167,#8253,#8254);
#7340=AXIS2_PLACEMENT_3D('',#10173,#8258,#8259);
#7341=AXIS2_PLACEMENT_3D('',#10179,#8263,#8264);
#7342=AXIS2_PLACEMENT_3D('',#10185,#8268,#8269);
#7343=AXIS2_PLACEMENT_3D('',#10191,#8273,#8274);
#7344=AXIS2_PLACEMENT_3D('',#10197,#8278,#8279);
#7345=AXIS2_PLACEMENT_3D('',#10203,#8283,#8284);
#7346=AXIS2_PLACEMENT_3D('',#10209,#8288,#8289);
#7347=AXIS2_PLACEMENT_3D('',#10215,#8293,#8294);
#7348=AXIS2_PLACEMENT_3D('',#10221,#8298,#8299);
#7349=AXIS2_PLACEMENT_3D('',#10227,#8303,#8304);
#7350=AXIS2_PLACEMENT_3D('',#10233,#8308,#8309);
#7351=AXIS2_PLACEMENT_3D('',#10239,#8313,#8314);
#7352=AXIS2_PLACEMENT_3D('',#10245,#8318,#8319);
#7353=AXIS2_PLACEMENT_3D('',#10251,#8323,#8324);
#7354=AXIS2_PLACEMENT_3D('',#10260,#8329,#8330);
#7355=AXIS2_PLACEMENT_3D('',#10269,#8335,#8336);
#7356=AXIS2_PLACEMENT_3D('',#10278,#8341,#8342);
#7357=AXIS2_PLACEMENT_3D('',#10287,#8347,#8348);
#7358=AXIS2_PLACEMENT_3D('',#10296,#8353,#8354);
#7359=AXIS2_PLACEMENT_3D('',#10305,#8359,#8360);
#7360=AXIS2_PLACEMENT_3D('',#10311,#8364,#8365);
#7361=AXIS2_PLACEMENT_3D('',#10317,#8369,#8370);
#7362=AXIS2_PLACEMENT_3D('',#10323,#8374,#8375);
#7363=AXIS2_PLACEMENT_3D('',#10329,#8379,#8380);
#7364=AXIS2_PLACEMENT_3D('',#10335,#8384,#8385);
#7365=AXIS2_PLACEMENT_3D('',#10341,#8389,#8390);
#7366=AXIS2_PLACEMENT_3D('',#10347,#8394,#8395);
#7367=AXIS2_PLACEMENT_3D('',#10353,#8399,#8400);
#7368=AXIS2_PLACEMENT_3D('',#10359,#8404,#8405);
#7369=AXIS2_PLACEMENT_3D('',#10365,#8409,#8410);
#7370=AXIS2_PLACEMENT_3D('',#10371,#8414,#8415);
#7371=AXIS2_PLACEMENT_3D('',#10377,#8419,#8420);
#7372=AXIS2_PLACEMENT_3D('',#10380,#8423,#8424);
#7373=AXIS2_PLACEMENT_3D('',#10383,#8427,#8428);
#7374=AXIS2_PLACEMENT_3D('',#10386,#8431,#8432);
#7375=AXIS2_PLACEMENT_3D('',#10389,#8435,#8436);
#7376=AXIS2_PLACEMENT_3D('',#10392,#8439,#8440);
#7377=AXIS2_PLACEMENT_3D('',#10395,#8443,#8444);
#7378=AXIS2_PLACEMENT_3D('',#10404,#8449,#8450);
#7379=AXIS2_PLACEMENT_3D('',#10440,#8472,#8473);
#7380=AXIS2_PLACEMENT_3D('',#10476,#8495,#8496);
#7381=AXIS2_PLACEMENT_3D('',#10482,#8500,#8501);
#7382=AXIS2_PLACEMENT_3D('',#10488,#8505,#8506);
#7383=AXIS2_PLACEMENT_3D('',#10494,#8510,#8511);
#7384=AXIS2_PLACEMENT_3D('',#10500,#8515,#8516);
#7385=AXIS2_PLACEMENT_3D('',#10506,#8520,#8521);
#7386=AXIS2_PLACEMENT_3D('',#10536,#8549,#8550);
#7387=AXIS2_PLACEMENT_3D('',#10542,#8554,#8555);
#7388=AXIS2_PLACEMENT_3D('',#10548,#8559,#8560);
#7389=AXIS2_PLACEMENT_3D('',#10554,#8564,#8565);
#7390=AXIS2_PLACEMENT_3D('',#10557,#8568,#8569);
#7391=AXIS2_PLACEMENT_3D('',#10560,#8572,#8573);
#7392=AXIS2_PLACEMENT_3D('',#10563,#8576,#8577);
#7393=AXIS2_PLACEMENT_3D('',#10564,#8578,#8579);
#7394=AXIS2_PLACEMENT_3D('',#10565,#8580,#8581);
#7395=AXIS2_PLACEMENT_3D('',#10566,#8582,#8583);
#7396=AXIS2_PLACEMENT_3D('',#10567,#8584,#8585);
#7397=AXIS2_PLACEMENT_3D('',#10569,#8587,#8588);
#7398=AXIS2_PLACEMENT_3D('',#10571,#8590,#8591);
#7399=AXIS2_PLACEMENT_3D('',#10572,#8592,#8593);
#7400=AXIS2_PLACEMENT_3D('',#10573,#8594,#8595);
#7401=AXIS2_PLACEMENT_3D('',#10575,#8597,#8598);
#7402=AXIS2_PLACEMENT_3D('',#10577,#8600,#8601);
#7403=AXIS2_PLACEMENT_3D('',#10578,#8602,#8603);
#7404=AXIS2_PLACEMENT_3D('',#10579,#8604,#8605);
#7405=AXIS2_PLACEMENT_3D('',#10581,#8607,#8608);
#7406=AXIS2_PLACEMENT_3D('',#10583,#8610,#8611);
#7407=AXIS2_PLACEMENT_3D('',#10584,#8612,#8613);
#7408=AXIS2_PLACEMENT_3D('',#10585,#8614,#8615);
#7409=AXIS2_PLACEMENT_3D('',#10587,#8617,#8618);
#7410=AXIS2_PLACEMENT_3D('',#10589,#8620,#8621);
#7411=AXIS2_PLACEMENT_3D('',#10590,#8622,#8623);
#7412=AXIS2_PLACEMENT_3D('',#10591,#8624,#8625);
#7413=AXIS2_PLACEMENT_3D('',#10593,#8627,#8628);
#7414=AXIS2_PLACEMENT_3D('',#10595,#8630,#8631);
#7415=AXIS2_PLACEMENT_3D('',#10596,#8632,#8633);
#7416=AXIS2_PLACEMENT_3D('',#10597,#8634,#8635);
#7417=AXIS2_PLACEMENT_3D('',#10599,#8637,#8638);
#7418=AXIS2_PLACEMENT_3D('',#10601,#8640,#8641);
#7419=AXIS2_PLACEMENT_3D('',#10602,#8642,#8643);
#7420=AXIS2_PLACEMENT_3D('',#10603,#8644,#8645);
#7421=AXIS2_PLACEMENT_3D('',#10605,#8647,#8648);
#7422=AXIS2_PLACEMENT_3D('',#10607,#8650,#8651);
#7423=AXIS2_PLACEMENT_3D('',#10608,#8652,#8653);
#7424=AXIS2_PLACEMENT_3D('',#10609,#8654,#8655);
#7425=AXIS2_PLACEMENT_3D('',#10611,#8657,#8658);
#7426=AXIS2_PLACEMENT_3D('',#10613,#8660,#8661);
#7427=AXIS2_PLACEMENT_3D('',#10614,#8662,#8663);
#7428=AXIS2_PLACEMENT_3D('',#10615,#8664,#8665);
#7429=AXIS2_PLACEMENT_3D('',#10617,#8667,#8668);
#7430=AXIS2_PLACEMENT_3D('',#10619,#8670,#8671);
#7431=AXIS2_PLACEMENT_3D('',#10620,#8672,#8673);
#7432=AXIS2_PLACEMENT_3D('',#10621,#8674,#8675);
#7433=AXIS2_PLACEMENT_3D('',#10623,#8677,#8678);
#7434=AXIS2_PLACEMENT_3D('',#10625,#8680,#8681);
#7435=AXIS2_PLACEMENT_3D('',#10626,#8682,#8683);
#7436=AXIS2_PLACEMENT_3D('',#10627,#8684,#8685);
#7437=AXIS2_PLACEMENT_3D('',#10629,#8687,#8688);
#7438=AXIS2_PLACEMENT_3D('',#10631,#8690,#8691);
#7439=AXIS2_PLACEMENT_3D('',#10632,#8692,#8693);
#7440=AXIS2_PLACEMENT_3D('',#10633,#8694,#8695);
#7441=AXIS2_PLACEMENT_3D('',#10635,#8697,#8698);
#7442=AXIS2_PLACEMENT_3D('',#10637,#8700,#8701);
#7443=AXIS2_PLACEMENT_3D('',#10638,#8702,#8703);
#7444=AXIS2_PLACEMENT_3D('',#10639,#8704,#8705);
#7445=AXIS2_PLACEMENT_3D('',#10640,#8706,#8707);
#7446=AXIS2_PLACEMENT_3D('',#10649,#8712,#8713);
#7447=AXIS2_PLACEMENT_3D('',#10658,#8718,#8719);
#7448=AXIS2_PLACEMENT_3D('',#10667,#8724,#8725);
#7449=AXIS2_PLACEMENT_3D('',#10676,#8730,#8731);
#7450=AXIS2_PLACEMENT_3D('',#10685,#8736,#8737);
#7451=AXIS2_PLACEMENT_3D('',#10694,#8742,#8743);
#7452=AXIS2_PLACEMENT_3D('',#10700,#8747,#8748);
#7453=AXIS2_PLACEMENT_3D('',#10706,#8752,#8753);
#7454=AXIS2_PLACEMENT_3D('',#10712,#8757,#8758);
#7455=AXIS2_PLACEMENT_3D('',#10718,#8762,#8763);
#7456=AXIS2_PLACEMENT_3D('',#10724,#8767,#8768);
#7457=AXIS2_PLACEMENT_3D('',#10730,#8772,#8773);
#7458=AXIS2_PLACEMENT_3D('',#10736,#8777,#8778);
#7459=AXIS2_PLACEMENT_3D('',#10742,#8782,#8783);
#7460=AXIS2_PLACEMENT_3D('',#10748,#8787,#8788);
#7461=AXIS2_PLACEMENT_3D('',#10754,#8792,#8793);
#7462=AXIS2_PLACEMENT_3D('',#10760,#8797,#8798);
#7463=AXIS2_PLACEMENT_3D('',#10766,#8802,#8803);
#7464=AXIS2_PLACEMENT_3D('',#10767,#8804,#8805);
#7465=AXIS2_PLACEMENT_3D('',#10769,#8806,#8807);
#7466=AXIS2_PLACEMENT_3D('',#10772,#8809,#8810);
#7467=AXIS2_PLACEMENT_3D('',#10773,#8811,#8812);
#7468=AXIS2_PLACEMENT_3D('',#10777,#8814,#8815);
#7469=AXIS2_PLACEMENT_3D('',#10778,#8816,#8817);
#7470=AXIS2_PLACEMENT_3D('',#10779,#8818,#8819);
#7471=AXIS2_PLACEMENT_3D('',#10783,#8821,#8822);
#7472=AXIS2_PLACEMENT_3D('',#10784,#8823,#8824);
#7473=AXIS2_PLACEMENT_3D('',#10785,#8825,#8826);
#7474=AXIS2_PLACEMENT_3D('',#10789,#8828,#8829);
#7475=AXIS2_PLACEMENT_3D('',#10790,#8830,#8831);
#7476=AXIS2_PLACEMENT_3D('',#10791,#8832,#8833);
#7477=AXIS2_PLACEMENT_3D('',#10795,#8835,#8836);
#7478=AXIS2_PLACEMENT_3D('',#10796,#8837,#8838);
#7479=AXIS2_PLACEMENT_3D('',#10797,#8839,#8840);
#7480=AXIS2_PLACEMENT_3D('',#10801,#8842,#8843);
#7481=AXIS2_PLACEMENT_3D('',#10802,#8844,#8845);
#7482=AXIS2_PLACEMENT_3D('',#10808,#8849,#8850);
#7483=AXIS2_PLACEMENT_3D('',#10814,#8854,#8855);
#7484=AXIS2_PLACEMENT_3D('',#10820,#8859,#8860);
#7485=AXIS2_PLACEMENT_3D('',#10826,#8864,#8865);
#7486=AXIS2_PLACEMENT_3D('',#10832,#8869,#8870);
#7487=AXIS2_PLACEMENT_3D('',#10838,#8874,#8875);
#7488=AXIS2_PLACEMENT_3D('',#10847,#8880,#8881);
#7489=AXIS2_PLACEMENT_3D('',#10856,#8886,#8887);
#7490=AXIS2_PLACEMENT_3D('',#10865,#8892,#8893);
#7491=AXIS2_PLACEMENT_3D('',#10874,#8898,#8899);
#7492=AXIS2_PLACEMENT_3D('',#10883,#8904,#8905);
#7493=AXIS2_PLACEMENT_3D('',#10892,#8910,#8911);
#7494=AXIS2_PLACEMENT_3D('',#10893,#8912,#8913);
#7495=AXIS2_PLACEMENT_3D('',#10895,#8914,#8915);
#7496=AXIS2_PLACEMENT_3D('',#10898,#8917,#8918);
#7497=AXIS2_PLACEMENT_3D('',#10899,#8919,#8920);
#7498=AXIS2_PLACEMENT_3D('',#10903,#8922,#8923);
#7499=AXIS2_PLACEMENT_3D('',#10904,#8924,#8925);
#7500=AXIS2_PLACEMENT_3D('',#10905,#8926,#8927);
#7501=AXIS2_PLACEMENT_3D('',#10909,#8929,#8930);
#7502=AXIS2_PLACEMENT_3D('',#10910,#8931,#8932);
#7503=AXIS2_PLACEMENT_3D('',#10911,#8933,#8934);
#7504=AXIS2_PLACEMENT_3D('',#10915,#8936,#8937);
#7505=AXIS2_PLACEMENT_3D('',#10916,#8938,#8939);
#7506=AXIS2_PLACEMENT_3D('',#10917,#8940,#8941);
#7507=AXIS2_PLACEMENT_3D('',#10921,#8943,#8944);
#7508=AXIS2_PLACEMENT_3D('',#10922,#8945,#8946);
#7509=AXIS2_PLACEMENT_3D('',#10923,#8947,#8948);
#7510=AXIS2_PLACEMENT_3D('',#10927,#8950,#8951);
#7511=AXIS2_PLACEMENT_3D('',#10928,#8952,#8953);
#7512=AXIS2_PLACEMENT_3D('',#10934,#8957,#8958);
#7513=AXIS2_PLACEMENT_3D('',#10940,#8962,#8963);
#7514=AXIS2_PLACEMENT_3D('',#10946,#8967,#8968);
#7515=AXIS2_PLACEMENT_3D('',#10952,#8972,#8973);
#7516=AXIS2_PLACEMENT_3D('',#10958,#8977,#8978);
#7517=AXIS2_PLACEMENT_3D('',#10964,#8982,#8983);
#7518=AXIS2_PLACEMENT_3D('',#10970,#8987,#8988);
#7519=AXIS2_PLACEMENT_3D('',#10976,#8992,#8993);
#7520=AXIS2_PLACEMENT_3D('',#10982,#8997,#8998);
#7521=AXIS2_PLACEMENT_3D('',#10988,#9002,#9003);
#7522=AXIS2_PLACEMENT_3D('',#10994,#9007,#9008);
#7523=AXIS2_PLACEMENT_3D('',#11000,#9012,#9013);
#7524=AXIS2_PLACEMENT_3D('',#11006,#9017,#9018);
#7525=AXIS2_PLACEMENT_3D('',#11012,#9022,#9023);
#7526=AXIS2_PLACEMENT_3D('',#11018,#9027,#9028);
#7527=AXIS2_PLACEMENT_3D('',#11024,#9032,#9033);
#7528=AXIS2_PLACEMENT_3D('',#11030,#9037,#9038);
#7529=AXIS2_PLACEMENT_3D('',#11036,#9042,#9043);
#7530=AXIS2_PLACEMENT_3D('',#11045,#9048,#9049);
#7531=AXIS2_PLACEMENT_3D('',#11051,#9053,#9054);
#7532=AXIS2_PLACEMENT_3D('',#11057,#9058,#9059);
#7533=AXIS2_PLACEMENT_3D('',#11058,#9060,#9061);
#7534=AXIS2_PLACEMENT_3D('',#11062,#9063,#9064);
#7535=AXIS2_PLACEMENT_3D('',#11063,#9065,#9066);
#7536=AXIS2_PLACEMENT_3D('',#11069,#9070,#9071);
#7537=AXIS2_PLACEMENT_3D('',#11135,#9111,#9112);
#7538=AXIS2_PLACEMENT_3D('',#11141,#9116,#9117);
#7539=AXIS2_PLACEMENT_3D('',#11142,#9118,#9119);
#7540=AXIS2_PLACEMENT_3D('',#11146,#9121,#9122);
#7541=AXIS2_PLACEMENT_3D('',#11147,#9123,#9124);
#7542=AXIS2_PLACEMENT_3D('',#11153,#9128,#9129);
#7543=AXIS2_PLACEMENT_3D('',#11159,#9133,#9134);
#7544=AXIS2_PLACEMENT_3D('',#11165,#9138,#9139);
#7545=AXIS2_PLACEMENT_3D('',#11183,#9155,#9156);
#7546=AXIS2_PLACEMENT_3D('',#11198,#9171,#9172);
#7547=AXIS2_PLACEMENT_3D('',#11199,#9173,#9174);
#7548=AXIS2_PLACEMENT_3D('',#11200,#9175,#9176);
#7549=AXIS2_PLACEMENT_3D('',#11201,#9177,#9178);
#7550=AXIS2_PLACEMENT_3D('',#11202,#9179,#9180);
#7551=AXIS2_PLACEMENT_3D('',#11203,#9181,#9182);
#7552=AXIS2_PLACEMENT_3D('',#11204,#9183,#9184);
#7553=AXIS2_PLACEMENT_3D('',#11205,#9185,#9186);
#7554=AXIS2_PLACEMENT_3D('',#11206,#9187,#9188);
#7555=AXIS2_PLACEMENT_3D('',#11207,#9189,#9190);
#7556=AXIS2_PLACEMENT_3D('',#11208,#9191,#9192);
#7557=AXIS2_PLACEMENT_3D('',#11209,#9193,#9194);
#7558=AXIS2_PLACEMENT_3D('',#11210,#9195,#9196);
#7559=AXIS2_PLACEMENT_3D('',#11211,#9197,#9198);
#7560=AXIS2_PLACEMENT_3D('',#11212,#9199,#9200);
#7561=AXIS2_PLACEMENT_3D('',#11213,#9201,#9202);
#7562=AXIS2_PLACEMENT_3D('',#11214,#9203,#9204);
#7563=AXIS2_PLACEMENT_3D('',#11215,#9205,#9206);
#7564=AXIS2_PLACEMENT_3D('',#11216,#9207,#9208);
#7565=AXIS2_PLACEMENT_3D('',#11217,#9209,#9210);
#7566=AXIS2_PLACEMENT_3D('',#11218,#9211,#9212);
#7567=AXIS2_PLACEMENT_3D('',#11219,#9213,#9214);
#7568=AXIS2_PLACEMENT_3D('',#11220,#9215,#9216);
#7569=AXIS2_PLACEMENT_3D('',#11221,#9217,#9218);
#7570=AXIS2_PLACEMENT_3D('',#11222,#9219,#9220);
#7571=AXIS2_PLACEMENT_3D('',#11223,#9221,#9222);
#7572=AXIS2_PLACEMENT_3D('',#11224,#9223,#9224);
#7573=AXIS2_PLACEMENT_3D('',#11225,#9225,#9226);
#7574=AXIS2_PLACEMENT_3D('',#11246,#9237,#9238);
#7575=AXIS2_PLACEMENT_3D('',#11252,#9242,#9243);
#7576=AXIS2_PLACEMENT_3D('',#11253,#9244,#9245);
#7577=AXIS2_PLACEMENT_3D('',#11257,#9247,#9248);
#7578=AXIS2_PLACEMENT_3D('',#11258,#9249,#9250);
#7579=AXIS2_PLACEMENT_3D('',#11264,#9254,#9255);
#7580=AXIS2_PLACEMENT_3D('',#11265,#9256,#9257);
#7581=AXIS2_PLACEMENT_3D('',#11269,#9259,#9260);
#7582=AXIS2_PLACEMENT_3D('',#11270,#9261,#9262);
#7583=AXIS2_PLACEMENT_3D('',#11276,#9266,#9267);
#7584=AXIS2_PLACEMENT_3D('',#11282,#9271,#9272);
#7585=AXIS2_PLACEMENT_3D('',#11288,#9276,#9277);
#7586=AXIS2_PLACEMENT_3D('',#11294,#9281,#9282);
#7587=AXIS2_PLACEMENT_3D('',#11300,#9286,#9287);
#7588=AXIS2_PLACEMENT_3D('',#11306,#9291,#9292);
#7589=AXIS2_PLACEMENT_3D('',#11312,#9296,#9297);
#7590=AXIS2_PLACEMENT_3D('',#11313,#9298,#9299);
#7591=AXIS2_PLACEMENT_3D('',#11317,#9301,#9302);
#7592=AXIS2_PLACEMENT_3D('',#11318,#9303,#9304);
#7593=AXIS2_PLACEMENT_3D('',#11324,#9308,#9309);
#7594=AXIS2_PLACEMENT_3D('',#11325,#9310,#9311);
#7595=AXIS2_PLACEMENT_3D('',#11329,#9313,#9314);
#7596=AXIS2_PLACEMENT_3D('',#11330,#9315,#9316);
#7597=AXIS2_PLACEMENT_3D('',#11336,#9320,#9321);
#7598=AXIS2_PLACEMENT_3D('',#11342,#9325,#9326);
#7599=AXIS2_PLACEMENT_3D('',#11348,#9330,#9331);
#7600=AXIS2_PLACEMENT_3D('',#11354,#9335,#9336);
#7601=AXIS2_PLACEMENT_3D('',#11360,#9340,#9341);
#7602=AXIS2_PLACEMENT_3D('',#11366,#9345,#9346);
#7603=AXIS2_PLACEMENT_3D('',#11372,#9350,#9351);
#7604=AXIS2_PLACEMENT_3D('',#11373,#9352,#9353);
#7605=AXIS2_PLACEMENT_3D('',#11377,#9355,#9356);
#7606=AXIS2_PLACEMENT_3D('',#11378,#9357,#9358);
#7607=AXIS2_PLACEMENT_3D('',#11384,#9362,#9363);
#7608=AXIS2_PLACEMENT_3D('',#11385,#9364,#9365);
#7609=AXIS2_PLACEMENT_3D('',#11389,#9367,#9368);
#7610=AXIS2_PLACEMENT_3D('',#11390,#9369,#9370);
#7611=AXIS2_PLACEMENT_3D('',#11393,#9373,#9374);
#7612=AXIS2_PLACEMENT_3D('',#11394,#9375,#9376);
#7613=AXIS2_PLACEMENT_3D('',#11395,#9377,#9378);
#7614=AXIS2_PLACEMENT_3D('',#11401,#9382,#9383);
#7615=AXIS2_PLACEMENT_3D('',#11405,#9386,#9387);
#7616=AXIS2_PLACEMENT_3D('',#11409,#9390,#9391);
#7617=AXIS2_PLACEMENT_3D('',#11413,#9394,#9395);
#7618=AXIS2_PLACEMENT_3D('',#11417,#9398,#9399);
#7619=AXIS2_PLACEMENT_3D('',#11419,#9401,#9402);
#7620=AXIS2_PLACEMENT_3D('',#11420,#9403,#9404);
#7621=DIRECTION('',(0.,0.,1.));
#7622=DIRECTION('',(1.,0.,0.));
#7623=DIRECTION('',(0.,0.,1.));
#7624=DIRECTION('',(1.,0.,0.));
#7625=DIRECTION('',(0.,1.,0.));
#7626=DIRECTION('',(-0.447213595499958,0.894427190999916,0.));
#7627=DIRECTION('',(-1.,0.,0.));
#7628=DIRECTION('',(0.,-1.,0.));
#7629=DIRECTION('',(-1.,0.,0.));
#7630=DIRECTION('',(0.,-1.,0.));
#7631=DIRECTION('',(-1.,0.,0.));
#7632=DIRECTION('',(-0.447213595499958,-0.894427190999916,0.));
#7633=DIRECTION('',(0.,-1.,0.));
#7634=DIRECTION('',(-1.,0.,0.));
#7635=DIRECTION('',(0.,0.,-1.));
#7636=DIRECTION('',(-1.,0.,0.));
#7637=DIRECTION('',(1.,0.,0.));
#7638=DIRECTION('',(0.447213595499958,-0.894427190999916,0.));
#7639=DIRECTION('',(0.,-1.,0.));
#7640=DIRECTION('',(-1.,0.,0.));
#7641=DIRECTION('',(0.,-1.,0.));
#7642=DIRECTION('',(0.,0.,-1.));
#7643=DIRECTION('',(-1.,0.,0.));
#7644=DIRECTION('',(-1.,0.,0.));
#7645=DIRECTION('',(0.,1.,0.));
#7646=DIRECTION('',(0.447213595499958,0.894427190999916,0.));
#7647=DIRECTION('',(1.,0.,0.));
#7648=DIRECTION('',(0.,-1.,0.));
#7649=DIRECTION('',(0.,-1.,0.));
#7650=DIRECTION('',(0.,0.,-1.));
#7651=DIRECTION('',(0.,0.,1.));
#7652=DIRECTION('',(0.,0.,-1.));
#7653=DIRECTION('',(0.,-1.,0.));
#7654=DIRECTION('',(0.,0.,-1.));
#7655=DIRECTION('',(0.,0.,-1.));
#7656=DIRECTION('',(-3.09959676204214E-14,0.,1.));
#7657=DIRECTION('',(0.,0.,-1.));
#7658=DIRECTION('',(-1.,0.,0.));
#7659=DIRECTION('',(0.,1.,0.));
#7660=DIRECTION('',(-1.,0.,0.));
#7661=DIRECTION('',(0.,-1.,0.));
#7662=DIRECTION('',(1.,0.,0.));
#7663=DIRECTION('',(0.,0.,-1.));
#7664=DIRECTION('',(-1.,0.,0.));
#7665=DIRECTION('',(-1.,0.,0.));
#7666=DIRECTION('',(0.,-1.,0.));
#7667=DIRECTION('',(1.,0.,0.));
#7668=DIRECTION('',(0.,-1.,0.));
#7669=DIRECTION('',(0.,0.,1.));
#7670=DIRECTION('',(1.,0.,0.));
#7671=DIRECTION('',(-1.,0.,0.));
#7672=DIRECTION('',(0.,-1.,0.));
#7673=DIRECTION('',(-1.,0.,0.));
#7674=DIRECTION('',(0.,-1.,0.));
#7675=DIRECTION('',(0.,0.,1.));
#7676=DIRECTION('',(1.,0.,0.));
#7677=DIRECTION('',(-1.,0.,0.));
#7678=DIRECTION('',(0.,-1.,0.));
#7679=DIRECTION('',(-1.,0.,0.));
#7680=DIRECTION('',(0.,-1.,0.));
#7681=DIRECTION('',(1.,0.,0.));
#7682=DIRECTION('',(0.,0.,-1.));
#7683=DIRECTION('',(0.,-1.,0.));
#7684=DIRECTION('',(0.,0.,-1.));
#7685=DIRECTION('',(0.,-1.,0.));
#7686=DIRECTION('',(0.,0.,1.));
#7687=DIRECTION('',(1.,0.,0.));
#7688=DIRECTION('',(0.,0.,-1.));
#7689=DIRECTION('',(0.,-1.,0.));
#7690=DIRECTION('',(0.,0.,-1.));
#7691=DIRECTION('',(0.,-1.,0.));
#7692=DIRECTION('',(0.,0.,1.));
#7693=DIRECTION('',(1.,0.,0.));
#7694=DIRECTION('',(0.,0.,-1.));
#7695=DIRECTION('',(0.,-1.,0.));
#7696=DIRECTION('',(0.,0.,-1.));
#7697=DIRECTION('',(0.,-1.,0.));
#7698=DIRECTION('',(0.,0.,1.));
#7699=DIRECTION('',(0.,0.,1.));
#7700=DIRECTION('',(1.,0.,0.));
#7701=DIRECTION('',(1.,0.,0.));
#7702=DIRECTION('',(0.,-1.,0.));
#7703=DIRECTION('',(-1.,0.,0.));
#7704=DIRECTION('',(-1.,0.,0.));
#7705=DIRECTION('',(0.,0.,1.));
#7706=DIRECTION('',(0.,0.,1.));
#7707=DIRECTION('',(0.,-1.,0.));
#7708=DIRECTION('',(0.,0.,-1.));
#7709=DIRECTION('',(1.,0.,0.));
#7710=DIRECTION('',(0.,0.,-1.));
#7711=DIRECTION('',(0.,-1.,0.));
#7712=DIRECTION('',(0.,0.,-1.));
#7713=DIRECTION('',(0.,-1.,0.));
#7714=DIRECTION('',(0.,0.,1.));
#7715=DIRECTION('',(0.,0.,1.));
#7716=DIRECTION('',(1.,0.,0.));
#7717=DIRECTION('',(1.,0.,0.));
#7718=DIRECTION('',(0.,-1.,0.));
#7719=DIRECTION('',(-1.,0.,0.));
#7720=DIRECTION('',(-1.,0.,0.));
#7721=DIRECTION('',(0.,0.,1.));
#7722=DIRECTION('',(0.,0.,1.));
#7723=DIRECTION('',(0.,-1.,0.));
#7724=DIRECTION('',(0.,0.,-1.));
#7725=DIRECTION('',(1.,0.,0.));
#7726=DIRECTION('',(0.,0.,-1.));
#7727=DIRECTION('',(0.,-1.,0.));
#7728=DIRECTION('',(0.,0.,-1.));
#7729=DIRECTION('',(0.,-1.,0.));
#7730=DIRECTION('',(0.,0.,1.));
#7731=DIRECTION('',(0.,0.,1.));
#7732=DIRECTION('',(1.,0.,0.));
#7733=DIRECTION('',(1.,0.,0.));
#7734=DIRECTION('',(0.,-1.,0.));
#7735=DIRECTION('',(-1.,0.,0.));
#7736=DIRECTION('',(-1.,0.,0.));
#7737=DIRECTION('',(0.,0.,1.));
#7738=DIRECTION('',(0.,0.,1.));
#7739=DIRECTION('',(0.,-1.,0.));
#7740=DIRECTION('',(0.,0.,-1.));
#7741=DIRECTION('',(1.,0.,0.));
#7742=DIRECTION('',(0.,0.,-1.));
#7743=DIRECTION('',(0.,-1.,0.));
#7744=DIRECTION('',(0.,0.,-1.));
#7745=DIRECTION('',(0.,-1.,0.));
#7746=DIRECTION('',(0.,0.,1.));
#7747=DIRECTION('',(0.,0.,1.));
#7748=DIRECTION('',(1.,0.,0.));
#7749=DIRECTION('',(1.,0.,0.));
#7750=DIRECTION('',(0.,-1.,0.));
#7751=DIRECTION('',(-1.,0.,0.));
#7752=DIRECTION('',(-1.,0.,0.));
#7753=DIRECTION('',(0.,0.,1.));
#7754=DIRECTION('',(0.,0.,1.));
#7755=DIRECTION('',(0.,-1.,0.));
#7756=DIRECTION('',(0.,0.,-1.));
#7757=DIRECTION('',(1.,0.,0.));
#7758=DIRECTION('',(0.,0.,-1.));
#7759=DIRECTION('',(0.,-1.,0.));
#7760=DIRECTION('',(0.,0.,-1.));
#7761=DIRECTION('',(0.,-1.,0.));
#7762=DIRECTION('',(0.,0.,1.));
#7763=DIRECTION('',(0.,0.,1.));
#7764=DIRECTION('',(1.,0.,0.));
#7765=DIRECTION('',(1.,0.,0.));
#7766=DIRECTION('',(0.,-1.,0.));
#7767=DIRECTION('',(-1.,0.,0.));
#7768=DIRECTION('',(-1.,0.,0.));
#7769=DIRECTION('',(0.,0.,1.));
#7770=DIRECTION('',(0.,0.,1.));
#7771=DIRECTION('',(0.,-1.,0.));
#7772=DIRECTION('',(0.,0.,-1.));
#7773=DIRECTION('',(1.,0.,0.));
#7774=DIRECTION('',(0.,0.,-1.));
#7775=DIRECTION('',(0.,-1.,0.));
#7776=DIRECTION('',(0.,0.,-1.));
#7777=DIRECTION('',(0.,-1.,0.));
#7778=DIRECTION('',(0.,0.,1.));
#7779=DIRECTION('',(0.,0.,1.));
#7780=DIRECTION('',(1.,0.,0.));
#7781=DIRECTION('',(1.,0.,0.));
#7782=DIRECTION('',(0.,-1.,0.));
#7783=DIRECTION('',(-1.,0.,0.));
#7784=DIRECTION('',(-1.,0.,0.));
#7785=DIRECTION('',(0.,0.,1.));
#7786=DIRECTION('',(0.,0.,1.));
#7787=DIRECTION('',(0.,-1.,0.));
#7788=DIRECTION('',(0.,0.,-1.));
#7789=DIRECTION('',(-1.,0.,0.));
#7790=DIRECTION('',(0.,0.,1.));
#7791=DIRECTION('',(0.,-1.,0.));
#7792=DIRECTION('',(0.,0.,1.));
#7793=DIRECTION('',(0.,-1.,0.));
#7794=DIRECTION('',(0.,0.,-1.));
#7795=DIRECTION('',(-1.,0.,0.));
#7796=DIRECTION('',(0.,0.,1.));
#7797=DIRECTION('',(0.,-1.,0.));
#7798=DIRECTION('',(0.,0.,1.));
#7799=DIRECTION('',(0.,-1.,0.));
#7800=DIRECTION('',(0.,0.,-1.));
#7801=DIRECTION('',(0.,0.,-1.));
#7802=DIRECTION('',(-1.,0.,0.));
#7803=DIRECTION('',(-1.,0.,0.));
#7804=DIRECTION('',(1.,0.,0.));
#7805=DIRECTION('',(0.,0.,-1.));
#7806=DIRECTION('',(-1.,0.,0.));
#7807=DIRECTION('',(-1.,0.,0.));
#7808=DIRECTION('',(1.,0.,0.));
#7809=DIRECTION('',(0.,0.,-1.));
#7810=DIRECTION('',(-1.,0.,0.));
#7811=DIRECTION('',(-1.,0.,0.));
#7812=DIRECTION('',(1.,0.,0.));
#7813=DIRECTION('',(0.,0.,-1.));
#7814=DIRECTION('',(-1.,0.,0.));
#7815=DIRECTION('',(-1.,0.,0.));
#7816=DIRECTION('',(1.,0.,0.));
#7817=DIRECTION('',(0.,0.,-1.));
#7818=DIRECTION('',(-1.,0.,0.));
#7819=DIRECTION('',(-1.,0.,0.));
#7820=DIRECTION('',(1.,0.,0.));
#7821=DIRECTION('',(0.,0.,-1.));
#7822=DIRECTION('',(-1.,0.,0.));
#7823=DIRECTION('',(-1.,0.,0.));
#7824=DIRECTION('',(1.,0.,0.));
#7825=DIRECTION('',(0.,0.,1.));
#7826=DIRECTION('',(1.,0.,0.));
#7827=DIRECTION('',(0.,1.,0.));
#7828=DIRECTION('',(-1.,0.,0.));
#7829=DIRECTION('',(0.,-1.,0.));
#7830=DIRECTION('',(-1.,0.,0.));
#7831=DIRECTION('',(0.,0.,-1.));
#7832=DIRECTION('',(-1.,0.,0.));
#7833=DIRECTION('',(-1.,0.,0.));
#7834=DIRECTION('',(0.,-1.,0.));
#7835=DIRECTION('',(1.,0.,0.));
#7836=DIRECTION('',(0.,-1.,0.));
#7837=DIRECTION('',(1.,0.,0.));
#7838=DIRECTION('',(0.,0.,-1.));
#7839=DIRECTION('',(0.,1.,0.));
#7840=DIRECTION('',(0.,0.,1.));
#7841=DIRECTION('',(0.,0.,1.));
#7842=DIRECTION('',(0.,0.,1.));
#7843=DIRECTION('',(0.,-1.,0.));
#7844=DIRECTION('',(0.,0.,-1.));
#7845=DIRECTION('',(0.,0.,1.));
#7846=DIRECTION('',(0.,0.,-1.));
#7847=DIRECTION('',(0.,0.,-1.));
#7848=DIRECTION('',(-1.,0.,0.));
#7849=DIRECTION('',(1.,0.,0.));
#7850=DIRECTION('',(0.,-1.,0.));
#7851=DIRECTION('',(-1.,0.,0.));
#7852=DIRECTION('',(0.,-1.,0.));
#7853=DIRECTION('',(-1.,0.,0.));
#7854=DIRECTION('',(0.,0.,1.));
#7855=DIRECTION('',(0.,0.,1.));
#7856=DIRECTION('',(0.,1.,0.));
#7857=DIRECTION('',(0.,0.,-1.));
#7858=DIRECTION('',(0.,-1.,0.));
#7859=DIRECTION('',(0.,0.,-1.));
#7860=DIRECTION('',(0.,0.,-1.));
#7861=DIRECTION('',(0.,-1.,0.));
#7862=DIRECTION('',(0.,0.,1.));
#7863=DIRECTION('',(0.,0.,-1.));
#7864=DIRECTION('',(1.,0.,0.));
#7865=DIRECTION('',(0.,0.,-1.));
#7866=DIRECTION('',(0.,0.,1.));
#7867=DIRECTION('',(0.,-1.,0.));
#7868=DIRECTION('',(0.,0.,1.));
#7869=DIRECTION('',(0.,-1.,0.));
#7870=DIRECTION('',(0.,0.,1.));
#7871=DIRECTION('',(1.,0.,0.));
#7872=DIRECTION('',(-1.,0.,0.));
#7873=DIRECTION('',(0.,-1.,0.));
#7874=DIRECTION('',(-1.,0.,0.));
#7875=DIRECTION('',(-1.,0.,0.));
#7876=DIRECTION('',(0.,0.,1.));
#7877=DIRECTION('',(0.,0.,-1.));
#7878=DIRECTION('',(0.,-1.,0.));
#7879=DIRECTION('',(0.,0.,-1.));
#7880=DIRECTION('',(1.,0.,0.));
#7881=DIRECTION('',(0.,0.,-1.));
#7882=DIRECTION('',(0.,0.,1.));
#7883=DIRECTION('',(0.,-1.,0.));
#7884=DIRECTION('',(0.,0.,1.));
#7885=DIRECTION('',(0.,-1.,0.));
#7886=DIRECTION('',(0.,0.,1.));
#7887=DIRECTION('',(1.,0.,0.));
#7888=DIRECTION('',(-1.,0.,0.));
#7889=DIRECTION('',(0.,-1.,0.));
#7890=DIRECTION('',(-1.,0.,0.));
#7891=DIRECTION('',(-1.,0.,0.));
#7892=DIRECTION('',(0.,0.,1.));
#7893=DIRECTION('',(0.,0.,-1.));
#7894=DIRECTION('',(0.,-1.,0.));
#7895=DIRECTION('',(0.,0.,-1.));
#7896=DIRECTION('',(0.,0.,1.));
#7897=DIRECTION('',(1.,0.,0.));
#7898=DIRECTION('',(0.,1.,0.));
#7899=DIRECTION('',(-1.,0.,0.));
#7900=DIRECTION('',(0.,-1.,0.));
#7901=DIRECTION('',(-1.,0.,0.));
#7902=DIRECTION('',(1.,0.,0.));
#7903=DIRECTION('',(-1.,0.,0.));
#7904=DIRECTION('',(0.,0.,1.));
#7905=DIRECTION('',(0.,0.,-1.));
#7906=DIRECTION('',(0.,-1.,0.));
#7907=DIRECTION('',(0.,0.,-1.));
#7908=DIRECTION('',(0.,0.,1.));
#7909=DIRECTION('',(1.,0.,0.));
#7910=DIRECTION('',(0.,1.,0.));
#7911=DIRECTION('',(-1.,0.,0.));
#7912=DIRECTION('',(0.,-1.,0.));
#7913=DIRECTION('',(-1.,0.,0.));
#7914=DIRECTION('',(1.,0.,0.));
#7915=DIRECTION('',(-1.,0.,0.));
#7916=DIRECTION('',(0.,0.,1.));
#7917=DIRECTION('',(0.,0.,-1.));
#7918=DIRECTION('',(0.,-1.,0.));
#7919=DIRECTION('',(0.,0.,-1.));
#7920=DIRECTION('',(1.,0.,0.));
#7921=DIRECTION('',(0.,0.,-1.));
#7922=DIRECTION('',(0.,0.,1.));
#7923=DIRECTION('',(0.,-1.,0.));
#7924=DIRECTION('',(0.,0.,1.));
#7925=DIRECTION('',(0.,-1.,0.));
#7926=DIRECTION('',(0.,0.,1.));
#7927=DIRECTION('',(1.,0.,0.));
#7928=DIRECTION('',(0.,-1.,0.));
#7929=DIRECTION('',(1.,0.,0.));
#7930=DIRECTION('',(-1.,0.,0.));
#7931=DIRECTION('',(-1.,0.,0.));
#7932=DIRECTION('',(1.,0.,0.));
#7933=DIRECTION('',(0.,0.,-1.));
#7934=DIRECTION('',(0.,0.,1.));
#7935=DIRECTION('',(0.,-1.,0.));
#7936=DIRECTION('',(0.,0.,1.));
#7937=DIRECTION('',(0.,-1.,0.));
#7938=DIRECTION('',(0.,0.,1.));
#7939=DIRECTION('',(1.,0.,0.));
#7940=DIRECTION('',(0.,-1.,0.));
#7941=DIRECTION('',(1.,0.,0.));
#7942=DIRECTION('',(-1.,0.,0.));
#7943=DIRECTION('',(-1.,0.,0.));
#7944=DIRECTION('',(1.,0.,0.));
#7945=DIRECTION('',(0.,0.,-1.));
#7946=DIRECTION('',(0.,0.,1.));
#7947=DIRECTION('',(0.,-1.,0.));
#7948=DIRECTION('',(0.,0.,1.));
#7949=DIRECTION('',(0.,-1.,0.));
#7950=DIRECTION('',(0.,0.,1.));
#7951=DIRECTION('',(1.,0.,0.));
#7952=DIRECTION('',(-1.,0.,0.));
#7953=DIRECTION('',(0.,-1.,0.));
#7954=DIRECTION('',(-1.,0.,0.));
#7955=DIRECTION('',(-1.,0.,0.));
#7956=DIRECTION('',(0.,0.,1.));
#7957=DIRECTION('',(0.,0.,-1.));
#7958=DIRECTION('',(0.,-1.,0.));
#7959=DIRECTION('',(0.,0.,-1.));
#7960=DIRECTION('',(1.,0.,0.));
#7961=DIRECTION('',(0.,0.,-1.));
#7962=DIRECTION('',(0.,0.,1.));
#7963=DIRECTION('',(0.,-1.,0.));
#7964=DIRECTION('',(0.,0.,1.));
#7965=DIRECTION('',(0.,-1.,0.));
#7966=DIRECTION('',(0.,0.,1.));
#7967=DIRECTION('',(1.,0.,0.));
#7968=DIRECTION('',(-1.,0.,0.));
#7969=DIRECTION('',(0.,-1.,0.));
#7970=DIRECTION('',(-1.,0.,0.));
#7971=DIRECTION('',(-1.,0.,0.));
#7972=DIRECTION('',(0.,0.,1.));
#7973=DIRECTION('',(0.,0.,-1.));
#7974=DIRECTION('',(0.,-1.,0.));
#7975=DIRECTION('',(0.,0.,-1.));
#7976=DIRECTION('',(0.,0.,-1.));
#7977=DIRECTION('',(-1.,0.,0.));
#7978=DIRECTION('',(1.,0.,0.));
#7979=DIRECTION('',(1.,0.,0.));
#7980=DIRECTION('',(0.,0.,-1.));
#7981=DIRECTION('',(-1.,0.,0.));
#7982=DIRECTION('',(1.,0.,0.));
#7983=DIRECTION('',(1.,0.,0.));
#7984=DIRECTION('',(0.,0.,-1.));
#7985=DIRECTION('',(-1.,0.,0.));
#7986=DIRECTION('',(0.,-1.,0.));
#7987=DIRECTION('',(-1.,0.,0.));
#7988=DIRECTION('',(1.,0.,0.));
#7989=DIRECTION('',(1.,0.,0.));
#7990=DIRECTION('',(0.,0.,-1.));
#7991=DIRECTION('',(-1.,0.,0.));
#7992=DIRECTION('',(0.,-1.,0.));
#7993=DIRECTION('',(-1.,0.,0.));
#7994=DIRECTION('',(1.,0.,0.));
#7995=DIRECTION('',(1.,0.,0.));
#7996=DIRECTION('',(0.,0.,-1.));
#7997=DIRECTION('',(-1.,0.,0.));
#7998=DIRECTION('',(0.,1.,0.));
#7999=DIRECTION('',(1.,0.,0.));
#8000=DIRECTION('',(1.,0.,0.));
#8001=DIRECTION('',(-1.,0.,0.));
#8002=DIRECTION('',(0.,0.,-1.));
#8003=DIRECTION('',(-1.,0.,0.));
#8004=DIRECTION('',(0.,1.,0.));
#8005=DIRECTION('',(1.,0.,0.));
#8006=DIRECTION('',(1.,0.,0.));
#8007=DIRECTION('',(-1.,0.,0.));
#8008=DIRECTION('',(0.,0.,-1.));
#8009=DIRECTION('',(-1.,0.,0.));
#8010=DIRECTION('',(1.,0.,0.));
#8011=DIRECTION('',(1.,0.,0.));
#8012=DIRECTION('',(0.,0.,-1.));
#8013=DIRECTION('',(-1.,0.,0.));
#8014=DIRECTION('',(1.,0.,0.));
#8015=DIRECTION('',(1.,0.,0.));
#8016=DIRECTION('',(0.,0.,1.));
#8017=DIRECTION('',(1.,0.,0.));
#8018=DIRECTION('',(-1.,0.,0.));
#8019=DIRECTION('',(0.,-1.,0.));
#8020=DIRECTION('',(-1.,0.,0.));
#8021=DIRECTION('',(0.,1.,0.));
#8022=DIRECTION('',(0.,0.,1.));
#8023=DIRECTION('',(0.,0.,-1.));
#8024=DIRECTION('',(0.,0.,-1.));
#8025=DIRECTION('',(1.,0.,0.));
#8026=DIRECTION('',(0.,1.,0.));
#8027=DIRECTION('',(0.,0.,1.));
#8028=DIRECTION('',(0.,0.,-1.));
#8029=DIRECTION('',(0.,0.,-1.));
#8030=DIRECTION('',(-3.0818660178525E-14,0.,1.));
#8031=DIRECTION('',(-3.0818660178525E-14,0.,1.));
#8032=DIRECTION('',(-3.0818660178525E-14,0.,1.));
#8033=DIRECTION('',(0.,0.,-1.));
#8034=DIRECTION('',(0.,0.,-1.));
#8035=DIRECTION('',(1.,0.,0.));
#8036=DIRECTION('',(-3.0818660178525E-14,0.,1.));
#8037=DIRECTION('',(0.,0.,-1.));
#8038=DIRECTION('',(-1.,0.,0.));
#8039=DIRECTION('',(-1.,0.,0.));
#8040=DIRECTION('',(-1.,0.,0.));
#8041=DIRECTION('',(0.,-1.,0.));
#8042=DIRECTION('',(0.,0.,-1.));
#8043=DIRECTION('',(1.,0.,0.));
#8044=DIRECTION('',(0.,1.,0.));
#8045=DIRECTION('',(0.,0.,1.));
#8046=DIRECTION('',(-1.,0.,0.));
#8047=DIRECTION('',(0.,-1.,0.));
#8048=DIRECTION('',(0.,0.,-1.));
#8049=DIRECTION('',(-1.,0.,0.));
#8050=DIRECTION('',(-1.,0.,0.));
#8051=DIRECTION('',(0.,0.,1.));
#8052=DIRECTION('',(1.,0.,0.));
#8053=DIRECTION('',(-1.,0.,0.));
#8054=DIRECTION('',(0.,1.,0.));
#8055=DIRECTION('',(0.,0.,1.));
#8056=DIRECTION('',(1.,0.,0.));
#8057=DIRECTION('',(0.,-1.,0.));
#8058=DIRECTION('',(0.,0.,-1.));
#8059=DIRECTION('',(0.,0.,-1.));
#8060=DIRECTION('',(-1.,0.,0.));
#8061=DIRECTION('',(0.,0.,1.));
#8062=DIRECTION('',(0.,-1.,0.));
#8063=DIRECTION('',(0.,0.,-1.));
#8064=DIRECTION('',(0.,0.,-1.));
#8065=DIRECTION('',(-1.,0.,0.));
#8066=DIRECTION('',(0.,0.,1.));
#8067=DIRECTION('',(0.,-1.,0.));
#8068=DIRECTION('',(0.,0.,-1.));
#8069=DIRECTION('',(0.,-1.,0.));
#8070=DIRECTION('',(0.,0.,-1.));
#8071=DIRECTION('',(0.,-1.,0.));
#8072=DIRECTION('',(0.,0.,-1.));
#8073=DIRECTION('',(0.,-1.,0.));
#8074=DIRECTION('',(0.,0.,-1.));
#8075=DIRECTION('',(0.,-1.,0.));
#8076=DIRECTION('',(0.,0.,-1.));
#8077=DIRECTION('',(0.,-1.,0.));
#8078=DIRECTION('',(0.,0.,-1.));
#8079=DIRECTION('',(0.,-1.,0.));
#8080=DIRECTION('',(0.,0.,-1.));
#8081=DIRECTION('',(-3.0818660178525E-14,0.,1.));
#8082=DIRECTION('',(1.,0.,3.0818660178525E-14));
#8083=DIRECTION('',(3.0818660178525E-14,0.,-1.));
#8084=DIRECTION('',(0.,-1.,0.));
#8085=DIRECTION('',(0.,0.,-1.));
#8086=DIRECTION('',(-3.0818660178525E-14,0.,1.));
#8087=DIRECTION('',(1.,0.,3.0818660178525E-14));
#8088=DIRECTION('',(3.0818660178525E-14,0.,-1.));
#8089=DIRECTION('',(1.,0.,3.0818660178525E-14));
#8090=DIRECTION('',(3.0818660178525E-14,0.,-1.));
#8091=DIRECTION('',(0.,-1.,0.));
#8092=DIRECTION('',(-1.,0.,0.));
#8093=DIRECTION('',(0.,0.,1.));
#8094=DIRECTION('',(0.,-1.,0.));
#8095=DIRECTION('',(-1.,0.,0.));
#8096=DIRECTION('',(0.,0.,1.));
#8097=DIRECTION('',(0.,-1.,0.));
#8098=DIRECTION('',(0.,-1.,0.));
#8099=DIRECTION('',(0.,0.,-1.));
#8100=DIRECTION('',(0.,-1.,0.));
#8101=DIRECTION('',(1.,0.,3.0818660178525E-14));
#8102=DIRECTION('',(3.0818660178525E-14,0.,-1.));
#8103=DIRECTION('',(0.,-1.,0.));
#8104=DIRECTION('',(0.,0.,1.));
#8105=DIRECTION('',(0.,-1.,0.));
#8106=DIRECTION('',(0.,-1.,0.));
#8107=DIRECTION('',(0.,0.,-1.));
#8108=DIRECTION('',(-1.,0.,0.));
#8109=DIRECTION('',(1.,0.,0.));
#8110=DIRECTION('',(0.,0.,1.));
#8111=DIRECTION('',(1.,0.,0.));
#8112=DIRECTION('',(0.,0.,1.));
#8113=DIRECTION('',(1.,0.,0.));
#8114=DIRECTION('',(-1.,0.,0.));
#8115=DIRECTION('',(0.,-1.,0.));
#8116=DIRECTION('',(0.,0.,-1.));
#8117=DIRECTION('',(0.,0.,-1.));
#8118=DIRECTION('',(-1.,0.,0.));
#8119=DIRECTION('',(0.894427190999916,0.447213595499958,0.));
#8120=DIRECTION('',(-0.447213595499958,0.894427190999916,0.));
#8121=DIRECTION('',(0.,0.,-1.));
#8122=DIRECTION('',(1.,0.,0.));
#8123=DIRECTION('',(0.,0.,-1.));
#8124=DIRECTION('',(-1.,0.,0.));
#8125=DIRECTION('',(0.,0.,1.));
#8126=DIRECTION('',(0.,0.,-1.));
#8127=DIRECTION('',(-0.894427190999916,0.447213595499958,0.));
#8128=DIRECTION('',(-0.447213595499958,-0.894427190999916,0.));
#8129=DIRECTION('',(0.,0.,1.));
#8130=DIRECTION('',(1.,0.,0.));
#8131=DIRECTION('',(0.,0.,-1.));
#8132=DIRECTION('',(-1.,0.,0.));
#8133=DIRECTION('',(0.,1.,0.));
#8134=DIRECTION('',(-1.,0.,0.));
#8135=DIRECTION('',(0.,-1.,0.));
#8136=DIRECTION('',(-1.,0.,0.));
#8137=DIRECTION('',(0.,0.,-1.));
#8138=DIRECTION('',(-1.,0.,0.));
#8139=DIRECTION('',(0.,-1.,0.));
#8140=DIRECTION('',(-1.,0.,0.));
#8141=DIRECTION('',(0.,1.,0.));
#8142=DIRECTION('',(-1.,0.,0.));
#8143=DIRECTION('',(0.,0.,-1.));
#8144=DIRECTION('',(-1.,0.,0.));
#8145=DIRECTION('',(0.,-1.,0.));
#8146=DIRECTION('',(-1.,0.,0.));
#8147=DIRECTION('',(0.,1.,0.));
#8148=DIRECTION('',(-1.,0.,0.));
#8149=DIRECTION('',(0.,0.,-1.));
#8150=DIRECTION('',(-1.,0.,0.));
#8151=DIRECTION('',(0.,-1.,0.));
#8152=DIRECTION('',(-1.,0.,0.));
#8153=DIRECTION('',(0.,1.,0.));
#8154=DIRECTION('',(-1.,0.,0.));
#8155=DIRECTION('',(0.,0.,-1.));
#8156=DIRECTION('',(-1.,0.,0.));
#8157=DIRECTION('',(0.,-1.,0.));
#8158=DIRECTION('',(-1.,0.,0.));
#8159=DIRECTION('',(0.,1.,0.));
#8160=DIRECTION('',(-1.,0.,0.));
#8161=DIRECTION('',(0.,0.,-1.));
#8162=DIRECTION('',(-1.,0.,0.));
#8163=DIRECTION('',(0.,-1.,0.));
#8164=DIRECTION('',(-1.,0.,0.));
#8165=DIRECTION('',(0.,1.,0.));
#8166=DIRECTION('',(-1.,0.,0.));
#8167=DIRECTION('',(0.,0.,1.));
#8168=DIRECTION('',(1.,0.,0.));
#8169=DIRECTION('',(0.,-1.,0.));
#8170=DIRECTION('',(-1.,0.,0.));
#8171=DIRECTION('',(0.,1.,0.));
#8172=DIRECTION('',(-1.,0.,0.));
#8173=DIRECTION('',(0.,0.,1.));
#8174=DIRECTION('',(1.,0.,0.));
#8175=DIRECTION('',(0.,1.,0.));
#8176=DIRECTION('',(-1.,0.,0.));
#8177=DIRECTION('',(0.,-1.,0.));
#8178=DIRECTION('',(-1.,0.,0.));
#8179=DIRECTION('',(0.,0.,1.));
#8180=DIRECTION('',(1.,0.,0.));
#8181=DIRECTION('',(0.,1.,0.));
#8182=DIRECTION('',(-1.,0.,0.));
#8183=DIRECTION('',(0.,-1.,0.));
#8184=DIRECTION('',(-1.,0.,0.));
#8185=DIRECTION('',(0.,0.,1.));
#8186=DIRECTION('',(1.,0.,0.));
#8187=DIRECTION('',(0.,1.,0.));
#8188=DIRECTION('',(-1.,0.,0.));
#8189=DIRECTION('',(0.,-1.,0.));
#8190=DIRECTION('',(-1.,0.,0.));
#8191=DIRECTION('',(0.,0.,1.));
#8192=DIRECTION('',(1.,0.,0.));
#8193=DIRECTION('',(0.,1.,0.));
#8194=DIRECTION('',(-1.,0.,0.));
#8195=DIRECTION('',(0.,-1.,0.));
#8196=DIRECTION('',(-1.,0.,0.));
#8197=DIRECTION('',(0.,0.,1.));
#8198=DIRECTION('',(1.,0.,0.));
#8199=DIRECTION('',(0.,1.,0.));
#8200=DIRECTION('',(-1.,0.,0.));
#8201=DIRECTION('',(0.,-1.,0.));
#8202=DIRECTION('',(-1.,0.,0.));
#8203=DIRECTION('',(0.,0.499999999999953,0.866025403784465));
#8204=DIRECTION('',(0.,-0.866025403784466,0.499999999999954));
#8205=DIRECTION('',(0.447213595500202,0.774596669241402,-0.447213595499855));
#8206=DIRECTION('',(0.4472135955002,-0.774596669241403,0.447213595499856));
#8207=DIRECTION('',(-1.,0.,0.));
#8208=DIRECTION('',(0.,0.499999999999953,0.866025403784465));
#8209=DIRECTION('',(0.,-0.866025403784466,0.499999999999954));
#8210=DIRECTION('',(0.4472135955002,0.774596669241403,-0.447213595499856));
#8211=DIRECTION('',(0.447213595500197,-0.774596669241404,0.447213595499856));
#8212=DIRECTION('',(-1.,0.,0.));
#8213=DIRECTION('',(0.,0.499999999999953,0.866025403784465));
#8214=DIRECTION('',(0.,-0.866025403784466,0.499999999999954));
#8215=DIRECTION('',(0.447213595500199,0.774596669241403,-0.447213595499856));
#8216=DIRECTION('',(0.447213595500199,-0.774596669241403,0.447213595499856));
#8217=DIRECTION('',(-1.,0.,0.));
#8218=DIRECTION('',(0.,0.499999999999953,0.866025403784465));
#8219=DIRECTION('',(0.,-0.866025403784466,0.499999999999954));
#8220=DIRECTION('',(0.447213595500199,0.774596669241403,-0.447213595499856));
#8221=DIRECTION('',(0.447213595500199,-0.774596669241403,0.447213595499856));
#8222=DIRECTION('',(-1.,0.,0.));
#8223=DIRECTION('',(0.,0.499999999999953,0.866025403784465));
#8224=DIRECTION('',(0.,-0.866025403784466,0.499999999999954));
#8225=DIRECTION('',(0.447213595500199,0.774596669241403,-0.447213595499856));
#8226=DIRECTION('',(0.447213595500199,-0.774596669241403,0.447213595499856));
#8227=DIRECTION('',(-1.,0.,0.));
#8228=DIRECTION('',(0.,0.499999999999953,0.866025403784465));
#8229=DIRECTION('',(0.,-0.866025403784466,0.499999999999954));
#8230=DIRECTION('',(0.4472135955002,0.774596669241403,-0.447213595499856));
#8231=DIRECTION('',(0.447213595500199,-0.774596669241403,0.447213595499856));
#8232=DIRECTION('',(-1.,0.,0.));
#8233=DIRECTION('',(0.,1.,0.));
#8234=DIRECTION('',(0.,0.,1.));
#8235=DIRECTION('',(0.,0.,-1.));
#8236=DIRECTION('',(0.,0.,-1.));
#8237=DIRECTION('',(-1.,0.,0.));
#8238=DIRECTION('',(0.,1.,0.));
#8239=DIRECTION('',(0.,0.,1.));
#8240=DIRECTION('',(0.,0.,-1.));
#8241=DIRECTION('',(0.,0.,-1.));
#8242=DIRECTION('',(-1.,0.,0.));
#8243=DIRECTION('',(0.,1.,0.));
#8244=DIRECTION('',(0.,0.,1.));
#8245=DIRECTION('',(0.,0.,-1.));
#8246=DIRECTION('',(0.,0.,-1.));
#8247=DIRECTION('',(-1.,0.,0.));
#8248=DIRECTION('',(0.,1.,0.));
#8249=DIRECTION('',(0.,0.,1.));
#8250=DIRECTION('',(0.,0.,-1.));
#8251=DIRECTION('',(0.,0.,-1.));
#8252=DIRECTION('',(-1.,0.,0.));
#8253=DIRECTION('',(0.,1.,0.));
#8254=DIRECTION('',(0.,0.,1.));
#8255=DIRECTION('',(0.,0.,-1.));
#8256=DIRECTION('',(0.,0.,-1.));
#8257=DIRECTION('',(-1.,0.,0.));
#8258=DIRECTION('',(0.,1.,0.));
#8259=DIRECTION('',(0.,0.,1.));
#8260=DIRECTION('',(0.,0.,-1.));
#8261=DIRECTION('',(0.,0.,-1.));
#8262=DIRECTION('',(-1.,0.,0.));
#8263=DIRECTION('',(0.,0.500000000000025,-0.866025403784424));
#8264=DIRECTION('',(0.,0.866025403784424,0.500000000000025));
#8265=DIRECTION('',(-0.447213595500185,-0.774596669241372,-0.447213595499924));
#8266=DIRECTION('',(-0.447213595500183,0.774596669241373,0.447213595499924));
#8267=DIRECTION('',(-1.,0.,0.));
#8268=DIRECTION('',(0.,0.500000000000025,-0.866025403784424));
#8269=DIRECTION('',(0.,0.866025403784424,0.500000000000025));
#8270=DIRECTION('',(-0.447213595500183,-0.774596669241373,-0.447213595499924));
#8271=DIRECTION('',(-0.44721359550018,0.774596669241374,0.447213595499925));
#8272=DIRECTION('',(-1.,0.,0.));
#8273=DIRECTION('',(0.,0.500000000000025,-0.866025403784424));
#8274=DIRECTION('',(0.,0.866025403784424,0.500000000000025));
#8275=DIRECTION('',(-0.447213595500181,-0.774596669241373,-0.447213595499925));
#8276=DIRECTION('',(-0.447213595500181,0.774596669241373,0.447213595499925));
#8277=DIRECTION('',(-1.,0.,0.));
#8278=DIRECTION('',(0.,0.500000000000025,-0.866025403784424));
#8279=DIRECTION('',(0.,0.866025403784424,0.500000000000025));
#8280=DIRECTION('',(-0.447213595500181,-0.774596669241373,-0.447213595499925));
#8281=DIRECTION('',(-0.447213595500182,0.774596669241373,0.447213595499925));
#8282=DIRECTION('',(-1.,0.,0.));
#8283=DIRECTION('',(0.,0.500000000000025,-0.866025403784424));
#8284=DIRECTION('',(0.,0.866025403784424,0.500000000000025));
#8285=DIRECTION('',(-0.447213595500182,-0.774596669241373,-0.447213595499925));
#8286=DIRECTION('',(-0.447213595500182,0.774596669241373,0.447213595499925));
#8287=DIRECTION('',(-1.,0.,0.));
#8288=DIRECTION('',(0.,0.500000000000025,-0.866025403784424));
#8289=DIRECTION('',(0.,0.866025403784424,0.500000000000025));
#8290=DIRECTION('',(-0.447213595500183,-0.774596669241373,-0.447213595499924));
#8291=DIRECTION('',(-0.447213595500181,0.774596669241373,0.447213595499925));
#8292=DIRECTION('',(-1.,0.,0.));
#8293=DIRECTION('',(0.,0.,-1.));
#8294=DIRECTION('',(-1.,0.,0.));
#8295=DIRECTION('',(0.,1.,0.));
#8296=DIRECTION('',(-1.,0.,0.));
#8297=DIRECTION('',(0.,-1.,0.));
#8298=DIRECTION('',(0.,0.,-1.));
#8299=DIRECTION('',(-1.,0.,0.));
#8300=DIRECTION('',(0.,-1.,0.));
#8301=DIRECTION('',(0.,1.,0.));
#8302=DIRECTION('',(-1.,0.,0.));
#8303=DIRECTION('',(0.,0.,-1.));
#8304=DIRECTION('',(-1.,0.,0.));
#8305=DIRECTION('',(0.,-1.,0.));
#8306=DIRECTION('',(0.,1.,0.));
#8307=DIRECTION('',(-1.,0.,0.));
#8308=DIRECTION('',(0.,0.,-1.));
#8309=DIRECTION('',(-1.,0.,0.));
#8310=DIRECTION('',(0.,-1.,0.));
#8311=DIRECTION('',(0.,1.,0.));
#8312=DIRECTION('',(-1.,0.,0.));
#8313=DIRECTION('',(0.,0.,-1.));
#8314=DIRECTION('',(-1.,0.,0.));
#8315=DIRECTION('',(0.,-1.,0.));
#8316=DIRECTION('',(0.,1.,0.));
#8317=DIRECTION('',(-1.,0.,0.));
#8318=DIRECTION('',(0.,0.,-1.));
#8319=DIRECTION('',(-1.,0.,0.));
#8320=DIRECTION('',(0.,-1.,0.));
#8321=DIRECTION('',(0.,1.,0.));
#8322=DIRECTION('',(-1.,0.,0.));
#8323=DIRECTION('',(0.,-1.76384813640513E-17,1.));
#8324=DIRECTION('',(0.,-1.,-1.76384813640513E-17));
#8325=DIRECTION('',(0.,-1.,-1.76384813640513E-17));
#8326=DIRECTION('',(-1.,0.,0.));
#8327=DIRECTION('',(0.,1.,1.76384813640513E-17));
#8328=DIRECTION('',(-1.,0.,0.));
#8329=DIRECTION('',(0.,-1.76384813640513E-17,1.));
#8330=DIRECTION('',(0.,-1.,-1.76384813640513E-17));
#8331=DIRECTION('',(0.,1.,1.76384813640513E-17));
#8332=DIRECTION('',(-1.,0.,0.));
#8333=DIRECTION('',(0.,-1.,-1.76384813640513E-17));
#8334=DIRECTION('',(-1.,0.,0.));
#8335=DIRECTION('',(0.,-1.76384813640513E-17,1.));
#8336=DIRECTION('',(0.,-1.,-1.76384813640513E-17));
#8337=DIRECTION('',(0.,1.,1.76384813640513E-17));
#8338=DIRECTION('',(-1.,0.,0.));
#8339=DIRECTION('',(0.,-1.,-1.76384813640513E-17));
#8340=DIRECTION('',(-1.,0.,0.));
#8341=DIRECTION('',(0.,-1.76384813640513E-17,1.));
#8342=DIRECTION('',(0.,-1.,-1.76384813640513E-17));
#8343=DIRECTION('',(0.,1.,1.76384813640513E-17));
#8344=DIRECTION('',(-1.,0.,0.));
#8345=DIRECTION('',(0.,-1.,-1.76384813640513E-17));
#8346=DIRECTION('',(-1.,0.,0.));
#8347=DIRECTION('',(0.,-1.76384813640513E-17,1.));
#8348=DIRECTION('',(0.,-1.,-1.76384813640513E-17));
#8349=DIRECTION('',(0.,1.,1.76384813640513E-17));
#8350=DIRECTION('',(-1.,0.,0.));
#8351=DIRECTION('',(0.,-1.,-1.76384813640513E-17));
#8352=DIRECTION('',(-1.,0.,0.));
#8353=DIRECTION('',(0.,-1.76384813640513E-17,1.));
#8354=DIRECTION('',(0.,-1.,-1.76384813640513E-17));
#8355=DIRECTION('',(0.,1.,1.76384813640513E-17));
#8356=DIRECTION('',(-1.,0.,0.));
#8357=DIRECTION('',(0.,-1.,-1.76384813640513E-17));
#8358=DIRECTION('',(-1.,0.,0.));
#8359=DIRECTION('',(0.,0.499999999999953,0.866025403784466));
#8360=DIRECTION('',(0.,-0.866025403784466,0.499999999999953));
#8361=DIRECTION('',(0.447213595500202,0.774596669241402,-0.447213595499855));
#8362=DIRECTION('',(0.4472135955002,-0.774596669241403,0.447213595499856));
#8363=DIRECTION('',(-1.,0.,0.));
#8364=DIRECTION('',(0.,0.499999999999953,0.866025403784466));
#8365=DIRECTION('',(0.,-0.866025403784466,0.499999999999953));
#8366=DIRECTION('',(0.4472135955002,0.774596669241403,-0.447213595499856));
#8367=DIRECTION('',(0.447213595500197,-0.774596669241404,0.447213595499856));
#8368=DIRECTION('',(-1.,0.,0.));
#8369=DIRECTION('',(0.,0.499999999999953,0.866025403784466));
#8370=DIRECTION('',(0.,-0.866025403784466,0.499999999999953));
#8371=DIRECTION('',(0.447213595500199,0.774596669241403,-0.447213595499856));
#8372=DIRECTION('',(0.447213595500199,-0.774596669241403,0.447213595499856));
#8373=DIRECTION('',(-1.,0.,0.));
#8374=DIRECTION('',(0.,0.499999999999953,0.866025403784466));
#8375=DIRECTION('',(0.,-0.866025403784466,0.499999999999953));
#8376=DIRECTION('',(0.447213595500199,0.774596669241403,-0.447213595499856));
#8377=DIRECTION('',(0.447213595500199,-0.774596669241403,0.447213595499856));
#8378=DIRECTION('',(-1.,0.,0.));
#8379=DIRECTION('',(0.,0.499999999999953,0.866025403784466));
#8380=DIRECTION('',(0.,-0.866025403784466,0.499999999999953));
#8381=DIRECTION('',(0.447213595500199,0.774596669241403,-0.447213595499856));
#8382=DIRECTION('',(0.447213595500199,-0.774596669241403,0.447213595499856));
#8383=DIRECTION('',(-1.,0.,0.));
#8384=DIRECTION('',(0.,0.499999999999953,0.866025403784466));
#8385=DIRECTION('',(0.,-0.866025403784466,0.499999999999953));
#8386=DIRECTION('',(0.4472135955002,0.774596669241403,-0.447213595499856));
#8387=DIRECTION('',(0.447213595500199,-0.774596669241403,0.447213595499856));
#8388=DIRECTION('',(-1.,0.,0.));
#8389=DIRECTION('',(0.,1.,0.));
#8390=DIRECTION('',(0.,0.,1.));
#8391=DIRECTION('',(0.,0.,-1.));
#8392=DIRECTION('',(0.,0.,-1.));
#8393=DIRECTION('',(-1.,0.,0.));
#8394=DIRECTION('',(0.,1.,0.));
#8395=DIRECTION('',(0.,0.,1.));
#8396=DIRECTION('',(0.,0.,-1.));
#8397=DIRECTION('',(0.,0.,-1.));
#8398=DIRECTION('',(-1.,0.,0.));
#8399=DIRECTION('',(0.,1.,0.));
#8400=DIRECTION('',(0.,0.,1.));
#8401=DIRECTION('',(0.,0.,-1.));
#8402=DIRECTION('',(0.,0.,-1.));
#8403=DIRECTION('',(-1.,0.,0.));
#8404=DIRECTION('',(0.,1.,0.));
#8405=DIRECTION('',(0.,0.,1.));
#8406=DIRECTION('',(0.,0.,-1.));
#8407=DIRECTION('',(0.,0.,-1.));
#8408=DIRECTION('',(-1.,0.,0.));
#8409=DIRECTION('',(0.,1.,0.));
#8410=DIRECTION('',(0.,0.,1.));
#8411=DIRECTION('',(0.,0.,-1.));
#8412=DIRECTION('',(0.,0.,-1.));
#8413=DIRECTION('',(-1.,0.,0.));
#8414=DIRECTION('',(0.,1.,0.));
#8415=DIRECTION('',(0.,0.,1.));
#8416=DIRECTION('',(0.,0.,-1.));
#8417=DIRECTION('',(0.,0.,-1.));
#8418=DIRECTION('',(-1.,0.,0.));
#8419=DIRECTION('',(0.,0.499999999999954,-0.866025403784465));
#8420=DIRECTION('',(0.,0.866025403784465,0.499999999999954));
#8421=DIRECTION('',(-0.447213595500202,-0.774596669241402,-0.447213595499856));
#8422=DIRECTION('',(-0.4472135955002,0.774596669241403,0.447213595499856));
#8423=DIRECTION('',(0.,0.499999999999954,-0.866025403784465));
#8424=DIRECTION('',(0.,0.866025403784465,0.499999999999954));
#8425=DIRECTION('',(-0.4472135955002,-0.774596669241403,-0.447213595499856));
#8426=DIRECTION('',(-0.447213595500197,0.774596669241404,0.447213595499857));
#8427=DIRECTION('',(0.,0.499999999999954,-0.866025403784465));
#8428=DIRECTION('',(0.,0.866025403784465,0.499999999999954));
#8429=DIRECTION('',(-0.447213595500198,-0.774596669241403,-0.447213595499856));
#8430=DIRECTION('',(-0.447213595500198,0.774596669241403,0.447213595499856));
#8431=DIRECTION('',(0.,0.499999999999954,-0.866025403784465));
#8432=DIRECTION('',(0.,0.866025403784465,0.499999999999954));
#8433=DIRECTION('',(-0.447213595500198,-0.774596669241403,-0.447213595499856));
#8434=DIRECTION('',(-0.447213595500199,0.774596669241403,0.447213595499856));
#8435=DIRECTION('',(0.,0.499999999999954,-0.866025403784465));
#8436=DIRECTION('',(0.,0.866025403784465,0.499999999999954));
#8437=DIRECTION('',(-0.447213595500199,-0.774596669241403,-0.447213595499856));
#8438=DIRECTION('',(-0.447213595500199,0.774596669241403,0.447213595499856));
#8439=DIRECTION('',(0.,0.499999999999954,-0.866025403784465));
#8440=DIRECTION('',(0.,0.866025403784465,0.499999999999954));
#8441=DIRECTION('',(-0.4472135955002,-0.774596669241403,-0.447213595499856));
#8442=DIRECTION('',(-0.447213595500198,0.774596669241403,0.447213595499856));
#8443=DIRECTION('',(0.,0.,-1.));
#8444=DIRECTION('',(-1.,0.,0.));
#8445=DIRECTION('',(0.,-1.,0.));
#8446=DIRECTION('',(-1.,0.,0.));
#8447=DIRECTION('',(0.,-1.,0.));
#8448=DIRECTION('',(-1.,0.,0.));
#8449=DIRECTION('',(0.,-0.558600379479041,-0.829436927105293));
#8450=DIRECTION('',(0.,0.829436927105293,-0.558600379479041));
#8451=DIRECTION('',(0.,0.829436927105293,-0.558600379479041));
#8452=DIRECTION('',(-1.,0.,0.));
#8453=DIRECTION('',(0.,-0.829436927105293,0.558600379479041));
#8454=DIRECTION('',(0.,0.829436927105293,-0.558600379479041));
#8455=DIRECTION('',(-1.,0.,0.));
#8456=DIRECTION('',(0.,-0.829436927105293,0.558600379479041));
#8457=DIRECTION('',(0.,0.829436927105293,-0.558600379479041));
#8458=DIRECTION('',(-1.,0.,0.));
#8459=DIRECTION('',(0.,-0.829436927105293,0.558600379479041));
#8460=DIRECTION('',(0.,0.829436927105293,-0.558600379479041));
#8461=DIRECTION('',(-1.,0.,0.));
#8462=DIRECTION('',(0.,-0.829436927105293,0.558600379479041));
#8463=DIRECTION('',(0.,0.829436927105293,-0.558600379479041));
#8464=DIRECTION('',(-1.,0.,0.));
#8465=DIRECTION('',(0.,-0.829436927105293,0.558600379479041));
#8466=DIRECTION('',(0.,0.829436927105293,-0.558600379479041));
#8467=DIRECTION('',(-1.,0.,0.));
#8468=DIRECTION('',(0.,-0.829436927105293,0.558600379479041));
#8469=DIRECTION('',(0.,-0.829436927105293,0.558600379479041));
#8470=DIRECTION('',(-1.,0.,0.));
#8471=DIRECTION('',(0.,-0.829436927105293,0.558600379479041));
#8472=DIRECTION('',(0.,-0.558600379479076,0.82943692710527));
#8473=DIRECTION('',(0.,-0.82943692710527,-0.558600379479076));
#8474=DIRECTION('',(0.,-0.82943692710527,-0.558600379479076));
#8475=DIRECTION('',(0.,0.82943692710527,0.558600379479076));
#8476=DIRECTION('',(0.,0.82943692710527,0.558600379479076));
#8477=DIRECTION('',(-1.,0.,0.));
#8478=DIRECTION('',(0.,0.82943692710527,0.558600379479076));
#8479=DIRECTION('',(1.,0.,0.));
#8480=DIRECTION('',(0.,-0.82943692710527,-0.558600379479076));
#8481=DIRECTION('',(0.,0.82943692710527,0.558600379479076));
#8482=DIRECTION('',(1.,0.,0.));
#8483=DIRECTION('',(0.,-0.82943692710527,-0.558600379479076));
#8484=DIRECTION('',(0.,0.82943692710527,0.558600379479076));
#8485=DIRECTION('',(1.,0.,0.));
#8486=DIRECTION('',(0.,-0.82943692710527,-0.558600379479076));
#8487=DIRECTION('',(0.,0.82943692710527,0.558600379479076));
#8488=DIRECTION('',(1.,0.,0.));
#8489=DIRECTION('',(0.,-0.82943692710527,-0.558600379479076));
#8490=DIRECTION('',(0.,0.82943692710527,0.558600379479076));
#8491=DIRECTION('',(1.,0.,0.));
#8492=DIRECTION('',(0.,-0.82943692710527,-0.558600379479076));
#8493=DIRECTION('',(0.,0.82943692710527,0.558600379479076));
#8494=DIRECTION('',(1.,0.,0.));
#8495=DIRECTION('',(0.,0.,1.));
#8496=DIRECTION('',(1.,0.,0.));
#8497=DIRECTION('',(0.,1.,0.));
#8498=DIRECTION('',(0.,1.,0.));
#8499=DIRECTION('',(-1.,0.,0.));
#8500=DIRECTION('',(0.,0.499999999999953,0.866025403784465));
#8501=DIRECTION('',(0.,-0.866025403784466,0.499999999999954));
#8502=DIRECTION('',(0.4472135955002,0.774596669241403,-0.447213595499856));
#8503=DIRECTION('',(0.4472135955002,-0.774596669241403,0.447213595499856));
#8504=DIRECTION('',(-1.,0.,0.));
#8505=DIRECTION('',(0.,1.,0.));
#8506=DIRECTION('',(0.,0.,1.));
#8507=DIRECTION('',(0.,0.,-1.));
#8508=DIRECTION('',(0.,0.,-1.));
#8509=DIRECTION('',(-1.,0.,0.));
#8510=DIRECTION('',(0.,0.500000000000025,-0.866025403784424));
#8511=DIRECTION('',(0.,0.866025403784424,0.500000000000025));
#8512=DIRECTION('',(-0.447213595500183,-0.774596669241373,-0.447213595499924));
#8513=DIRECTION('',(-0.447213595500183,0.774596669241373,0.447213595499924));
#8514=DIRECTION('',(-1.,0.,0.));
#8515=DIRECTION('',(0.,0.,-1.));
#8516=DIRECTION('',(-1.,0.,0.));
#8517=DIRECTION('',(0.,-1.,0.));
#8518=DIRECTION('',(0.,-1.,0.));
#8519=DIRECTION('',(-1.,0.,0.));
#8520=DIRECTION('',(0.,1.,0.));
#8521=DIRECTION('',(0.,0.,1.));
#8522=DIRECTION('',(-1.,0.,0.));
#8523=DIRECTION('',(0.,0.,-1.));
#8524=DIRECTION('',(0.,0.,-1.));
#8525=DIRECTION('',(0.,0.,-1.));
#8526=DIRECTION('',(0.,0.,-1.));
#8527=DIRECTION('',(0.,0.,-1.));
#8528=DIRECTION('',(0.,0.,-1.));
#8529=DIRECTION('',(0.,0.,-1.));
#8530=DIRECTION('',(0.,0.,-1.));
#8531=DIRECTION('',(0.,0.,-1.));
#8532=DIRECTION('',(0.,0.,-1.));
#8533=DIRECTION('',(0.,0.,-1.));
#8534=DIRECTION('',(0.,0.,-1.));
#8535=DIRECTION('',(0.,0.,-1.));
#8536=DIRECTION('',(0.,0.,-1.));
#8537=DIRECTION('',(0.,0.,-1.));
#8538=DIRECTION('',(0.,0.,-1.));
#8539=DIRECTION('',(0.,0.,-1.));
#8540=DIRECTION('',(0.,0.,-1.));
#8541=DIRECTION('',(0.,0.,-1.));
#8542=DIRECTION('',(0.,0.,-1.));
#8543=DIRECTION('',(0.,0.,-1.));
#8544=DIRECTION('',(0.,0.,-1.));
#8545=DIRECTION('',(0.,0.,-1.));
#8546=DIRECTION('',(0.,0.,-1.));
#8547=DIRECTION('',(0.,0.,-1.));
#8548=DIRECTION('',(0.,0.,-1.));
#8549=DIRECTION('',(0.,-1.76384813640513E-17,1.));
#8550=DIRECTION('',(0.,-1.,-1.76384813640513E-17));
#8551=DIRECTION('',(0.,1.,1.76384813640513E-17));
#8552=DIRECTION('',(0.,1.,1.76384813640513E-17));
#8553=DIRECTION('',(-1.,0.,0.));
#8554=DIRECTION('',(0.,0.499999999999953,0.866025403784466));
#8555=DIRECTION('',(0.,-0.866025403784466,0.499999999999953));
#8556=DIRECTION('',(0.4472135955002,0.774596669241403,-0.447213595499856));
#8557=DIRECTION('',(0.4472135955002,-0.774596669241403,0.447213595499856));
#8558=DIRECTION('',(-1.,0.,0.));
#8559=DIRECTION('',(0.,1.,0.));
#8560=DIRECTION('',(0.,0.,1.));
#8561=DIRECTION('',(0.,0.,-1.));
#8562=DIRECTION('',(0.,0.,-1.));
#8563=DIRECTION('',(-1.,0.,0.));
#8564=DIRECTION('',(0.,0.499999999999954,-0.866025403784465));
#8565=DIRECTION('',(0.,0.866025403784465,0.499999999999954));
#8566=DIRECTION('',(-0.4472135955002,-0.774596669241403,-0.447213595499856));
#8567=DIRECTION('',(-0.4472135955002,0.774596669241403,0.447213595499856));
#8568=DIRECTION('',(1.,0.,0.));
#8569=DIRECTION('',(0.,0.,-1.));
#8570=DIRECTION('',(0.,0.,-1.));
#8571=DIRECTION('',(0.,0.,-1.));
#8572=DIRECTION('',(1.,0.,0.));
#8573=DIRECTION('',(0.,0.,-1.));
#8574=DIRECTION('',(0.,0.,-1.));
#8575=DIRECTION('',(0.,0.,-1.));
#8576=DIRECTION('',(0.866025403784298,-0.500000000000244,0.));
#8577=DIRECTION('',(0.500000000000244,0.866025403784298,0.));
#8578=DIRECTION('',(0.866025403784298,-0.500000000000244,0.));
#8579=DIRECTION('',(0.500000000000244,0.866025403784298,0.));
#8580=DIRECTION('',(-0.866025403784299,-0.500000000000242,0.));
#8581=DIRECTION('',(0.500000000000242,-0.866025403784299,0.));
#8582=DIRECTION('',(-0.866025403784299,-0.500000000000242,0.));
#8583=DIRECTION('',(0.500000000000242,-0.866025403784299,0.));
#8584=DIRECTION('',(-0.8660254037843,-0.500000000000241,0.));
#8585=DIRECTION('',(0.500000000000241,-0.8660254037843,0.));
#8586=DIRECTION('',(0.,0.,-1.));
#8587=DIRECTION('',(0.866025403784299,-0.500000000000242,0.));
#8588=DIRECTION('',(0.500000000000242,0.866025403784299,0.));
#8589=DIRECTION('',(0.,0.,-1.));
#8590=DIRECTION('',(1.,0.,0.));
#8591=DIRECTION('',(0.,0.,-1.));
#8592=DIRECTION('',(-1.,0.,0.));
#8593=DIRECTION('',(0.,0.,1.));
#8594=DIRECTION('',(-0.866025403784299,-0.500000000000241,0.));
#8595=DIRECTION('',(0.500000000000241,-0.8660254037843,0.));
#8596=DIRECTION('',(0.,0.,-1.));
#8597=DIRECTION('',(0.866025403784299,-0.500000000000242,0.));
#8598=DIRECTION('',(0.500000000000242,0.866025403784299,0.));
#8599=DIRECTION('',(0.,0.,-1.));
#8600=DIRECTION('',(1.,0.,0.));
#8601=DIRECTION('',(0.,0.,-1.));
#8602=DIRECTION('',(-1.,0.,0.));
#8603=DIRECTION('',(0.,0.,1.));
#8604=DIRECTION('',(-0.866025403784299,-0.500000000000241,0.));
#8605=DIRECTION('',(0.500000000000241,-0.8660254037843,0.));
#8606=DIRECTION('',(0.,0.,-1.));
#8607=DIRECTION('',(0.866025403784299,-0.500000000000241,0.));
#8608=DIRECTION('',(0.500000000000241,0.8660254037843,0.));
#8609=DIRECTION('',(0.,0.,-1.));
#8610=DIRECTION('',(1.,0.,0.));
#8611=DIRECTION('',(0.,0.,-1.));
#8612=DIRECTION('',(-1.,0.,0.));
#8613=DIRECTION('',(0.,0.,1.));
#8614=DIRECTION('',(-0.8660254037843,-0.500000000000241,0.));
#8615=DIRECTION('',(0.500000000000241,-0.8660254037843,0.));
#8616=DIRECTION('',(0.,0.,-1.));
#8617=DIRECTION('',(0.8660254037843,-0.500000000000241,0.));
#8618=DIRECTION('',(0.500000000000241,0.8660254037843,0.));
#8619=DIRECTION('',(0.,0.,-1.));
#8620=DIRECTION('',(1.,0.,0.));
#8621=DIRECTION('',(0.,0.,-1.));
#8622=DIRECTION('',(-1.,0.,0.));
#8623=DIRECTION('',(0.,0.,1.));
#8624=DIRECTION('',(-0.8660254037843,-0.500000000000239,0.));
#8625=DIRECTION('',(0.500000000000239,-0.8660254037843,0.));
#8626=DIRECTION('',(0.,0.,-1.));
#8627=DIRECTION('',(0.8660254037843,-0.500000000000241,0.));
#8628=DIRECTION('',(0.500000000000241,0.8660254037843,0.));
#8629=DIRECTION('',(0.,0.,-1.));
#8630=DIRECTION('',(1.,0.,0.));
#8631=DIRECTION('',(0.,0.,-1.));
#8632=DIRECTION('',(-1.,0.,0.));
#8633=DIRECTION('',(0.,0.,1.));
#8634=DIRECTION('',(-0.866025403784299,-0.500000000000242,0.));
#8635=DIRECTION('',(0.500000000000242,-0.866025403784299,0.));
#8636=DIRECTION('',(0.,0.,-1.));
#8637=DIRECTION('',(0.866025403784299,-0.500000000000242,0.));
#8638=DIRECTION('',(0.500000000000242,0.866025403784299,0.));
#8639=DIRECTION('',(0.,0.,-1.));
#8640=DIRECTION('',(1.,0.,0.));
#8641=DIRECTION('',(0.,0.,-1.));
#8642=DIRECTION('',(-1.,0.,0.));
#8643=DIRECTION('',(0.,0.,1.));
#8644=DIRECTION('',(1.,0.,0.));
#8645=DIRECTION('',(0.,0.,-1.));
#8646=DIRECTION('',(0.,0.,-1.));
#8647=DIRECTION('',(-1.,0.,0.));
#8648=DIRECTION('',(0.,0.,1.));
#8649=DIRECTION('',(0.,0.,-1.));
#8650=DIRECTION('',(0.866025403784299,-0.500000000000242,0.));
#8651=DIRECTION('',(0.500000000000242,0.866025403784299,0.));
#8652=DIRECTION('',(-0.8660254037843,-0.500000000000241,0.));
#8653=DIRECTION('',(0.500000000000241,-0.8660254037843,0.));
#8654=DIRECTION('',(1.,0.,0.));
#8655=DIRECTION('',(0.,0.,-1.));
#8656=DIRECTION('',(0.,0.,-1.));
#8657=DIRECTION('',(-1.,0.,0.));
#8658=DIRECTION('',(0.,0.,1.));
#8659=DIRECTION('',(0.,0.,-1.));
#8660=DIRECTION('',(0.866025403784299,-0.500000000000242,0.));
#8661=DIRECTION('',(0.500000000000242,0.866025403784299,0.));
#8662=DIRECTION('',(-0.866025403784299,-0.500000000000241,0.));
#8663=DIRECTION('',(0.500000000000241,-0.8660254037843,0.));
#8664=DIRECTION('',(1.,0.,0.));
#8665=DIRECTION('',(0.,0.,-1.));
#8666=DIRECTION('',(0.,0.,-1.));
#8667=DIRECTION('',(-1.,0.,0.));
#8668=DIRECTION('',(0.,0.,1.));
#8669=DIRECTION('',(0.,0.,-1.));
#8670=DIRECTION('',(0.866025403784299,-0.500000000000241,0.));
#8671=DIRECTION('',(0.500000000000241,0.8660254037843,0.));
#8672=DIRECTION('',(-0.866025403784299,-0.500000000000241,0.));
#8673=DIRECTION('',(0.500000000000241,-0.8660254037843,0.));
#8674=DIRECTION('',(1.,0.,0.));
#8675=DIRECTION('',(0.,0.,-1.));
#8676=DIRECTION('',(0.,0.,-1.));
#8677=DIRECTION('',(-1.,0.,0.));
#8678=DIRECTION('',(0.,0.,1.));
#8679=DIRECTION('',(0.,0.,-1.));
#8680=DIRECTION('',(0.8660254037843,-0.500000000000241,0.));
#8681=DIRECTION('',(0.500000000000241,0.8660254037843,0.));
#8682=DIRECTION('',(-0.8660254037843,-0.500000000000241,0.));
#8683=DIRECTION('',(0.500000000000241,-0.8660254037843,0.));
#8684=DIRECTION('',(1.,0.,0.));
#8685=DIRECTION('',(0.,0.,-1.));
#8686=DIRECTION('',(0.,0.,-1.));
#8687=DIRECTION('',(-1.,0.,0.));
#8688=DIRECTION('',(0.,0.,1.));
#8689=DIRECTION('',(0.,0.,-1.));
#8690=DIRECTION('',(0.8660254037843,-0.500000000000241,0.));
#8691=DIRECTION('',(0.500000000000241,0.8660254037843,0.));
#8692=DIRECTION('',(-0.8660254037843,-0.500000000000239,0.));
#8693=DIRECTION('',(0.500000000000239,-0.8660254037843,0.));
#8694=DIRECTION('',(-1.,0.,0.));
#8695=DIRECTION('',(0.,0.,1.));
#8696=DIRECTION('',(0.,0.,-1.));
#8697=DIRECTION('',(1.,0.,0.));
#8698=DIRECTION('',(0.,0.,-1.));
#8699=DIRECTION('',(0.,0.,-1.));
#8700=DIRECTION('',(-0.866025403784299,-0.500000000000242,0.));
#8701=DIRECTION('',(0.500000000000242,-0.866025403784299,0.));
#8702=DIRECTION('',(0.866025403784299,-0.500000000000242,0.));
#8703=DIRECTION('',(0.500000000000242,0.866025403784299,0.));
#8704=DIRECTION('',(0.,0.,1.));
#8705=DIRECTION('',(1.,0.,0.));
#8706=DIRECTION('',(0.,1.,0.));
#8707=DIRECTION('',(0.,0.,1.));
#8708=DIRECTION('',(0.,0.,-1.));
#8709=DIRECTION('',(-1.,0.,0.));
#8710=DIRECTION('',(0.,0.,-1.));
#8711=DIRECTION('',(-1.,0.,0.));
#8712=DIRECTION('',(0.,1.,0.));
#8713=DIRECTION('',(0.,0.,1.));
#8714=DIRECTION('',(0.,0.,1.));
#8715=DIRECTION('',(-1.,0.,0.));
#8716=DIRECTION('',(0.,0.,-1.));
#8717=DIRECTION('',(-1.,0.,0.));
#8718=DIRECTION('',(0.,1.,0.));
#8719=DIRECTION('',(0.,0.,1.));
#8720=DIRECTION('',(0.,0.,1.));
#8721=DIRECTION('',(-1.,0.,0.));
#8722=DIRECTION('',(0.,0.,-1.));
#8723=DIRECTION('',(-1.,0.,0.));
#8724=DIRECTION('',(0.,1.,0.));
#8725=DIRECTION('',(0.,0.,1.));
#8726=DIRECTION('',(0.,0.,1.));
#8727=DIRECTION('',(-1.,0.,0.));
#8728=DIRECTION('',(0.,0.,-1.));
#8729=DIRECTION('',(-1.,0.,0.));
#8730=DIRECTION('',(0.,1.,0.));
#8731=DIRECTION('',(0.,0.,1.));
#8732=DIRECTION('',(0.,0.,1.));
#8733=DIRECTION('',(-1.,0.,0.));
#8734=DIRECTION('',(0.,0.,-1.));
#8735=DIRECTION('',(-1.,0.,0.));
#8736=DIRECTION('',(0.,1.,0.));
#8737=DIRECTION('',(0.,0.,1.));
#8738=DIRECTION('',(0.,0.,1.));
#8739=DIRECTION('',(-1.,0.,0.));
#8740=DIRECTION('',(0.,0.,-1.));
#8741=DIRECTION('',(-1.,0.,0.));
#8742=DIRECTION('',(0.,0.,-1.));
#8743=DIRECTION('',(-1.,0.,0.));
#8744=DIRECTION('',(0.,-1.,0.));
#8745=DIRECTION('',(0.,-1.,0.));
#8746=DIRECTION('',(-1.,0.,0.));
#8747=DIRECTION('',(0.,0.,-1.));
#8748=DIRECTION('',(-1.,0.,0.));
#8749=DIRECTION('',(0.,1.,0.));
#8750=DIRECTION('',(-1.,0.,0.));
#8751=DIRECTION('',(0.,-1.,0.));
#8752=DIRECTION('',(0.,0.,-1.));
#8753=DIRECTION('',(-1.,0.,0.));
#8754=DIRECTION('',(0.,1.,0.));
#8755=DIRECTION('',(-1.,0.,0.));
#8756=DIRECTION('',(0.,-1.,0.));
#8757=DIRECTION('',(0.,0.,-1.));
#8758=DIRECTION('',(-1.,0.,0.));
#8759=DIRECTION('',(0.,1.,0.));
#8760=DIRECTION('',(-1.,0.,0.));
#8761=DIRECTION('',(0.,-1.,0.));
#8762=DIRECTION('',(0.,0.,-1.));
#8763=DIRECTION('',(-1.,0.,0.));
#8764=DIRECTION('',(0.,1.,0.));
#8765=DIRECTION('',(-1.,0.,0.));
#8766=DIRECTION('',(0.,-1.,0.));
#8767=DIRECTION('',(0.,0.,-1.));
#8768=DIRECTION('',(-1.,0.,0.));
#8769=DIRECTION('',(0.,1.,0.));
#8770=DIRECTION('',(-1.,0.,0.));
#8771=DIRECTION('',(0.,-1.,0.));
#8772=DIRECTION('',(0.,-1.,0.));
#8773=DIRECTION('',(0.,0.,-1.));
#8774=DIRECTION('',(0.,0.,1.));
#8775=DIRECTION('',(0.,0.,1.));
#8776=DIRECTION('',(-1.,0.,0.));
#8777=DIRECTION('',(0.,-1.,0.));
#8778=DIRECTION('',(0.,0.,-1.));
#8779=DIRECTION('',(0.,0.,-1.));
#8780=DIRECTION('',(-1.,0.,0.));
#8781=DIRECTION('',(0.,0.,1.));
#8782=DIRECTION('',(0.,-1.,0.));
#8783=DIRECTION('',(0.,0.,-1.));
#8784=DIRECTION('',(0.,0.,-1.));
#8785=DIRECTION('',(-1.,0.,0.));
#8786=DIRECTION('',(0.,0.,1.));
#8787=DIRECTION('',(0.,-1.,0.));
#8788=DIRECTION('',(0.,0.,-1.));
#8789=DIRECTION('',(0.,0.,-1.));
#8790=DIRECTION('',(-1.,0.,0.));
#8791=DIRECTION('',(0.,0.,1.));
#8792=DIRECTION('',(0.,-1.,0.));
#8793=DIRECTION('',(0.,0.,-1.));
#8794=DIRECTION('',(0.,0.,-1.));
#8795=DIRECTION('',(-1.,0.,0.));
#8796=DIRECTION('',(0.,0.,1.));
#8797=DIRECTION('',(0.,-1.,0.));
#8798=DIRECTION('',(0.,0.,-1.));
#8799=DIRECTION('',(0.,0.,-1.));
#8800=DIRECTION('',(-1.,0.,0.));
#8801=DIRECTION('',(0.,0.,1.));
#8802=DIRECTION('',(-1.,0.,0.));
#8803=DIRECTION('',(0.,0.,1.));
#8804=DIRECTION('',(1.,0.,0.));
#8805=DIRECTION('',(0.,0.,-1.));
#8806=DIRECTION('',(-1.,0.,0.));
#8807=DIRECTION('',(0.,0.,1.));
#8808=DIRECTION('',(-1.,0.,0.));
#8809=DIRECTION('',(-1.,0.,0.));
#8810=DIRECTION('',(0.,0.,1.));
#8811=DIRECTION('',(-1.,0.,0.));
#8812=DIRECTION('',(0.,0.,1.));
#8813=DIRECTION('',(-1.,0.,0.));
#8814=DIRECTION('',(1.,0.,0.));
#8815=DIRECTION('',(0.,0.,-1.));
#8816=DIRECTION('',(-1.,0.,0.));
#8817=DIRECTION('',(0.,0.,1.));
#8818=DIRECTION('',(-1.,0.,0.));
#8819=DIRECTION('',(0.,0.,1.));
#8820=DIRECTION('',(-1.,0.,0.));
#8821=DIRECTION('',(1.,0.,0.));
#8822=DIRECTION('',(0.,0.,-1.));
#8823=DIRECTION('',(-1.,0.,0.));
#8824=DIRECTION('',(0.,0.,1.));
#8825=DIRECTION('',(-1.,0.,0.));
#8826=DIRECTION('',(0.,0.,1.));
#8827=DIRECTION('',(-1.,0.,0.));
#8828=DIRECTION('',(1.,0.,0.));
#8829=DIRECTION('',(0.,0.,-1.));
#8830=DIRECTION('',(-1.,0.,0.));
#8831=DIRECTION('',(0.,0.,1.));
#8832=DIRECTION('',(-1.,0.,0.));
#8833=DIRECTION('',(0.,0.,1.));
#8834=DIRECTION('',(-1.,0.,0.));
#8835=DIRECTION('',(1.,0.,0.));
#8836=DIRECTION('',(0.,0.,-1.));
#8837=DIRECTION('',(-1.,0.,0.));
#8838=DIRECTION('',(0.,0.,1.));
#8839=DIRECTION('',(-1.,0.,0.));
#8840=DIRECTION('',(0.,0.,1.));
#8841=DIRECTION('',(-1.,0.,0.));
#8842=DIRECTION('',(1.,0.,0.));
#8843=DIRECTION('',(0.,0.,-1.));
#8844=DIRECTION('',(0.,0.,1.));
#8845=DIRECTION('',(1.,0.,0.));
#8846=DIRECTION('',(0.,1.,0.));
#8847=DIRECTION('',(0.,1.,0.));
#8848=DIRECTION('',(-1.,0.,0.));
#8849=DIRECTION('',(0.,0.,1.));
#8850=DIRECTION('',(1.,0.,0.));
#8851=DIRECTION('',(0.,-1.,0.));
#8852=DIRECTION('',(-1.,0.,0.));
#8853=DIRECTION('',(0.,1.,0.));
#8854=DIRECTION('',(0.,0.,1.));
#8855=DIRECTION('',(1.,0.,0.));
#8856=DIRECTION('',(0.,-1.,0.));
#8857=DIRECTION('',(-1.,0.,0.));
#8858=DIRECTION('',(0.,1.,0.));
#8859=DIRECTION('',(0.,0.,1.));
#8860=DIRECTION('',(1.,0.,0.));
#8861=DIRECTION('',(0.,-1.,0.));
#8862=DIRECTION('',(-1.,0.,0.));
#8863=DIRECTION('',(0.,1.,0.));
#8864=DIRECTION('',(0.,0.,1.));
#8865=DIRECTION('',(1.,0.,0.));
#8866=DIRECTION('',(0.,-1.,0.));
#8867=DIRECTION('',(-1.,0.,0.));
#8868=DIRECTION('',(0.,1.,0.));
#8869=DIRECTION('',(0.,0.,1.));
#8870=DIRECTION('',(1.,0.,0.));
#8871=DIRECTION('',(0.,-1.,0.));
#8872=DIRECTION('',(-1.,0.,0.));
#8873=DIRECTION('',(0.,1.,0.));
#8874=DIRECTION('',(0.,0.,-1.));
#8875=DIRECTION('',(-1.,0.,0.));
#8876=DIRECTION('',(0.,-1.,0.));
#8877=DIRECTION('',(-1.,0.,0.));
#8878=DIRECTION('',(0.,-1.,0.));
#8879=DIRECTION('',(-1.,0.,0.));
#8880=DIRECTION('',(0.,0.,-1.));
#8881=DIRECTION('',(-1.,0.,0.));
#8882=DIRECTION('',(0.,1.,0.));
#8883=DIRECTION('',(-1.,0.,0.));
#8884=DIRECTION('',(0.,-1.,0.));
#8885=DIRECTION('',(-1.,0.,0.));
#8886=DIRECTION('',(0.,0.,-1.));
#8887=DIRECTION('',(-1.,0.,0.));
#8888=DIRECTION('',(0.,1.,0.));
#8889=DIRECTION('',(-1.,0.,0.));
#8890=DIRECTION('',(0.,-1.,0.));
#8891=DIRECTION('',(-1.,0.,0.));
#8892=DIRECTION('',(0.,0.,-1.));
#8893=DIRECTION('',(-1.,0.,0.));
#8894=DIRECTION('',(0.,1.,0.));
#8895=DIRECTION('',(-1.,0.,0.));
#8896=DIRECTION('',(0.,-1.,0.));
#8897=DIRECTION('',(-1.,0.,0.));
#8898=DIRECTION('',(0.,0.,-1.));
#8899=DIRECTION('',(-1.,0.,0.));
#8900=DIRECTION('',(0.,1.,0.));
#8901=DIRECTION('',(-1.,0.,0.));
#8902=DIRECTION('',(0.,-1.,0.));
#8903=DIRECTION('',(-1.,0.,0.));
#8904=DIRECTION('',(0.,0.,-1.));
#8905=DIRECTION('',(-1.,0.,0.));
#8906=DIRECTION('',(0.,1.,0.));
#8907=DIRECTION('',(-1.,0.,0.));
#8908=DIRECTION('',(0.,-1.,0.));
#8909=DIRECTION('',(-1.,0.,0.));
#8910=DIRECTION('',(-1.,0.,0.));
#8911=DIRECTION('',(0.,0.,1.));
#8912=DIRECTION('',(1.,0.,0.));
#8913=DIRECTION('',(0.,0.,-1.));
#8914=DIRECTION('',(-1.,0.,0.));
#8915=DIRECTION('',(0.,0.,1.));
#8916=DIRECTION('',(-1.,0.,0.));
#8917=DIRECTION('',(-1.,0.,0.));
#8918=DIRECTION('',(0.,0.,1.));
#8919=DIRECTION('',(-1.,0.,0.));
#8920=DIRECTION('',(0.,0.,1.));
#8921=DIRECTION('',(-1.,0.,0.));
#8922=DIRECTION('',(1.,0.,0.));
#8923=DIRECTION('',(0.,0.,-1.));
#8924=DIRECTION('',(-1.,0.,0.));
#8925=DIRECTION('',(0.,0.,1.));
#8926=DIRECTION('',(-1.,0.,0.));
#8927=DIRECTION('',(0.,0.,1.));
#8928=DIRECTION('',(-1.,0.,0.));
#8929=DIRECTION('',(1.,0.,0.));
#8930=DIRECTION('',(0.,0.,-1.));
#8931=DIRECTION('',(-1.,0.,0.));
#8932=DIRECTION('',(0.,0.,1.));
#8933=DIRECTION('',(-1.,0.,0.));
#8934=DIRECTION('',(0.,0.,1.));
#8935=DIRECTION('',(-1.,0.,0.));
#8936=DIRECTION('',(1.,0.,0.));
#8937=DIRECTION('',(0.,0.,-1.));
#8938=DIRECTION('',(-1.,0.,0.));
#8939=DIRECTION('',(0.,0.,1.));
#8940=DIRECTION('',(-1.,0.,0.));
#8941=DIRECTION('',(0.,0.,1.));
#8942=DIRECTION('',(-1.,0.,0.));
#8943=DIRECTION('',(1.,0.,0.));
#8944=DIRECTION('',(0.,0.,-1.));
#8945=DIRECTION('',(-1.,0.,0.));
#8946=DIRECTION('',(0.,0.,1.));
#8947=DIRECTION('',(-1.,0.,0.));
#8948=DIRECTION('',(0.,0.,1.));
#8949=DIRECTION('',(-1.,0.,0.));
#8950=DIRECTION('',(1.,0.,0.));
#8951=DIRECTION('',(0.,0.,-1.));
#8952=DIRECTION('',(0.,-1.,0.));
#8953=DIRECTION('',(0.,0.,-1.));
#8954=DIRECTION('',(0.,0.,1.));
#8955=DIRECTION('',(0.,0.,1.));
#8956=DIRECTION('',(-1.,0.,0.));
#8957=DIRECTION('',(0.,-1.,0.));
#8958=DIRECTION('',(0.,0.,-1.));
#8959=DIRECTION('',(0.,0.,-1.));
#8960=DIRECTION('',(-1.,0.,0.));
#8961=DIRECTION('',(0.,0.,1.));
#8962=DIRECTION('',(0.,-1.,0.));
#8963=DIRECTION('',(0.,0.,-1.));
#8964=DIRECTION('',(0.,0.,-1.));
#8965=DIRECTION('',(-1.,0.,0.));
#8966=DIRECTION('',(0.,0.,1.));
#8967=DIRECTION('',(0.,-1.,0.));
#8968=DIRECTION('',(0.,0.,-1.));
#8969=DIRECTION('',(0.,0.,-1.));
#8970=DIRECTION('',(-1.,0.,0.));
#8971=DIRECTION('',(0.,0.,1.));
#8972=DIRECTION('',(0.,-1.,0.));
#8973=DIRECTION('',(0.,0.,-1.));
#8974=DIRECTION('',(0.,0.,-1.));
#8975=DIRECTION('',(-1.,0.,0.));
#8976=DIRECTION('',(0.,0.,1.));
#8977=DIRECTION('',(0.,-1.,0.));
#8978=DIRECTION('',(0.,0.,-1.));
#8979=DIRECTION('',(0.,0.,-1.));
#8980=DIRECTION('',(-1.,0.,0.));
#8981=DIRECTION('',(0.,0.,1.));
#8982=DIRECTION('',(0.,0.,1.));
#8983=DIRECTION('',(1.,0.,0.));
#8984=DIRECTION('',(0.,1.,0.));
#8985=DIRECTION('',(0.,1.,0.));
#8986=DIRECTION('',(-1.,0.,0.));
#8987=DIRECTION('',(0.,0.,1.));
#8988=DIRECTION('',(1.,0.,0.));
#8989=DIRECTION('',(0.,-1.,0.));
#8990=DIRECTION('',(-1.,0.,0.));
#8991=DIRECTION('',(0.,1.,0.));
#8992=DIRECTION('',(0.,0.,1.));
#8993=DIRECTION('',(1.,0.,0.));
#8994=DIRECTION('',(0.,-1.,0.));
#8995=DIRECTION('',(-1.,0.,0.));
#8996=DIRECTION('',(0.,1.,0.));
#8997=DIRECTION('',(0.,0.,1.));
#8998=DIRECTION('',(1.,0.,0.));
#8999=DIRECTION('',(0.,-1.,0.));
#9000=DIRECTION('',(-1.,0.,0.));
#9001=DIRECTION('',(0.,1.,0.));
#9002=DIRECTION('',(0.,0.,1.));
#9003=DIRECTION('',(1.,0.,0.));
#9004=DIRECTION('',(0.,-1.,0.));
#9005=DIRECTION('',(-1.,0.,0.));
#9006=DIRECTION('',(0.,1.,0.));
#9007=DIRECTION('',(0.,0.,1.));
#9008=DIRECTION('',(1.,0.,0.));
#9009=DIRECTION('',(0.,-1.,0.));
#9010=DIRECTION('',(-1.,0.,0.));
#9011=DIRECTION('',(0.,1.,0.));
#9012=DIRECTION('',(0.,1.,0.));
#9013=DIRECTION('',(0.,0.,1.));
#9014=DIRECTION('',(0.,0.,-1.));
#9015=DIRECTION('',(0.,0.,-1.));
#9016=DIRECTION('',(-1.,0.,0.));
#9017=DIRECTION('',(0.,1.,0.));
#9018=DIRECTION('',(0.,0.,1.));
#9019=DIRECTION('',(0.,0.,1.));
#9020=DIRECTION('',(-1.,0.,0.));
#9021=DIRECTION('',(0.,0.,-1.));
#9022=DIRECTION('',(0.,1.,0.));
#9023=DIRECTION('',(0.,0.,1.));
#9024=DIRECTION('',(0.,0.,1.));
#9025=DIRECTION('',(-1.,0.,0.));
#9026=DIRECTION('',(0.,0.,-1.));
#9027=DIRECTION('',(0.,1.,0.));
#9028=DIRECTION('',(0.,0.,1.));
#9029=DIRECTION('',(0.,0.,1.));
#9030=DIRECTION('',(-1.,0.,0.));
#9031=DIRECTION('',(0.,0.,-1.));
#9032=DIRECTION('',(0.,1.,0.));
#9033=DIRECTION('',(0.,0.,1.));
#9034=DIRECTION('',(0.,0.,1.));
#9035=DIRECTION('',(-1.,0.,0.));
#9036=DIRECTION('',(0.,0.,-1.));
#9037=DIRECTION('',(0.,1.,0.));
#9038=DIRECTION('',(0.,0.,1.));
#9039=DIRECTION('',(0.,0.,1.));
#9040=DIRECTION('',(-1.,0.,0.));
#9041=DIRECTION('',(0.,0.,-1.));
#9042=DIRECTION('',(0.,1.,0.));
#9043=DIRECTION('',(0.,0.,1.));
#9044=DIRECTION('',(0.,0.,1.));
#9045=DIRECTION('',(-1.,0.,0.));
#9046=DIRECTION('',(0.,0.,-1.));
#9047=DIRECTION('',(-1.,0.,0.));
#9048=DIRECTION('',(0.,0.,-1.));
#9049=DIRECTION('',(-1.,0.,0.));
#9050=DIRECTION('',(0.,1.,0.));
#9051=DIRECTION('',(-1.,0.,0.));
#9052=DIRECTION('',(0.,-1.,0.));
#9053=DIRECTION('',(0.,-1.,0.));
#9054=DIRECTION('',(0.,0.,-1.));
#9055=DIRECTION('',(0.,0.,-1.));
#9056=DIRECTION('',(-1.,0.,0.));
#9057=DIRECTION('',(0.,0.,1.));
#9058=DIRECTION('',(-1.,0.,0.));
#9059=DIRECTION('',(0.,0.,1.));
#9060=DIRECTION('',(-1.,0.,0.));
#9061=DIRECTION('',(0.,0.,1.));
#9062=DIRECTION('',(-1.,0.,0.));
#9063=DIRECTION('',(-1.,0.,0.));
#9064=DIRECTION('',(0.,0.,1.));
#9065=DIRECTION('',(0.,0.,1.));
#9066=DIRECTION('',(1.,0.,0.));
#9067=DIRECTION('',(0.,-1.,0.));
#9068=DIRECTION('',(-1.,0.,0.));
#9069=DIRECTION('',(0.,1.,0.));
#9070=DIRECTION('',(0.,-1.,0.));
#9071=DIRECTION('',(0.,0.,-1.));
#9072=DIRECTION('',(0.,0.,-1.));
#9073=DIRECTION('',(1.,-2.51088970005907E-16,-2.61306017627853E-16));
#9074=DIRECTION('',(0.,0.,-1.));
#9075=DIRECTION('',(0.,0.,-1.));
#9076=DIRECTION('',(1.,-2.51088970005906E-16,-2.61306017627853E-16));
#9077=DIRECTION('',(0.,0.,-1.));
#9078=DIRECTION('',(0.,0.,-1.));
#9079=DIRECTION('',(1.,-2.51088970005906E-16,-2.61306017627853E-16));
#9080=DIRECTION('',(0.,0.,-1.));
#9081=DIRECTION('',(0.,0.,-1.));
#9082=DIRECTION('',(1.,-2.51088970005907E-16,-2.61306017627853E-16));
#9083=DIRECTION('',(0.,0.,-1.));
#9084=DIRECTION('',(0.,0.,-1.));
#9085=DIRECTION('',(1.,-2.51088970005907E-16,-2.61306017627853E-16));
#9086=DIRECTION('',(0.,0.,-1.));
#9087=DIRECTION('',(0.,0.,-1.));
#9088=DIRECTION('',(1.,-2.51088970005907E-16,-2.61306017627853E-16));
#9089=DIRECTION('',(0.,0.,-1.));
#9090=DIRECTION('',(0.,0.,1.));
#9091=DIRECTION('',(0.,0.,-1.));
#9092=DIRECTION('',(-1.,2.51088970005907E-16,-2.61306017627853E-16));
#9093=DIRECTION('',(0.,0.,-1.));
#9094=DIRECTION('',(0.,0.,-1.));
#9095=DIRECTION('',(-1.,2.51088970005907E-16,-2.61306017627853E-16));
#9096=DIRECTION('',(0.,0.,-1.));
#9097=DIRECTION('',(0.,0.,-1.));
#9098=DIRECTION('',(-1.,2.51088970005907E-16,-2.61306017627853E-16));
#9099=DIRECTION('',(0.,0.,-1.));
#9100=DIRECTION('',(0.,0.,-1.));
#9101=DIRECTION('',(-1.,2.51088970005906E-16,-2.61306017627853E-16));
#9102=DIRECTION('',(0.,0.,-1.));
#9103=DIRECTION('',(0.,0.,-1.));
#9104=DIRECTION('',(-1.,2.51088970005906E-16,-2.61306017627853E-16));
#9105=DIRECTION('',(0.,0.,-1.));
#9106=DIRECTION('',(0.,0.,-1.));
#9107=DIRECTION('',(-1.,2.51088970005907E-16,-2.61306017627853E-16));
#9108=DIRECTION('',(0.,0.,-1.));
#9109=DIRECTION('',(-1.,0.,0.));
#9110=DIRECTION('',(0.,0.,1.));
#9111=DIRECTION('',(0.,0.,-1.));
#9112=DIRECTION('',(-1.,0.,0.));
#9113=DIRECTION('',(0.,1.,0.));
#9114=DIRECTION('',(-1.,0.,0.));
#9115=DIRECTION('',(0.,-1.,0.));
#9116=DIRECTION('',(-1.,0.,0.));
#9117=DIRECTION('',(0.,0.,1.));
#9118=DIRECTION('',(-1.,0.,0.));
#9119=DIRECTION('',(0.,0.,1.));
#9120=DIRECTION('',(-1.,0.,0.));
#9121=DIRECTION('',(-1.,0.,0.));
#9122=DIRECTION('',(0.,0.,1.));
#9123=DIRECTION('',(0.,-1.,0.));
#9124=DIRECTION('',(0.,0.,-1.));
#9125=DIRECTION('',(0.,0.,-1.));
#9126=DIRECTION('',(-1.,0.,0.));
#9127=DIRECTION('',(0.,0.,1.));
#9128=DIRECTION('',(0.,0.,1.));
#9129=DIRECTION('',(1.,0.,0.));
#9130=DIRECTION('',(0.,-1.,0.));
#9131=DIRECTION('',(-1.,0.,0.));
#9132=DIRECTION('',(0.,1.,0.));
#9133=DIRECTION('',(0.,1.,0.));
#9134=DIRECTION('',(0.,0.,1.));
#9135=DIRECTION('',(0.,0.,1.));
#9136=DIRECTION('',(-1.,0.,0.));
#9137=DIRECTION('',(0.,0.,-1.));
#9138=DIRECTION('',(0.,0.721063009431587,0.692869494514993));
#9139=DIRECTION('',(0.,-0.692869494514993,0.721063009431587));
#9140=DIRECTION('',(0.,0.692869494514993,-0.721063009431587));
#9141=DIRECTION('',(0.,0.692869494514993,-0.721063009431587));
#9142=DIRECTION('',(-1.,0.,0.));
#9143=DIRECTION('',(0.,0.692869494514993,-0.721063009431587));
#9144=DIRECTION('',(0.,-0.692869494514993,0.721063009431587));
#9145=DIRECTION('',(0.,0.692869494514993,-0.721063009431587));
#9146=DIRECTION('',(0.,-0.692869494514993,0.721063009431587));
#9147=DIRECTION('',(0.,0.692869494514993,-0.721063009431587));
#9148=DIRECTION('',(0.,-0.692869494514993,0.721063009431587));
#9149=DIRECTION('',(0.,0.692869494514993,-0.721063009431587));
#9150=DIRECTION('',(0.,-0.692869494514993,0.721063009431587));
#9151=DIRECTION('',(0.,0.692869494514993,-0.721063009431587));
#9152=DIRECTION('',(0.,-0.692869494514993,0.721063009431587));
#9153=DIRECTION('',(0.,0.692869494514993,-0.721063009431587));
#9154=DIRECTION('',(0.,-0.692869494514993,0.721063009431587));
#9155=DIRECTION('',(0.,0.721063009431587,-0.692869494514993));
#9156=DIRECTION('',(0.,0.692869494514993,0.721063009431587));
#9157=DIRECTION('',(0.,-0.692869494514993,-0.721063009431587));
#9158=DIRECTION('',(0.,0.692869494514993,0.721063009431587));
#9159=DIRECTION('',(0.,-0.692869494514993,-0.721063009431587));
#9160=DIRECTION('',(0.,0.692869494514993,0.721063009431587));
#9161=DIRECTION('',(0.,-0.692869494514993,-0.721063009431587));
#9162=DIRECTION('',(0.,0.692869494514993,0.721063009431587));
#9163=DIRECTION('',(0.,-0.692869494514993,-0.721063009431587));
#9164=DIRECTION('',(0.,0.692869494514993,0.721063009431587));
#9165=DIRECTION('',(0.,-0.692869494514993,-0.721063009431587));
#9166=DIRECTION('',(0.,0.692869494514993,0.721063009431587));
#9167=DIRECTION('',(0.,-0.692869494514993,-0.721063009431587));
#9168=DIRECTION('',(0.,0.692869494514993,0.721063009431587));
#9169=DIRECTION('',(0.,-0.692869494514993,-0.721063009431587));
#9170=DIRECTION('',(0.,-0.692869494514993,-0.721063009431587));
#9171=DIRECTION('',(-1.,0.,0.));
#9172=DIRECTION('',(0.,0.,1.));
#9173=DIRECTION('',(-1.,0.,0.));
#9174=DIRECTION('',(0.,0.,1.));
#9175=DIRECTION('',(-1.,0.,0.));
#9176=DIRECTION('',(0.,0.,1.));
#9177=DIRECTION('',(1.,0.,0.));
#9178=DIRECTION('',(0.,0.,-1.));
#9179=DIRECTION('',(-1.,0.,0.));
#9180=DIRECTION('',(0.,0.,1.));
#9181=DIRECTION('',(1.,0.,0.));
#9182=DIRECTION('',(0.,0.,-1.));
#9183=DIRECTION('',(-1.,0.,0.));
#9184=DIRECTION('',(0.,0.,1.));
#9185=DIRECTION('',(1.,0.,0.));
#9186=DIRECTION('',(0.,0.,-1.));
#9187=DIRECTION('',(-1.,0.,0.));
#9188=DIRECTION('',(0.,0.,1.));
#9189=DIRECTION('',(1.,0.,0.));
#9190=DIRECTION('',(0.,0.,-1.));
#9191=DIRECTION('',(-1.,0.,0.));
#9192=DIRECTION('',(0.,0.,1.));
#9193=DIRECTION('',(1.,0.,0.));
#9194=DIRECTION('',(0.,0.,-1.));
#9195=DIRECTION('',(-1.,0.,0.));
#9196=DIRECTION('',(0.,0.,1.));
#9197=DIRECTION('',(1.,0.,0.));
#9198=DIRECTION('',(0.,0.,-1.));
#9199=DIRECTION('',(-1.,0.,0.));
#9200=DIRECTION('',(0.,0.,1.));
#9201=DIRECTION('',(1.,0.,0.));
#9202=DIRECTION('',(0.,0.,-1.));
#9203=DIRECTION('',(-1.,0.,0.));
#9204=DIRECTION('',(0.,0.,1.));
#9205=DIRECTION('',(1.,0.,0.));
#9206=DIRECTION('',(0.,0.,-1.));
#9207=DIRECTION('',(-1.,0.,0.));
#9208=DIRECTION('',(0.,0.,1.));
#9209=DIRECTION('',(1.,0.,0.));
#9210=DIRECTION('',(0.,0.,-1.));
#9211=DIRECTION('',(-1.,0.,0.));
#9212=DIRECTION('',(0.,0.,1.));
#9213=DIRECTION('',(1.,0.,0.));
#9214=DIRECTION('',(0.,0.,-1.));
#9215=DIRECTION('',(-1.,0.,0.));
#9216=DIRECTION('',(0.,0.,1.));
#9217=DIRECTION('',(1.,0.,0.));
#9218=DIRECTION('',(0.,0.,-1.));
#9219=DIRECTION('',(1.,0.,0.));
#9220=DIRECTION('',(0.,0.,-1.));
#9221=DIRECTION('',(-1.,0.,0.));
#9222=DIRECTION('',(0.,0.,1.));
#9223=DIRECTION('',(0.,0.,1.));
#9224=DIRECTION('',(1.,0.,0.));
#9225=DIRECTION('',(0.,0.,-1.));
#9226=DIRECTION('',(-1.,0.,0.));
#9227=DIRECTION('',(0.,-1.,0.));
#9228=DIRECTION('',(-1.,0.,0.));
#9229=DIRECTION('',(0.,-1.,0.));
#9230=DIRECTION('',(-1.,0.,0.));
#9231=DIRECTION('',(0.,-1.,0.));
#9232=DIRECTION('',(-1.,0.,0.));
#9233=DIRECTION('',(0.,1.,0.));
#9234=DIRECTION('',(0.70710678118655,0.707106781186545,0.));
#9235=DIRECTION('',(1.,0.,0.));
#9236=DIRECTION('',(0.707106781186545,-0.70710678118655,0.));
#9237=DIRECTION('',(0.,-1.,0.));
#9238=DIRECTION('',(0.,0.,-1.));
#9239=DIRECTION('',(0.,0.,1.));
#9240=DIRECTION('',(0.,0.,1.));
#9241=DIRECTION('',(-1.,0.,0.));
#9242=DIRECTION('',(-1.,0.,0.));
#9243=DIRECTION('',(0.,0.,1.));
#9244=DIRECTION('',(1.,0.,0.));
#9245=DIRECTION('',(0.,0.,-1.));
#9246=DIRECTION('',(-1.,0.,0.));
#9247=DIRECTION('',(1.,0.,0.));
#9248=DIRECTION('',(0.,0.,-1.));
#9249=DIRECTION('',(0.,1.,0.));
#9250=DIRECTION('',(0.,0.,1.));
#9251=DIRECTION('',(0.,0.,-1.));
#9252=DIRECTION('',(-1.,0.,0.));
#9253=DIRECTION('',(0.,0.,-1.));
#9254=DIRECTION('',(-1.,0.,0.));
#9255=DIRECTION('',(0.,0.,1.));
#9256=DIRECTION('',(1.,0.,0.));
#9257=DIRECTION('',(0.,0.,-1.));
#9258=DIRECTION('',(-1.,0.,0.));
#9259=DIRECTION('',(1.,0.,0.));
#9260=DIRECTION('',(0.,0.,-1.));
#9261=DIRECTION('',(0.,0.,1.));
#9262=DIRECTION('',(1.,0.,0.));
#9263=DIRECTION('',(0.,1.,0.));
#9264=DIRECTION('',(-1.,0.,0.));
#9265=DIRECTION('',(0.,1.,0.));
#9266=DIRECTION('',(0.,0.743144825477652,0.669130606358572));
#9267=DIRECTION('',(0.,-0.669130606358572,0.743144825477652));
#9268=DIRECTION('',(0.,0.669130606358572,-0.743144825477652));
#9269=DIRECTION('',(-1.,0.,0.));
#9270=DIRECTION('',(0.,0.669130606358572,-0.743144825477652));
#9271=DIRECTION('',(0.,0.,1.));
#9272=DIRECTION('',(1.,0.,0.));
#9273=DIRECTION('',(0.,1.,0.));
#9274=DIRECTION('',(-1.,0.,0.));
#9275=DIRECTION('',(0.,1.,0.));
#9276=DIRECTION('',(0.,-0.669130606358588,0.743144825477638));
#9277=DIRECTION('',(0.,-0.743144825477638,-0.669130606358588));
#9278=DIRECTION('',(0.,0.743144825477637,0.669130606358588));
#9279=DIRECTION('',(-1.,0.,0.));
#9280=DIRECTION('',(0.,0.743144825477637,0.669130606358588));
#9281=DIRECTION('',(0.,0.,1.));
#9282=DIRECTION('',(1.,0.,0.));
#9283=DIRECTION('',(0.,1.,0.));
#9284=DIRECTION('',(-1.,0.,0.));
#9285=DIRECTION('',(0.,1.,0.));
#9286=DIRECTION('',(0.,1.,0.));
#9287=DIRECTION('',(0.,0.,1.));
#9288=DIRECTION('',(0.,0.,-1.));
#9289=DIRECTION('',(-1.,0.,0.));
#9290=DIRECTION('',(0.,0.,-1.));
#9291=DIRECTION('',(0.,-1.77854687087508E-17,-1.));
#9292=DIRECTION('',(0.,1.,-1.77854687087508E-17));
#9293=DIRECTION('',(0.,-1.,1.77854687087508E-17));
#9294=DIRECTION('',(-1.,0.,0.));
#9295=DIRECTION('',(0.,-1.,1.77854687087508E-17));
#9296=DIRECTION('',(-1.,0.,0.));
#9297=DIRECTION('',(0.,0.,1.));
#9298=DIRECTION('',(1.,0.,0.));
#9299=DIRECTION('',(0.,0.,-1.));
#9300=DIRECTION('',(-1.,0.,0.));
#9301=DIRECTION('',(1.,0.,0.));
#9302=DIRECTION('',(0.,0.,-1.));
#9303=DIRECTION('',(0.,1.,0.));
#9304=DIRECTION('',(0.,0.,1.));
#9305=DIRECTION('',(0.,0.,-1.));
#9306=DIRECTION('',(-1.,0.,0.));
#9307=DIRECTION('',(0.,0.,-1.));
#9308=DIRECTION('',(-1.,0.,0.));
#9309=DIRECTION('',(0.,0.,1.));
#9310=DIRECTION('',(1.,0.,0.));
#9311=DIRECTION('',(0.,0.,-1.));
#9312=DIRECTION('',(-1.,0.,0.));
#9313=DIRECTION('',(1.,0.,0.));
#9314=DIRECTION('',(0.,0.,-1.));
#9315=DIRECTION('',(0.,0.,1.));
#9316=DIRECTION('',(1.,0.,0.));
#9317=DIRECTION('',(0.,1.,0.));
#9318=DIRECTION('',(-1.,0.,0.));
#9319=DIRECTION('',(0.,1.,0.));
#9320=DIRECTION('',(0.,1.,0.));
#9321=DIRECTION('',(0.,0.,1.));
#9322=DIRECTION('',(0.,0.,-1.));
#9323=DIRECTION('',(-1.,0.,0.));
#9324=DIRECTION('',(0.,0.,-1.));
#9325=DIRECTION('',(0.,0.,-1.));
#9326=DIRECTION('',(-1.,0.,0.));
#9327=DIRECTION('',(0.,-1.,0.));
#9328=DIRECTION('',(-1.,0.,0.));
#9329=DIRECTION('',(0.,-1.,0.));
#9330=DIRECTION('',(0.,-0.669130606358588,-0.743144825477638));
#9331=DIRECTION('',(0.,0.743144825477638,-0.669130606358588));
#9332=DIRECTION('',(0.,-0.743144825477637,0.669130606358588));
#9333=DIRECTION('',(-1.,0.,0.));
#9334=DIRECTION('',(0.,-0.743144825477637,0.669130606358588));
#9335=DIRECTION('',(0.,0.,-1.));
#9336=DIRECTION('',(-1.,0.,0.));
#9337=DIRECTION('',(0.,-1.,0.));
#9338=DIRECTION('',(-1.,0.,0.));
#9339=DIRECTION('',(0.,-1.,0.));
#9340=DIRECTION('',(0.,0.743144825477652,-0.669130606358572));
#9341=DIRECTION('',(0.,0.669130606358572,0.743144825477652));
#9342=DIRECTION('',(0.,-0.669130606358572,-0.743144825477652));
#9343=DIRECTION('',(-1.,0.,0.));
#9344=DIRECTION('',(0.,-0.669130606358572,-0.743144825477652));
#9345=DIRECTION('',(0.,0.,-1.));
#9346=DIRECTION('',(-1.,0.,0.));
#9347=DIRECTION('',(0.,-1.,0.));
#9348=DIRECTION('',(-1.,0.,0.));
#9349=DIRECTION('',(0.,-1.,0.));
#9350=DIRECTION('',(-1.,0.,0.));
#9351=DIRECTION('',(0.,0.,1.));
#9352=DIRECTION('',(1.,0.,0.));
#9353=DIRECTION('',(0.,0.,-1.));
#9354=DIRECTION('',(-1.,0.,0.));
#9355=DIRECTION('',(1.,0.,0.));
#9356=DIRECTION('',(0.,0.,-1.));
#9357=DIRECTION('',(0.,1.,0.));
#9358=DIRECTION('',(0.,0.,1.));
#9359=DIRECTION('',(0.,0.,-1.));
#9360=DIRECTION('',(-1.,0.,0.));
#9361=DIRECTION('',(0.,0.,-1.));
#9362=DIRECTION('',(-1.,0.,0.));
#9363=DIRECTION('',(0.,0.,1.));
#9364=DIRECTION('',(1.,0.,0.));
#9365=DIRECTION('',(0.,0.,-1.));
#9366=DIRECTION('',(-1.,0.,0.));
#9367=DIRECTION('',(1.,0.,0.));
#9368=DIRECTION('',(0.,0.,-1.));
#9369=DIRECTION('',(0.,0.,1.));
#9370=DIRECTION('',(1.,0.,0.));
#9371=DIRECTION('',(0.,1.,0.));
#9372=DIRECTION('',(0.,1.,0.));
#9373=DIRECTION('',(1.,0.,0.));
#9374=DIRECTION('',(0.,0.,-1.));
#9375=DIRECTION('',(1.,0.,0.));
#9376=DIRECTION('',(0.,0.,-1.));
#9377=DIRECTION('',(1.,0.,0.));
#9378=DIRECTION('',(0.,0.,-1.));
#9379=DIRECTION('',(0.,0.,-1.));
#9380=DIRECTION('',(0.,-1.,0.));
#9381=DIRECTION('',(0.,0.,-1.));
#9382=DIRECTION('',(0.70710678118655,0.707106781186545,0.));
#9383=DIRECTION('',(-0.707106781186545,0.70710678118655,0.));
#9384=DIRECTION('',(0.,0.,-1.));
#9385=DIRECTION('',(0.707106781186545,-0.70710678118655,0.));
#9386=DIRECTION('',(0.,1.,0.));
#9387=DIRECTION('',(0.,0.,1.));
#9388=DIRECTION('',(0.,0.,-1.));
#9389=DIRECTION('',(1.,0.,0.));
#9390=DIRECTION('',(-0.707106781186545,0.70710678118655,0.));
#9391=DIRECTION('',(-0.70710678118655,-0.707106781186545,0.));
#9392=DIRECTION('',(0.,0.,-1.));
#9393=DIRECTION('',(0.70710678118655,0.707106781186545,0.));
#9394=DIRECTION('',(-1.,0.,0.));
#9395=DIRECTION('',(0.,0.,1.));
#9396=DIRECTION('',(0.,0.,-1.));
#9397=DIRECTION('',(0.,1.,0.));
#9398=DIRECTION('',(0.,-1.,0.));
#9399=DIRECTION('',(0.,0.,-1.));
#9400=DIRECTION('',(-1.,0.,0.));
#9401=DIRECTION('',(0.,0.,1.));
#9402=DIRECTION('',(1.,0.,0.));
#9403=DIRECTION('',(0.,0.,1.));
#9404=DIRECTION('',(1.,0.,0.));
#9405=CARTESIAN_POINT('',(0.,0.,0.));
#9406=CARTESIAN_POINT('',(0.099999999999999,0.005,0.1));
#9407=CARTESIAN_POINT('',(-0.0425,0.005,0.1));
#9408=CARTESIAN_POINT('',(-0.0425,0.099,0.1));
#9409=CARTESIAN_POINT('',(-0.0425,0.205,0.1));
#9410=CARTESIAN_POINT('',(0.0659999999999998,-0.0119999999999996,0.1));
#9411=CARTESIAN_POINT('',(-0.0525,0.225,0.1));
#9412=CARTESIAN_POINT('',(0.099999999999999,0.225,0.1));
#9413=CARTESIAN_POINT('',(-0.1,0.225,0.1));
#9414=CARTESIAN_POINT('',(-0.1,0.005,0.1));
#9415=CARTESIAN_POINT('',(-0.1,0.,0.1));
#9416=CARTESIAN_POINT('',(0.099999999999999,0.,0.1));
#9417=CARTESIAN_POINT('',(0.099999999999999,0.,0.1));
#9418=CARTESIAN_POINT('',(0.099999999999999,0.005,0.1));
#9419=CARTESIAN_POINT('',(0.099999999999999,0.225,0.1));
#9420=CARTESIAN_POINT('',(0.099999999999999,0.225,0.1));
#9421=CARTESIAN_POINT('',(0.0525,0.225,0.1));
#9422=CARTESIAN_POINT('',(-0.0260000000000002,0.0679999999999996,0.1));
#9423=CARTESIAN_POINT('',(0.0425,0.205,0.1));
#9424=CARTESIAN_POINT('',(0.0425,0.005,0.1));
#9425=CARTESIAN_POINT('',(0.0425,0.099,0.1));
#9426=CARTESIAN_POINT('',(0.099999999999999,0.099,0.1));
#9427=CARTESIAN_POINT('',(-0.1,0.225,0.0675));
#9428=CARTESIAN_POINT('',(-0.1,0.225,0.0675));
#9429=CARTESIAN_POINT('',(-0.1,0.225,0.0675));
#9430=CARTESIAN_POINT('',(-0.0525,0.225,0.0675));
#9431=CARTESIAN_POINT('',(-0.0525,0.225,0.0675));
#9432=CARTESIAN_POINT('',(-0.0425,0.205,0.0675));
#9433=CARTESIAN_POINT('',(-0.0425,0.205,0.0675));
#9434=CARTESIAN_POINT('',(-0.0425,0.099,0.0675));
#9435=CARTESIAN_POINT('',(0.,0.099,0.0675));
#9436=CARTESIAN_POINT('',(-0.1,0.099,0.0675));
#9437=CARTESIAN_POINT('',(-0.1,0.225,0.0675));
#9438=CARTESIAN_POINT('',(-0.1,0.225,0.0675));
#9439=CARTESIAN_POINT('',(0.,0.099,0.0675));
#9440=CARTESIAN_POINT('',(0.1,0.099,0.0675));
#9441=CARTESIAN_POINT('',(0.0425,0.099,0.0675));
#9442=CARTESIAN_POINT('',(0.0425,0.099,0.0675));
#9443=CARTESIAN_POINT('',(0.0425,0.205,0.0675));
#9444=CARTESIAN_POINT('',(0.0425,0.205,0.0675));
#9445=CARTESIAN_POINT('',(0.0525,0.225,0.0675));
#9446=CARTESIAN_POINT('',(-0.1,0.225,0.0675));
#9447=CARTESIAN_POINT('',(0.1,0.225,0.0675));
#9448=CARTESIAN_POINT('',(0.1,0.225,0.0675));
#9449=CARTESIAN_POINT('',(0.,0.225,0.));
#9450=CARTESIAN_POINT('',(-0.0525,0.225,0.));
#9451=CARTESIAN_POINT('',(-0.1,0.225,0.1));
#9452=CARTESIAN_POINT('',(0.,0.225,0.));
#9453=CARTESIAN_POINT('',(0.0525,0.225,0.));
#9454=CARTESIAN_POINT('',(0.1,0.225,0.0675));
#9455=CARTESIAN_POINT('',(-0.175,0.099,0.0675));
#9456=CARTESIAN_POINT('',(-0.1,0.099,0.0675));
#9457=CARTESIAN_POINT('',(-0.1,0.,0.0675));
#9458=CARTESIAN_POINT('',(-0.1,0.0245,0.0675));
#9459=CARTESIAN_POINT('',(0.175,0.0245,0.067500000000002));
#9460=CARTESIAN_POINT('',(-0.175,0.0245,0.067500000000002));
#9461=CARTESIAN_POINT('',(-0.175,0.099,0.0675));
#9462=CARTESIAN_POINT('',(-0.175,0.,0.0675));
#9463=CARTESIAN_POINT('',(-0.175,0.,0.0675));
#9464=CARTESIAN_POINT('',(-0.175,0.099,0.0675));
#9465=CARTESIAN_POINT('',(0.175,0.0745,0.067500000000002));
#9466=CARTESIAN_POINT('',(-0.1,0.0745,0.067500000000002));
#9467=CARTESIAN_POINT('',(-0.175,0.0745,0.067500000000002));
#9468=CARTESIAN_POINT('',(-0.1,0.225,0.0675));
#9469=CARTESIAN_POINT('',(-0.175,0.099,0.0675));
#9470=CARTESIAN_POINT('',(-0.175,0.099,0.0675));
#9471=CARTESIAN_POINT('',(-0.175,0.099,0.0675));
#9472=CARTESIAN_POINT('',(0.175,0.099,-0.0675));
#9473=CARTESIAN_POINT('',(0.175,0.0245,-0.067500000000002));
#9474=CARTESIAN_POINT('',(-0.1,0.0245,-0.0675));
#9475=CARTESIAN_POINT('',(-0.175,0.0245,-0.067500000000002));
#9476=CARTESIAN_POINT('',(-0.1,0.099,-0.0675));
#9477=CARTESIAN_POINT('',(-0.1,0.,-0.0675));
#9478=CARTESIAN_POINT('',(0.175,0.,-0.0675));
#9479=CARTESIAN_POINT('',(-0.175,0.,-0.0675));
#9480=CARTESIAN_POINT('',(-0.175,0.099,-0.0675));
#9481=CARTESIAN_POINT('',(0.175,0.099,-0.0675));
#9482=CARTESIAN_POINT('',(0.175,0.099,-0.0675));
#9483=CARTESIAN_POINT('',(-0.1,0.099,-0.0675));
#9484=CARTESIAN_POINT('',(-0.175,0.099,-0.0675));
#9485=CARTESIAN_POINT('',(-0.1,0.225,-0.0675));
#9486=CARTESIAN_POINT('',(-0.1,0.0745,-0.0675));
#9487=CARTESIAN_POINT('',(0.175,0.0745,-0.067500000000002));
#9488=CARTESIAN_POINT('',(-0.175,0.0745,-0.0675));
#9489=CARTESIAN_POINT('',(-0.175,0.099,-0.0675));
#9490=CARTESIAN_POINT('',(0.092,0.099,-0.0325));
#9491=CARTESIAN_POINT('',(0.092,0.099,-0.0165));
#9492=CARTESIAN_POINT('',(0.092,0.099,-0.0165));
#9493=CARTESIAN_POINT('',(0.092,0.005,-0.0165));
#9494=CARTESIAN_POINT('',(0.092,0.005,-0.0325));
#9495=CARTESIAN_POINT('',(0.092,0.005,-0.0325));
#9496=CARTESIAN_POINT('',(0.092,0.099,-0.0325));
#9497=CARTESIAN_POINT('',(0.092,0.099,-0.0325));
#9498=CARTESIAN_POINT('',(0.092,0.099,-0.0325));
#9499=CARTESIAN_POINT('',(0.092,0.099,0.0175));
#9500=CARTESIAN_POINT('',(0.092,0.099,0.0335));
#9501=CARTESIAN_POINT('',(0.092,0.099,0.0335));
#9502=CARTESIAN_POINT('',(0.092,0.005,0.0335));
#9503=CARTESIAN_POINT('',(0.092,0.005,0.0175));
#9504=CARTESIAN_POINT('',(0.092,0.005,0.0175));
#9505=CARTESIAN_POINT('',(0.092,0.099,0.0175));
#9506=CARTESIAN_POINT('',(0.092,0.099,0.0175));
#9507=CARTESIAN_POINT('',(0.092,0.099,0.0175));
#9508=CARTESIAN_POINT('',(0.042,0.099,-0.0325));
#9509=CARTESIAN_POINT('',(0.042,0.099,-0.0165));
#9510=CARTESIAN_POINT('',(0.042,0.099,-0.0165));
#9511=CARTESIAN_POINT('',(0.042,0.005,-0.0165));
#9512=CARTESIAN_POINT('',(0.042,0.005,-0.0325));
#9513=CARTESIAN_POINT('',(0.042,0.005,-0.0325));
#9514=CARTESIAN_POINT('',(0.042,0.099,-0.0325));
#9515=CARTESIAN_POINT('',(0.042,0.099,-0.0325));
#9516=CARTESIAN_POINT('',(0.042,0.099,-0.0325));
#9517=CARTESIAN_POINT('',(0.0580000000000001,0.099,-0.0325));
#9518=CARTESIAN_POINT('',(0.0580000000000001,0.005,-0.0325));
#9519=CARTESIAN_POINT('',(0.0580000000000001,0.005,-0.0325));
#9520=CARTESIAN_POINT('',(0.0580000000000001,0.099,-0.0325));
#9521=CARTESIAN_POINT('',(0.0580000000000001,0.099,-0.0325));
#9522=CARTESIAN_POINT('',(0.0580000000000001,0.099,-0.0325));
#9523=CARTESIAN_POINT('',(0.0580000000000001,0.099,-0.0165));
#9524=CARTESIAN_POINT('',(0.0580000000000001,0.005,-0.0165));
#9525=CARTESIAN_POINT('',(0.0580000000000001,0.005,-0.0165));
#9526=CARTESIAN_POINT('',(0.0580000000000001,0.099,-0.0165));
#9527=CARTESIAN_POINT('',(0.0580000000000001,0.099,-0.0165));
#9528=CARTESIAN_POINT('',(0.0580000000000001,0.099,-0.0165));
#9529=CARTESIAN_POINT('',(0.042,0.099,0.0175));
#9530=CARTESIAN_POINT('',(0.042,0.099,0.0335));
#9531=CARTESIAN_POINT('',(0.042,0.099,0.0335));
#9532=CARTESIAN_POINT('',(0.042,0.005,0.0335));
#9533=CARTESIAN_POINT('',(0.042,0.005,0.0175));
#9534=CARTESIAN_POINT('',(0.042,0.005,0.0175));
#9535=CARTESIAN_POINT('',(0.042,0.099,0.0175));
#9536=CARTESIAN_POINT('',(0.042,0.099,0.0175));
#9537=CARTESIAN_POINT('',(0.042,0.099,0.0175));
#9538=CARTESIAN_POINT('',(0.0580000000000001,0.099,0.0175));
#9539=CARTESIAN_POINT('',(0.0580000000000001,0.005,0.0175));
#9540=CARTESIAN_POINT('',(0.0580000000000001,0.005,0.0175));
#9541=CARTESIAN_POINT('',(0.0580000000000001,0.099,0.0175));
#9542=CARTESIAN_POINT('',(0.0580000000000001,0.099,0.0175));
#9543=CARTESIAN_POINT('',(0.0580000000000001,0.099,0.0175));
#9544=CARTESIAN_POINT('',(0.0580000000000001,0.099,0.0335));
#9545=CARTESIAN_POINT('',(0.0580000000000001,0.005,0.0335));
#9546=CARTESIAN_POINT('',(0.0580000000000001,0.005,0.0335));
#9547=CARTESIAN_POINT('',(0.0580000000000001,0.099,0.0335));
#9548=CARTESIAN_POINT('',(0.0580000000000001,0.099,0.0335));
#9549=CARTESIAN_POINT('',(0.0580000000000001,0.099,0.0335));
#9550=CARTESIAN_POINT('',(-0.00799999999999995,0.099,-0.0325));
#9551=CARTESIAN_POINT('',(-0.00799999999999995,0.099,-0.0165));
#9552=CARTESIAN_POINT('',(-0.00799999999999995,0.099,-0.0165));
#9553=CARTESIAN_POINT('',(-0.00799999999999995,0.005,-0.0165));
#9554=CARTESIAN_POINT('',(-0.00799999999999995,0.005,-0.0325));
#9555=CARTESIAN_POINT('',(-0.00799999999999995,0.005,-0.0325));
#9556=CARTESIAN_POINT('',(-0.00799999999999995,0.099,-0.0325));
#9557=CARTESIAN_POINT('',(-0.00799999999999995,0.099,-0.0325));
#9558=CARTESIAN_POINT('',(-0.00799999999999995,0.099,-0.0325));
#9559=CARTESIAN_POINT('',(0.00800000000000006,0.099,-0.0325));
#9560=CARTESIAN_POINT('',(0.00800000000000006,0.005,-0.0325));
#9561=CARTESIAN_POINT('',(0.00800000000000006,0.005,-0.0325));
#9562=CARTESIAN_POINT('',(0.00800000000000006,0.099,-0.0325));
#9563=CARTESIAN_POINT('',(0.00800000000000006,0.099,-0.0325));
#9564=CARTESIAN_POINT('',(0.00800000000000006,0.099,-0.0325));
#9565=CARTESIAN_POINT('',(0.00800000000000006,0.099,-0.0165));
#9566=CARTESIAN_POINT('',(0.00800000000000006,0.005,-0.0165));
#9567=CARTESIAN_POINT('',(0.00800000000000006,0.005,-0.0165));
#9568=CARTESIAN_POINT('',(0.00800000000000006,0.099,-0.0165));
#9569=CARTESIAN_POINT('',(0.00800000000000006,0.099,-0.0165));
#9570=CARTESIAN_POINT('',(0.00800000000000006,0.099,-0.0165));
#9571=CARTESIAN_POINT('',(-0.00799999999999995,0.099,0.0175));
#9572=CARTESIAN_POINT('',(-0.00799999999999995,0.099,0.0335));
#9573=CARTESIAN_POINT('',(-0.00799999999999995,0.099,0.0335));
#9574=CARTESIAN_POINT('',(-0.00799999999999995,0.005,0.0335));
#9575=CARTESIAN_POINT('',(-0.00799999999999995,0.005,0.0175));
#9576=CARTESIAN_POINT('',(-0.00799999999999995,0.005,0.0175));
#9577=CARTESIAN_POINT('',(-0.00799999999999995,0.099,0.0175));
#9578=CARTESIAN_POINT('',(-0.00799999999999995,0.099,0.0175));
#9579=CARTESIAN_POINT('',(-0.00799999999999995,0.099,0.0175));
#9580=CARTESIAN_POINT('',(0.00800000000000006,0.099,0.0175));
#9581=CARTESIAN_POINT('',(0.00800000000000006,0.005,0.0175));
#9582=CARTESIAN_POINT('',(0.00800000000000006,0.005,0.0175));
#9583=CARTESIAN_POINT('',(0.00800000000000006,0.099,0.0175));
#9584=CARTESIAN_POINT('',(0.00800000000000006,0.099,0.0175));
#9585=CARTESIAN_POINT('',(0.00800000000000006,0.099,0.0175));
#9586=CARTESIAN_POINT('',(0.00800000000000006,0.099,0.0335));
#9587=CARTESIAN_POINT('',(0.00800000000000006,0.005,0.0335));
#9588=CARTESIAN_POINT('',(0.00800000000000006,0.005,0.0335));
#9589=CARTESIAN_POINT('',(0.00800000000000006,0.099,0.0335));
#9590=CARTESIAN_POINT('',(0.00800000000000006,0.099,0.0335));
#9591=CARTESIAN_POINT('',(0.00800000000000006,0.099,0.0335));
#9592=CARTESIAN_POINT('',(-0.058,0.099,-0.0325));
#9593=CARTESIAN_POINT('',(-0.058,0.099,-0.0165));
#9594=CARTESIAN_POINT('',(-0.058,0.099,-0.0165));
#9595=CARTESIAN_POINT('',(-0.058,0.005,-0.0165));
#9596=CARTESIAN_POINT('',(-0.058,0.005,-0.0325));
#9597=CARTESIAN_POINT('',(-0.058,0.005,-0.0325));
#9598=CARTESIAN_POINT('',(-0.058,0.099,-0.0325));
#9599=CARTESIAN_POINT('',(-0.058,0.099,-0.0325));
#9600=CARTESIAN_POINT('',(-0.058,0.099,-0.0325));
#9601=CARTESIAN_POINT('',(-0.042,0.099,-0.0325));
#9602=CARTESIAN_POINT('',(-0.042,0.005,-0.0325));
#9603=CARTESIAN_POINT('',(-0.042,0.005,-0.0325));
#9604=CARTESIAN_POINT('',(-0.042,0.099,-0.0325));
#9605=CARTESIAN_POINT('',(-0.042,0.099,-0.0325));
#9606=CARTESIAN_POINT('',(-0.042,0.099,-0.0325));
#9607=CARTESIAN_POINT('',(-0.042,0.099,-0.0165));
#9608=CARTESIAN_POINT('',(-0.042,0.005,-0.0165));
#9609=CARTESIAN_POINT('',(-0.042,0.005,-0.0165));
#9610=CARTESIAN_POINT('',(-0.042,0.099,-0.0165));
#9611=CARTESIAN_POINT('',(-0.042,0.099,-0.0165));
#9612=CARTESIAN_POINT('',(-0.042,0.099,-0.0165));
#9613=CARTESIAN_POINT('',(-0.058,0.099,0.0175));
#9614=CARTESIAN_POINT('',(-0.058,0.099,0.0335));
#9615=CARTESIAN_POINT('',(-0.058,0.099,0.0335));
#9616=CARTESIAN_POINT('',(-0.058,0.005,0.0335));
#9617=CARTESIAN_POINT('',(-0.058,0.005,0.0175));
#9618=CARTESIAN_POINT('',(-0.058,0.005,0.0175));
#9619=CARTESIAN_POINT('',(-0.058,0.099,0.0175));
#9620=CARTESIAN_POINT('',(-0.058,0.099,0.0175));
#9621=CARTESIAN_POINT('',(-0.058,0.099,0.0175));
#9622=CARTESIAN_POINT('',(-0.042,0.099,0.0175));
#9623=CARTESIAN_POINT('',(-0.042,0.005,0.0175));
#9624=CARTESIAN_POINT('',(-0.042,0.005,0.0175));
#9625=CARTESIAN_POINT('',(-0.042,0.099,0.0175));
#9626=CARTESIAN_POINT('',(-0.042,0.099,0.0175));
#9627=CARTESIAN_POINT('',(-0.042,0.099,0.0175));
#9628=CARTESIAN_POINT('',(-0.042,0.099,0.0335));
#9629=CARTESIAN_POINT('',(-0.042,0.005,0.0335));
#9630=CARTESIAN_POINT('',(-0.042,0.005,0.0335));
#9631=CARTESIAN_POINT('',(-0.042,0.099,0.0335));
#9632=CARTESIAN_POINT('',(-0.042,0.099,0.0335));
#9633=CARTESIAN_POINT('',(-0.042,0.099,0.0335));
#9634=CARTESIAN_POINT('',(-0.092,0.099,-0.0165));
#9635=CARTESIAN_POINT('',(-0.092,0.099,-0.0325));
#9636=CARTESIAN_POINT('',(-0.092,0.099,-0.0325));
#9637=CARTESIAN_POINT('',(-0.092,0.005,-0.0325));
#9638=CARTESIAN_POINT('',(-0.092,0.005,-0.0165));
#9639=CARTESIAN_POINT('',(-0.092,0.005,-0.0165));
#9640=CARTESIAN_POINT('',(-0.092,0.099,-0.0165));
#9641=CARTESIAN_POINT('',(-0.092,0.099,-0.0165));
#9642=CARTESIAN_POINT('',(-0.092,0.099,-0.0165));
#9643=CARTESIAN_POINT('',(-0.092,0.099,0.0335));
#9644=CARTESIAN_POINT('',(-0.092,0.099,0.0175));
#9645=CARTESIAN_POINT('',(-0.092,0.099,0.0175));
#9646=CARTESIAN_POINT('',(-0.092,0.005,0.0175));
#9647=CARTESIAN_POINT('',(-0.092,0.005,0.0335));
#9648=CARTESIAN_POINT('',(-0.092,0.005,0.0335));
#9649=CARTESIAN_POINT('',(-0.092,0.099,0.0335));
#9650=CARTESIAN_POINT('',(-0.092,0.099,0.0335));
#9651=CARTESIAN_POINT('',(-0.092,0.099,0.0335));
#9652=CARTESIAN_POINT('',(0.042,0.099,-0.0165));
#9653=CARTESIAN_POINT('',(0.042,0.005,-0.0165));
#9654=CARTESIAN_POINT('',(0.042,0.099,-0.0165));
#9655=CARTESIAN_POINT('',(0.042,0.099,0.0335));
#9656=CARTESIAN_POINT('',(0.042,0.005,0.0335));
#9657=CARTESIAN_POINT('',(0.042,0.099,0.0335));
#9658=CARTESIAN_POINT('',(-0.00799999999999995,0.099,-0.0165));
#9659=CARTESIAN_POINT('',(-0.00799999999999995,0.005,-0.0165));
#9660=CARTESIAN_POINT('',(-0.00799999999999995,0.099,-0.0165));
#9661=CARTESIAN_POINT('',(-0.00799999999999995,0.099,0.0335));
#9662=CARTESIAN_POINT('',(-0.00799999999999995,0.005,0.0335));
#9663=CARTESIAN_POINT('',(-0.00799999999999995,0.099,0.0335));
#9664=CARTESIAN_POINT('',(-0.058,0.099,-0.0165));
#9665=CARTESIAN_POINT('',(-0.058,0.005,-0.0165));
#9666=CARTESIAN_POINT('',(-0.058,0.099,-0.0165));
#9667=CARTESIAN_POINT('',(-0.058,0.099,0.0335));
#9668=CARTESIAN_POINT('',(-0.058,0.005,0.0335));
#9669=CARTESIAN_POINT('',(-0.058,0.099,0.0335));
#9670=CARTESIAN_POINT('',(0.175,0.099,-0.0675));
#9671=CARTESIAN_POINT('',(0.100000000000004,0.099,-0.0675));
#9672=CARTESIAN_POINT('',(0.100000000000002,0.,-0.0675));
#9673=CARTESIAN_POINT('',(0.1,0.0245,-0.0675));
#9674=CARTESIAN_POINT('',(0.175,0.0245,-0.067500000000002));
#9675=CARTESIAN_POINT('',(0.175,0.0245,-0.067500000000002));
#9676=CARTESIAN_POINT('',(0.175,0.099,-0.0675));
#9677=CARTESIAN_POINT('',(0.175,0.,-0.0675));
#9678=CARTESIAN_POINT('',(0.175,0.,-0.0675));
#9679=CARTESIAN_POINT('',(-0.175,0.099,0.0675));
#9680=CARTESIAN_POINT('',(0.175,0.0245,0.067500000000002));
#9681=CARTESIAN_POINT('',(0.175,0.0245,0.067500000000002));
#9682=CARTESIAN_POINT('',(0.1,0.0245,0.0675));
#9683=CARTESIAN_POINT('',(0.1,0.099,0.0675));
#9684=CARTESIAN_POINT('',(0.1,0.,0.0675));
#9685=CARTESIAN_POINT('',(-0.175,0.,0.0675));
#9686=CARTESIAN_POINT('',(0.175,0.,0.0675));
#9687=CARTESIAN_POINT('',(0.175,0.099,0.0675));
#9688=CARTESIAN_POINT('',(-0.175,0.099,-0.0675));
#9689=CARTESIAN_POINT('',(-0.175,0.0245,-0.0575));
#9690=CARTESIAN_POINT('',(-0.175,0.0245,-0.0575));
#9691=CARTESIAN_POINT('',(-0.175,0.0745,-0.0575));
#9692=CARTESIAN_POINT('',(-0.175,0.0245,-0.067500000000002));
#9693=CARTESIAN_POINT('',(-0.175,0.,-0.0675));
#9694=CARTESIAN_POINT('',(-0.175,0.0245,0.0575));
#9695=CARTESIAN_POINT('',(-0.175,0.0245,0.0575));
#9696=CARTESIAN_POINT('',(-0.175,0.0745,0.0575));
#9697=CARTESIAN_POINT('',(-0.175,0.0745,0.0575));
#9698=CARTESIAN_POINT('',(-0.175,0.0745,0.067500000000002));
#9699=CARTESIAN_POINT('',(-0.175,0.099,-0.0675));
#9700=CARTESIAN_POINT('',(-0.175,0.0745,-0.0575));
#9701=CARTESIAN_POINT('',(-0.175,0.099,0.0675));
#9702=CARTESIAN_POINT('',(-0.175,0.099,0.0675));
#9703=CARTESIAN_POINT('',(0.175,0.099,0.0675));
#9704=CARTESIAN_POINT('',(0.1,0.225,0.0675));
#9705=CARTESIAN_POINT('',(0.1,0.0745,0.0675));
#9706=CARTESIAN_POINT('',(0.175,0.0745,0.067500000000002));
#9707=CARTESIAN_POINT('',(0.175,0.0745,0.067500000000002));
#9708=CARTESIAN_POINT('',(0.175,0.099,0.0675));
#9709=CARTESIAN_POINT('',(0.175,0.099,0.0675));
#9710=CARTESIAN_POINT('',(0.175,0.0245,-0.067500000000002));
#9711=CARTESIAN_POINT('',(0.175,0.0245,-0.0575));
#9712=CARTESIAN_POINT('',(0.175,0.0245,-0.0575));
#9713=CARTESIAN_POINT('',(0.175,0.0745,-0.0575));
#9714=CARTESIAN_POINT('',(0.175,0.0745,-0.0575));
#9715=CARTESIAN_POINT('',(0.175,0.0745,-0.067500000000002));
#9716=CARTESIAN_POINT('',(0.175,0.099,-0.0675));
#9717=CARTESIAN_POINT('',(0.175,0.099,-0.0675));
#9718=CARTESIAN_POINT('',(0.175,0.099,0.0675));
#9719=CARTESIAN_POINT('',(0.175,0.0745,0.067500000000002));
#9720=CARTESIAN_POINT('',(0.175,0.0745,0.0575));
#9721=CARTESIAN_POINT('',(0.175,0.0745,0.0575));
#9722=CARTESIAN_POINT('',(0.175,0.0245,0.0575));
#9723=CARTESIAN_POINT('',(0.175,0.0245,0.0575));
#9724=CARTESIAN_POINT('',(0.175,0.,0.0675));
#9725=CARTESIAN_POINT('',(0.142,0.099,-0.0325));
#9726=CARTESIAN_POINT('',(0.142,0.,-0.0325));
#9727=CARTESIAN_POINT('',(0.142,0.,-0.0325));
#9728=CARTESIAN_POINT('',(0.142,0.,-0.0165));
#9729=CARTESIAN_POINT('',(0.142,0.099,-0.0325));
#9730=CARTESIAN_POINT('',(0.142,0.099,-0.0325));
#9731=CARTESIAN_POINT('',(0.142,0.099,-0.0325));
#9732=CARTESIAN_POINT('',(0.142,0.099,-0.0165));
#9733=CARTESIAN_POINT('',(0.142,0.099,-0.0165));
#9734=CARTESIAN_POINT('',(0.158,0.099,-0.0325));
#9735=CARTESIAN_POINT('',(0.158,0.,-0.0325));
#9736=CARTESIAN_POINT('',(0.158,0.,-0.0325));
#9737=CARTESIAN_POINT('',(0.158,0.099,-0.0325));
#9738=CARTESIAN_POINT('',(0.158,0.099,-0.0325));
#9739=CARTESIAN_POINT('',(0.158,0.099,-0.0325));
#9740=CARTESIAN_POINT('',(0.158,0.099,-0.0165));
#9741=CARTESIAN_POINT('',(0.158,0.,-0.0165));
#9742=CARTESIAN_POINT('',(0.158,0.,-0.0165));
#9743=CARTESIAN_POINT('',(0.158,0.099,-0.0165));
#9744=CARTESIAN_POINT('',(0.158,0.099,-0.0165));
#9745=CARTESIAN_POINT('',(0.158,0.099,-0.0165));
#9746=CARTESIAN_POINT('',(0.142,0.099,0.0175));
#9747=CARTESIAN_POINT('',(0.142,0.,0.0175));
#9748=CARTESIAN_POINT('',(0.142,0.,0.0175));
#9749=CARTESIAN_POINT('',(0.142,0.,0.0335));
#9750=CARTESIAN_POINT('',(0.142,0.099,0.0175));
#9751=CARTESIAN_POINT('',(0.142,0.099,0.0175));
#9752=CARTESIAN_POINT('',(0.142,0.099,0.0175));
#9753=CARTESIAN_POINT('',(0.142,0.099,0.0335));
#9754=CARTESIAN_POINT('',(0.142,0.099,0.0335));
#9755=CARTESIAN_POINT('',(0.158,0.099,0.0175));
#9756=CARTESIAN_POINT('',(0.158,0.,0.0175));
#9757=CARTESIAN_POINT('',(0.158,0.,0.0175));
#9758=CARTESIAN_POINT('',(0.158,0.099,0.0175));
#9759=CARTESIAN_POINT('',(0.158,0.099,0.0175));
#9760=CARTESIAN_POINT('',(0.158,0.099,0.0175));
#9761=CARTESIAN_POINT('',(0.158,0.099,0.0335));
#9762=CARTESIAN_POINT('',(0.158,0.,0.0335));
#9763=CARTESIAN_POINT('',(0.158,0.,0.0335));
#9764=CARTESIAN_POINT('',(0.158,0.099,0.0335));
#9765=CARTESIAN_POINT('',(0.158,0.099,0.0335));
#9766=CARTESIAN_POINT('',(0.158,0.099,0.0335));
#9767=CARTESIAN_POINT('',(0.108,0.099,-0.0325));
#9768=CARTESIAN_POINT('',(0.100000000000003,0.099,-0.0325));
#9769=CARTESIAN_POINT('',(0.100000000000003,0.,-0.0325));
#9770=CARTESIAN_POINT('',(0.100000000000003,0.005,-0.0325));
#9771=CARTESIAN_POINT('',(0.108,0.,-0.0325));
#9772=CARTESIAN_POINT('',(0.108,0.,-0.0325));
#9773=CARTESIAN_POINT('',(0.108,0.099,-0.0325));
#9774=CARTESIAN_POINT('',(0.108,0.099,-0.0325));
#9775=CARTESIAN_POINT('',(0.108,0.099,-0.0325));
#9776=CARTESIAN_POINT('',(0.108,0.005,-0.0325));
#9777=CARTESIAN_POINT('',(0.108,0.099,-0.0165));
#9778=CARTESIAN_POINT('',(0.108,0.,-0.0165));
#9779=CARTESIAN_POINT('',(0.108,0.,-0.0165));
#9780=CARTESIAN_POINT('',(0.108,0.099,-0.0165));
#9781=CARTESIAN_POINT('',(0.108,0.099,-0.0165));
#9782=CARTESIAN_POINT('',(0.108,0.099,-0.0165));
#9783=CARTESIAN_POINT('',(0.108,0.099,0.0175));
#9784=CARTESIAN_POINT('',(0.100000000000002,0.099,0.0175));
#9785=CARTESIAN_POINT('',(0.100000000000002,0.,0.0175));
#9786=CARTESIAN_POINT('',(0.100000000000002,0.005,0.0175));
#9787=CARTESIAN_POINT('',(0.108,0.,0.0175));
#9788=CARTESIAN_POINT('',(0.108,0.,0.0175));
#9789=CARTESIAN_POINT('',(0.108,0.099,0.0175));
#9790=CARTESIAN_POINT('',(0.108,0.099,0.0175));
#9791=CARTESIAN_POINT('',(0.108,0.099,0.0175));
#9792=CARTESIAN_POINT('',(0.108,0.005,0.0175));
#9793=CARTESIAN_POINT('',(0.108,0.099,0.0335));
#9794=CARTESIAN_POINT('',(0.108,0.,0.0335));
#9795=CARTESIAN_POINT('',(0.108,0.,0.0335));
#9796=CARTESIAN_POINT('',(0.108,0.099,0.0335));
#9797=CARTESIAN_POINT('',(0.108,0.099,0.0335));
#9798=CARTESIAN_POINT('',(0.108,0.099,0.0335));
#9799=CARTESIAN_POINT('',(-0.108,0.099,-0.0325));
#9800=CARTESIAN_POINT('',(-0.108,0.,-0.0325));
#9801=CARTESIAN_POINT('',(-0.108,0.,-0.0325));
#9802=CARTESIAN_POINT('',(-0.108,0.,-0.0165));
#9803=CARTESIAN_POINT('',(-0.108,0.099,-0.0325));
#9804=CARTESIAN_POINT('',(-0.108,0.099,-0.0325));
#9805=CARTESIAN_POINT('',(-0.108,0.099,-0.0325));
#9806=CARTESIAN_POINT('',(-0.108,0.099,-0.0165));
#9807=CARTESIAN_POINT('',(-0.108,0.099,-0.0165));
#9808=CARTESIAN_POINT('',(-0.092,0.099,-0.0325));
#9809=CARTESIAN_POINT('',(-0.1,0.099,-0.0325));
#9810=CARTESIAN_POINT('',(-0.1,0.005,-0.0325));
#9811=CARTESIAN_POINT('',(-0.1,0.,-0.0325));
#9812=CARTESIAN_POINT('',(-0.092,0.005,-0.0325));
#9813=CARTESIAN_POINT('',(-0.092,0.099,-0.0325));
#9814=CARTESIAN_POINT('',(-0.092,0.,-0.0325));
#9815=CARTESIAN_POINT('',(-0.108,0.099,0.0175));
#9816=CARTESIAN_POINT('',(-0.108,0.,0.0175));
#9817=CARTESIAN_POINT('',(-0.108,0.,0.0175));
#9818=CARTESIAN_POINT('',(-0.108,0.,0.0335));
#9819=CARTESIAN_POINT('',(-0.108,0.099,0.0175));
#9820=CARTESIAN_POINT('',(-0.108,0.099,0.0175));
#9821=CARTESIAN_POINT('',(-0.108,0.099,0.0175));
#9822=CARTESIAN_POINT('',(-0.108,0.099,0.0335));
#9823=CARTESIAN_POINT('',(-0.108,0.099,0.0335));
#9824=CARTESIAN_POINT('',(-0.092,0.099,0.0175));
#9825=CARTESIAN_POINT('',(-0.1,0.099,0.0175));
#9826=CARTESIAN_POINT('',(-0.1,0.005,0.0175));
#9827=CARTESIAN_POINT('',(-0.1,0.,0.0175));
#9828=CARTESIAN_POINT('',(-0.092,0.005,0.0175));
#9829=CARTESIAN_POINT('',(-0.092,0.099,0.0175));
#9830=CARTESIAN_POINT('',(-0.092,0.,0.0175));
#9831=CARTESIAN_POINT('',(-0.158,0.099,-0.0325));
#9832=CARTESIAN_POINT('',(-0.158,0.,-0.0325));
#9833=CARTESIAN_POINT('',(-0.158,0.,-0.0325));
#9834=CARTESIAN_POINT('',(-0.158,0.,-0.0165));
#9835=CARTESIAN_POINT('',(-0.158,0.099,-0.0325));
#9836=CARTESIAN_POINT('',(-0.158,0.099,-0.0325));
#9837=CARTESIAN_POINT('',(-0.158,0.099,-0.0325));
#9838=CARTESIAN_POINT('',(-0.158,0.099,-0.0165));
#9839=CARTESIAN_POINT('',(-0.158,0.099,-0.0165));
#9840=CARTESIAN_POINT('',(-0.142,0.099,-0.0325));
#9841=CARTESIAN_POINT('',(-0.142,0.,-0.0325));
#9842=CARTESIAN_POINT('',(-0.142,0.,-0.0325));
#9843=CARTESIAN_POINT('',(-0.142,0.099,-0.0325));
#9844=CARTESIAN_POINT('',(-0.142,0.099,-0.0325));
#9845=CARTESIAN_POINT('',(-0.142,0.099,-0.0325));
#9846=CARTESIAN_POINT('',(-0.142,0.099,-0.0165));
#9847=CARTESIAN_POINT('',(-0.142,0.,-0.0165));
#9848=CARTESIAN_POINT('',(-0.142,0.,-0.0165));
#9849=CARTESIAN_POINT('',(-0.142,0.099,-0.0165));
#9850=CARTESIAN_POINT('',(-0.142,0.099,-0.0165));
#9851=CARTESIAN_POINT('',(-0.142,0.099,-0.0165));
#9852=CARTESIAN_POINT('',(-0.158,0.099,0.0175));
#9853=CARTESIAN_POINT('',(-0.158,0.,0.0175));
#9854=CARTESIAN_POINT('',(-0.158,0.,0.0175));
#9855=CARTESIAN_POINT('',(-0.158,0.,0.0335));
#9856=CARTESIAN_POINT('',(-0.158,0.099,0.0175));
#9857=CARTESIAN_POINT('',(-0.158,0.099,0.0175));
#9858=CARTESIAN_POINT('',(-0.158,0.099,0.0175));
#9859=CARTESIAN_POINT('',(-0.158,0.099,0.0335));
#9860=CARTESIAN_POINT('',(-0.158,0.099,0.0335));
#9861=CARTESIAN_POINT('',(-0.142,0.099,0.0175));
#9862=CARTESIAN_POINT('',(-0.142,0.,0.0175));
#9863=CARTESIAN_POINT('',(-0.142,0.,0.0175));
#9864=CARTESIAN_POINT('',(-0.142,0.099,0.0175));
#9865=CARTESIAN_POINT('',(-0.142,0.099,0.0175));
#9866=CARTESIAN_POINT('',(-0.142,0.099,0.0175));
#9867=CARTESIAN_POINT('',(-0.142,0.099,0.0335));
#9868=CARTESIAN_POINT('',(-0.142,0.,0.0335));
#9869=CARTESIAN_POINT('',(-0.142,0.,0.0335));
#9870=CARTESIAN_POINT('',(-0.142,0.099,0.0335));
#9871=CARTESIAN_POINT('',(-0.142,0.099,0.0335));
#9872=CARTESIAN_POINT('',(-0.142,0.099,0.0335));
#9873=CARTESIAN_POINT('',(0.142,0.099,-0.0165));
#9874=CARTESIAN_POINT('',(0.142,0.,-0.0165));
#9875=CARTESIAN_POINT('',(0.142,0.099,-0.0165));
#9876=CARTESIAN_POINT('',(0.142,0.099,0.0335));
#9877=CARTESIAN_POINT('',(0.142,0.,0.0335));
#9878=CARTESIAN_POINT('',(0.142,0.099,0.0335));
#9879=CARTESIAN_POINT('',(0.092,0.099,-0.0165));
#9880=CARTESIAN_POINT('',(0.100000000000003,0.099,-0.0165));
#9881=CARTESIAN_POINT('',(0.100000000000003,0.005,-0.0165));
#9882=CARTESIAN_POINT('',(0.100000000000002,0.,-0.0165));
#9883=CARTESIAN_POINT('',(0.092,0.005,-0.0165));
#9884=CARTESIAN_POINT('',(0.092,0.099,-0.0165));
#9885=CARTESIAN_POINT('',(0.092,0.,-0.0165));
#9886=CARTESIAN_POINT('',(0.092,0.099,0.0335));
#9887=CARTESIAN_POINT('',(0.100000000000001,0.099,0.0335));
#9888=CARTESIAN_POINT('',(0.100000000000001,0.005,0.0335));
#9889=CARTESIAN_POINT('',(0.100000000000002,0.,0.0335));
#9890=CARTESIAN_POINT('',(0.092,0.005,0.0335));
#9891=CARTESIAN_POINT('',(0.092,0.099,0.0335));
#9892=CARTESIAN_POINT('',(0.092,0.,0.0335));
#9893=CARTESIAN_POINT('',(-0.108,0.099,-0.0165));
#9894=CARTESIAN_POINT('',(-0.1,0.099,-0.0165));
#9895=CARTESIAN_POINT('',(-0.1,0.,-0.0165));
#9896=CARTESIAN_POINT('',(-0.1,0.005,-0.0165));
#9897=CARTESIAN_POINT('',(-0.108,0.,-0.0165));
#9898=CARTESIAN_POINT('',(-0.108,0.099,-0.0165));
#9899=CARTESIAN_POINT('',(-0.108,0.005,-0.0165));
#9900=CARTESIAN_POINT('',(-0.108,0.099,0.0335));
#9901=CARTESIAN_POINT('',(-0.1,0.099,0.0335));
#9902=CARTESIAN_POINT('',(-0.1,0.,0.0335));
#9903=CARTESIAN_POINT('',(-0.1,0.005,0.0335));
#9904=CARTESIAN_POINT('',(-0.108,0.,0.0335));
#9905=CARTESIAN_POINT('',(-0.108,0.099,0.0335));
#9906=CARTESIAN_POINT('',(-0.108,0.005,0.0335));
#9907=CARTESIAN_POINT('',(-0.158,0.099,-0.0165));
#9908=CARTESIAN_POINT('',(-0.158,0.,-0.0165));
#9909=CARTESIAN_POINT('',(-0.158,0.099,-0.0165));
#9910=CARTESIAN_POINT('',(-0.158,0.099,0.0335));
#9911=CARTESIAN_POINT('',(-0.158,0.,0.0335));
#9912=CARTESIAN_POINT('',(-0.158,0.099,0.0335));
#9913=CARTESIAN_POINT('',(0.175,0.099,-0.0675));
#9914=CARTESIAN_POINT('',(0.175,0.0745,-0.067500000000002));
#9915=CARTESIAN_POINT('',(0.1,0.0745,-0.067500000000002));
#9916=CARTESIAN_POINT('',(0.1,0.225,-0.0675));
#9917=CARTESIAN_POINT('',(0.1,0.099,-0.0675));
#9918=CARTESIAN_POINT('',(0.175,0.099,-0.0675));
#9919=CARTESIAN_POINT('',(0.,0.099,0.));
#9920=CARTESIAN_POINT('',(-0.0425,0.099,0.2925));
#9921=CARTESIAN_POINT('',(0.0425,0.099,0.2925));
#9922=CARTESIAN_POINT('',(0.,0.099,-0.0675));
#9923=CARTESIAN_POINT('',(0.,0.,0.));
#9924=CARTESIAN_POINT('',(-0.1,0.,0.1));
#9925=CARTESIAN_POINT('',(-0.1,0.,0.1));
#9926=CARTESIAN_POINT('',(0.100000000000005,0.,-0.1));
#9927=CARTESIAN_POINT('',(0.100000000000005,0.,-0.1));
#9928=CARTESIAN_POINT('',(0.100000000000005,0.,-0.1));
#9929=CARTESIAN_POINT('',(-0.1,0.,0.1));
#9930=CARTESIAN_POINT('',(-0.1,0.,0.1));
#9931=CARTESIAN_POINT('',(-0.1,0.,-0.1));
#9932=CARTESIAN_POINT('',(-0.1,0.,-0.1));
#9933=CARTESIAN_POINT('',(0.100000000000005,0.,-0.1));
#9934=CARTESIAN_POINT('',(0.100000000000005,0.,-0.1));
#9935=CARTESIAN_POINT('',(0.175,0.0745,0.0575));
#9936=CARTESIAN_POINT('',(0.175,0.0245,0.0575));
#9937=CARTESIAN_POINT('',(0.175,0.0745,0.0575));
#9938=CARTESIAN_POINT('',(0.175,0.0245,0.0575));
#9939=CARTESIAN_POINT('',(0.175,0.0245,0.0675));
#9940=CARTESIAN_POINT('',(0.175,0.0745,0.067500000000002));
#9941=CARTESIAN_POINT('',(0.175,0.0745,0.0675));
#9942=CARTESIAN_POINT('',(0.175,0.0245,-0.067500000000002));
#9943=CARTESIAN_POINT('',(0.175,0.0245,-0.0575));
#9944=CARTESIAN_POINT('',(0.175,0.0245,-0.0675));
#9945=CARTESIAN_POINT('',(0.175,0.0245,-0.0575));
#9946=CARTESIAN_POINT('',(0.175,0.0745,-0.0575));
#9947=CARTESIAN_POINT('',(0.175,0.0745,-0.0575));
#9948=CARTESIAN_POINT('',(0.175,0.0745,-0.0675));
#9949=CARTESIAN_POINT('',(0.,0.005,0.));
#9950=CARTESIAN_POINT('',(-0.1,0.005,0.1));
#9951=CARTESIAN_POINT('',(-0.1,0.005,0.1));
#9952=CARTESIAN_POINT('',(0.,0.005,0.));
#9953=CARTESIAN_POINT('',(-0.1,0.005,0.1));
#9954=CARTESIAN_POINT('',(-0.1,0.005,0.1));
#9955=CARTESIAN_POINT('',(0.,0.005,0.));
#9956=CARTESIAN_POINT('',(0.,0.005,0.));
#9957=CARTESIAN_POINT('',(0.,0.005,0.));
#9958=CARTESIAN_POINT('',(0.,0.005,0.));
#9959=CARTESIAN_POINT('',(0.,0.005,0.));
#9960=CARTESIAN_POINT('',(0.,0.005,0.));
#9961=CARTESIAN_POINT('',(0.,0.005,0.));
#9962=CARTESIAN_POINT('',(0.100000000000005,0.005,-0.1));
#9963=CARTESIAN_POINT('',(0.100000000000005,0.005,-0.1));
#9964=CARTESIAN_POINT('',(0.,0.005,0.));
#9965=CARTESIAN_POINT('',(0.100000000000005,0.005,-0.1));
#9966=CARTESIAN_POINT('',(0.100000000000005,0.005,-0.1));
#9967=CARTESIAN_POINT('',(0.100000000000005,0.005,-0.1));
#9968=CARTESIAN_POINT('',(0.1,0.225,0.0675));
#9969=CARTESIAN_POINT('',(-0.1,0.005,0.1));
#9970=CARTESIAN_POINT('',(-0.1,0.225,0.0675));
#9971=CARTESIAN_POINT('',(-0.1,0.005,0.1));
#9972=CARTESIAN_POINT('',(-0.1,0.225,-0.0675));
#9973=CARTESIAN_POINT('',(-0.1,0.225,-0.0675));
#9974=CARTESIAN_POINT('',(-0.1,0.225,-0.0675));
#9975=CARTESIAN_POINT('',(-0.1,0.225,-0.0675));
#9976=CARTESIAN_POINT('',(-0.1,0.225,-0.1));
#9977=CARTESIAN_POINT('',(-0.1,0.005,-0.1));
#9978=CARTESIAN_POINT('',(0.100000000000005,0.005,-0.1));
#9979=CARTESIAN_POINT('',(0.100000000000005,0.005,-0.1));
#9980=CARTESIAN_POINT('',(0.1,0.225,-0.1));
#9981=CARTESIAN_POINT('',(0.1,0.225,-0.1));
#9982=CARTESIAN_POINT('',(0.1,0.225,-0.0675));
#9983=CARTESIAN_POINT('',(0.1,0.225,-0.0675));
#9984=CARTESIAN_POINT('',(0.1,0.225,-0.0675));
#9985=CARTESIAN_POINT('',(-0.1,0.005,-0.1));
#9986=CARTESIAN_POINT('',(-0.1,0.225,-0.1));
#9987=CARTESIAN_POINT('',(0.1,0.225,-0.0675));
#9988=CARTESIAN_POINT('',(0.1,0.225,-0.0675));
#9989=CARTESIAN_POINT('',(0.1,0.225,-0.0675));
#9990=CARTESIAN_POINT('',(0.,0.225,0.));
#9991=CARTESIAN_POINT('',(-0.1,0.225,0.0675));
#9992=CARTESIAN_POINT('',(-0.0525,0.225,0.2925));
#9993=CARTESIAN_POINT('',(-0.0425,0.205,0.2925));
#9994=CARTESIAN_POINT('',(-0.0425,0.205,0.2925));
#9995=CARTESIAN_POINT('',(0.0425,0.099,0.2925));
#9996=CARTESIAN_POINT('',(0.0425,0.205,0.2925));
#9997=CARTESIAN_POINT('',(0.0425,0.205,0.2925));
#9998=CARTESIAN_POINT('',(0.,0.,0.));
#9999=CARTESIAN_POINT('',(0.158,0.21,-0.032999999999998));
#10000=CARTESIAN_POINT('',(-0.142,0.21,-0.032999999999998));
#10001=CARTESIAN_POINT('',(-0.142,0.099,-0.032999999999998));
#10002=CARTESIAN_POINT('',(-0.142,0.21,-0.032999999999998));
#10003=CARTESIAN_POINT('',(0.158,0.099,-0.032999999999998));
#10004=CARTESIAN_POINT('',(-0.158,0.099,-0.032999999999998));
#10005=CARTESIAN_POINT('',(-0.158,0.21,-0.032999999999998));
#10006=CARTESIAN_POINT('',(-0.158,0.21,-0.032999999999998));
#10007=CARTESIAN_POINT('',(0.158,0.21,-0.032999999999998));
#10008=CARTESIAN_POINT('',(0.158,0.21,-0.032999999999998));
#10009=CARTESIAN_POINT('',(-0.108,0.21,-0.032999999999998));
#10010=CARTESIAN_POINT('',(-0.108,0.21,-0.032999999999998));
#10011=CARTESIAN_POINT('',(-0.108,0.099,-0.032999999999998));
#10012=CARTESIAN_POINT('',(0.158,0.21,-0.032999999999998));
#10013=CARTESIAN_POINT('',(-0.092,0.21,-0.032999999999998));
#10014=CARTESIAN_POINT('',(-0.092,0.21,-0.032999999999998));
#10015=CARTESIAN_POINT('',(-0.092,0.099,-0.032999999999998));
#10016=CARTESIAN_POINT('',(0.158,0.099,-0.032999999999998));
#10017=CARTESIAN_POINT('',(0.158,0.21,-0.032999999999998));
#10018=CARTESIAN_POINT('',(-0.058,0.21,-0.032999999999998));
#10019=CARTESIAN_POINT('',(-0.058,0.21,-0.032999999999998));
#10020=CARTESIAN_POINT('',(-0.058,0.099,-0.032999999999998));
#10021=CARTESIAN_POINT('',(0.158,0.21,-0.032999999999998));
#10022=CARTESIAN_POINT('',(-0.042,0.21,-0.0329999999999979));
#10023=CARTESIAN_POINT('',(-0.042,0.21,-0.032999999999998));
#10024=CARTESIAN_POINT('',(-0.042,0.099,-0.032999999999998));
#10025=CARTESIAN_POINT('',(0.158,0.099,-0.032999999999998));
#10026=CARTESIAN_POINT('',(0.158,0.21,-0.032999999999998));
#10027=CARTESIAN_POINT('',(-0.00799999999999999,0.21,-0.032999999999998));
#10028=CARTESIAN_POINT('',(-0.00799999999999999,0.21,-0.0329999999999979));
#10029=CARTESIAN_POINT('',(-0.00799999999999999,0.099,-0.032999999999998));
#10030=CARTESIAN_POINT('',(0.158,0.21,-0.032999999999998));
#10031=CARTESIAN_POINT('',(0.00799999999999998,0.21,-0.032999999999998));
#10032=CARTESIAN_POINT('',(0.00799999999999999,0.21,-0.032999999999998));
#10033=CARTESIAN_POINT('',(0.00799999999999999,0.099,-0.032999999999998));
#10034=CARTESIAN_POINT('',(0.158,0.099,-0.032999999999998));
#10035=CARTESIAN_POINT('',(0.158,0.21,-0.032999999999998));
#10036=CARTESIAN_POINT('',(0.042,0.21,-0.032999999999998));
#10037=CARTESIAN_POINT('',(0.042,0.21,-0.032999999999998));
#10038=CARTESIAN_POINT('',(0.042,0.099,-0.032999999999998));
#10039=CARTESIAN_POINT('',(0.158,0.21,-0.032999999999998));
#10040=CARTESIAN_POINT('',(0.058,0.21,-0.032999999999998));
#10041=CARTESIAN_POINT('',(0.058,0.21,-0.032999999999998));
#10042=CARTESIAN_POINT('',(0.058,0.099,-0.032999999999998));
#10043=CARTESIAN_POINT('',(0.158,0.099,-0.032999999999998));
#10044=CARTESIAN_POINT('',(0.158,0.21,-0.032999999999998));
#10045=CARTESIAN_POINT('',(0.092,0.21,-0.032999999999998));
#10046=CARTESIAN_POINT('',(0.092,0.21,-0.032999999999998));
#10047=CARTESIAN_POINT('',(0.092,0.099,-0.032999999999998));
#10048=CARTESIAN_POINT('',(0.158,0.21,-0.032999999999998));
#10049=CARTESIAN_POINT('',(0.108,0.21,-0.032999999999998));
#10050=CARTESIAN_POINT('',(0.108,0.21,-0.032999999999998));
#10051=CARTESIAN_POINT('',(0.108,0.099,-0.032999999999998));
#10052=CARTESIAN_POINT('',(0.158,0.099,-0.032999999999998));
#10053=CARTESIAN_POINT('',(0.158,0.099,0.033000000000001));
#10054=CARTESIAN_POINT('',(-0.142,0.099,0.033000000000001));
#10055=CARTESIAN_POINT('',(-0.142,0.21,0.0330000000000011));
#10056=CARTESIAN_POINT('',(-0.142,0.099,0.033000000000001));
#10057=CARTESIAN_POINT('',(0.158,0.21,0.033000000000001));
#10058=CARTESIAN_POINT('',(-0.158,0.21,0.033000000000001));
#10059=CARTESIAN_POINT('',(-0.158,0.099,0.033000000000001));
#10060=CARTESIAN_POINT('',(-0.158,0.099,0.033000000000001));
#10061=CARTESIAN_POINT('',(0.158,0.099,0.033000000000001));
#10062=CARTESIAN_POINT('',(0.158,0.099,0.033000000000001));
#10063=CARTESIAN_POINT('',(-0.108,0.099,0.033000000000001));
#10064=CARTESIAN_POINT('',(-0.108,0.099,0.033000000000001));
#10065=CARTESIAN_POINT('',(-0.108,0.21,0.0330000000000011));
#10066=CARTESIAN_POINT('',(0.158,0.099,0.033000000000001));
#10067=CARTESIAN_POINT('',(-0.092,0.099,0.033000000000001));
#10068=CARTESIAN_POINT('',(-0.092,0.099,0.033000000000001));
#10069=CARTESIAN_POINT('',(-0.092,0.21,0.0330000000000009));
#10070=CARTESIAN_POINT('',(0.158,0.21,0.033000000000001));
#10071=CARTESIAN_POINT('',(0.158,0.099,0.033000000000001));
#10072=CARTESIAN_POINT('',(-0.058,0.099,0.033000000000001));
#10073=CARTESIAN_POINT('',(-0.058,0.099,0.033000000000001));
#10074=CARTESIAN_POINT('',(-0.058,0.21,0.033000000000001));
#10075=CARTESIAN_POINT('',(0.158,0.099,0.033000000000001));
#10076=CARTESIAN_POINT('',(-0.042,0.099,0.033000000000001));
#10077=CARTESIAN_POINT('',(-0.042,0.099,0.033000000000001));
#10078=CARTESIAN_POINT('',(-0.042,0.21,0.033000000000001));
#10079=CARTESIAN_POINT('',(0.158,0.21,0.033000000000001));
#10080=CARTESIAN_POINT('',(0.158,0.099,0.033000000000001));
#10081=CARTESIAN_POINT('',(-0.00799999999999999,0.099,0.033000000000001));
#10082=CARTESIAN_POINT('',(-0.00799999999999999,0.099,0.033000000000001));
#10083=CARTESIAN_POINT('',(-0.00800000000000001,0.21,0.033000000000001));
#10084=CARTESIAN_POINT('',(0.158,0.099,0.033000000000001));
#10085=CARTESIAN_POINT('',(0.00799999999999999,0.099,0.033000000000001));
#10086=CARTESIAN_POINT('',(0.00799999999999999,0.099,0.033000000000001));
#10087=CARTESIAN_POINT('',(0.008,0.21,0.0330000000000011));
#10088=CARTESIAN_POINT('',(0.158,0.21,0.033000000000001));
#10089=CARTESIAN_POINT('',(0.158,0.099,0.033000000000001));
#10090=CARTESIAN_POINT('',(0.042,0.099,0.033000000000001));
#10091=CARTESIAN_POINT('',(0.042,0.099,0.033000000000001));
#10092=CARTESIAN_POINT('',(0.042,0.21,0.0330000000000011));
#10093=CARTESIAN_POINT('',(0.158,0.099,0.033000000000001));
#10094=CARTESIAN_POINT('',(0.058,0.099,0.033000000000001));
#10095=CARTESIAN_POINT('',(0.058,0.099,0.033000000000001));
#10096=CARTESIAN_POINT('',(0.058,0.21,0.0330000000000011));
#10097=CARTESIAN_POINT('',(0.158,0.21,0.033000000000001));
#10098=CARTESIAN_POINT('',(0.158,0.099,0.033000000000001));
#10099=CARTESIAN_POINT('',(0.092,0.099,0.033000000000001));
#10100=CARTESIAN_POINT('',(0.092,0.099,0.033000000000001));
#10101=CARTESIAN_POINT('',(0.092,0.21,0.0330000000000011));
#10102=CARTESIAN_POINT('',(0.158,0.099,0.033000000000001));
#10103=CARTESIAN_POINT('',(0.108,0.099,0.033000000000001));
#10104=CARTESIAN_POINT('',(0.108,0.099,0.033000000000001));
#10105=CARTESIAN_POINT('',(0.108,0.21,0.033000000000001));
#10106=CARTESIAN_POINT('',(0.158,0.21,0.033000000000001));
#10107=CARTESIAN_POINT('',(0.158,0.21,0.033000000000001));
#10108=CARTESIAN_POINT('',(-0.094799999999931,0.319465611038401,-0.030200000000019));
#10109=CARTESIAN_POINT('',(-0.15280384757729,0.219,0.027803847577295));
#10110=CARTESIAN_POINT('',(-0.0819999999999351,0.106076951545822,0.0930000000000197));
#10111=CARTESIAN_POINT('',(-0.14719615242271,0.219,0.027803847577295));
#10112=CARTESIAN_POINT('',(0.158,0.219,0.027803847577295));
#10113=CARTESIAN_POINT('',(0.158,0.21,0.033000000000001));
#10114=CARTESIAN_POINT('',(-0.0547999999999425,0.302145102962704,-0.0202000000000156));
#10115=CARTESIAN_POINT('',(-0.10280384757729,0.219,0.027803847577295));
#10116=CARTESIAN_POINT('',(-0.0419999999999465,0.123397459621519,0.0830000000000164));
#10117=CARTESIAN_POINT('',(-0.09719615242271,0.219,0.027803847577295));
#10118=CARTESIAN_POINT('',(0.158,0.219,0.027803847577295));
#10119=CARTESIAN_POINT('',(0.158,0.21,0.033000000000001));
#10120=CARTESIAN_POINT('',(-0.0147999999999535,0.284824594887008,-0.0102000000000124));
#10121=CARTESIAN_POINT('',(-0.05280384757729,0.219,0.027803847577295));
#10122=CARTESIAN_POINT('',(-0.00199999999995701,0.140717967697215,0.0730000000000134));
#10123=CARTESIAN_POINT('',(-0.04719615242271,0.219,0.027803847577295));
#10124=CARTESIAN_POINT('',(0.158,0.219,0.027803847577295));
#10125=CARTESIAN_POINT('',(0.158,0.21,0.033000000000001));
#10126=CARTESIAN_POINT('',(0.0252000000000357,0.267504086811312,-0.0002000000000093));
#10127=CARTESIAN_POINT('',(-0.00280384757729002,0.219,0.027803847577295));
#10128=CARTESIAN_POINT('',(0.0380000000000323,0.158038475772911,0.0630000000000103));
#10129=CARTESIAN_POINT('',(0.00280384757728999,0.219,0.027803847577295));
#10130=CARTESIAN_POINT('',(0.158,0.219,0.027803847577295));
#10131=CARTESIAN_POINT('',(0.158,0.21,0.033000000000001));
#10132=CARTESIAN_POINT('',(0.065200000000025,0.250183578735615,0.00979999999999378));
#10133=CARTESIAN_POINT('',(0.04719615242271,0.219,0.027803847577295));
#10134=CARTESIAN_POINT('',(0.0780000000000215,0.175358983848607,0.0530000000000072));
#10135=CARTESIAN_POINT('',(0.05280384757729,0.219,0.027803847577295));
#10136=CARTESIAN_POINT('',(0.158,0.219,0.027803847577295));
#10137=CARTESIAN_POINT('',(0.158,0.21,0.033000000000001));
#10138=CARTESIAN_POINT('',(0.105200000000014,0.232863070659919,0.0197999999999969));
#10139=CARTESIAN_POINT('',(0.09719615242271,0.219,0.027803847577295));
#10140=CARTESIAN_POINT('',(0.118000000000011,0.192679491924304,0.0430000000000041));
#10141=CARTESIAN_POINT('',(0.10280384757729,0.219,0.027803847577295));
#10142=CARTESIAN_POINT('',(0.158,0.219,0.027803847577295));
#10143=CARTESIAN_POINT('',(0.158,0.219,0.027803847577295));
#10144=CARTESIAN_POINT('',(-0.15280384757729,0.219,0.5));
#10145=CARTESIAN_POINT('',(-0.15280384757729,0.219,0.022196152422708));
#10146=CARTESIAN_POINT('',(-0.14719615242271,0.219,0.5));
#10147=CARTESIAN_POINT('',(-0.14719615242271,0.219,0.022196152422708));
#10148=CARTESIAN_POINT('',(0.158,0.219,0.022196152422708));
#10149=CARTESIAN_POINT('',(0.158,0.219,0.027803847577295));
#10150=CARTESIAN_POINT('',(-0.10280384757729,0.219,0.5));
#10151=CARTESIAN_POINT('',(-0.10280384757729,0.219,0.022196152422708));
#10152=CARTESIAN_POINT('',(-0.09719615242271,0.219,0.5));
#10153=CARTESIAN_POINT('',(-0.09719615242271,0.219,0.022196152422708));
#10154=CARTESIAN_POINT('',(0.158,0.219,0.022196152422708));
#10155=CARTESIAN_POINT('',(0.158,0.219,0.027803847577295));
#10156=CARTESIAN_POINT('',(-0.05280384757729,0.219,0.5));
#10157=CARTESIAN_POINT('',(-0.05280384757729,0.219,0.022196152422708));
#10158=CARTESIAN_POINT('',(-0.04719615242271,0.219,0.5));
#10159=CARTESIAN_POINT('',(-0.04719615242271,0.219,0.022196152422708));
#10160=CARTESIAN_POINT('',(0.158,0.219,0.022196152422708));
#10161=CARTESIAN_POINT('',(0.158,0.219,0.027803847577295));
#10162=CARTESIAN_POINT('',(-0.00280384757729002,0.219,0.5));
#10163=CARTESIAN_POINT('',(-0.00280384757729002,0.219,0.022196152422708));
#10164=CARTESIAN_POINT('',(0.00280384757728999,0.219,0.5));
#10165=CARTESIAN_POINT('',(0.00280384757729,0.219,0.022196152422708));
#10166=CARTESIAN_POINT('',(0.158,0.219,0.022196152422708));
#10167=CARTESIAN_POINT('',(0.158,0.219,0.027803847577295));
#10168=CARTESIAN_POINT('',(0.04719615242271,0.219,0.5));
#10169=CARTESIAN_POINT('',(0.04719615242271,0.219,0.022196152422708));
#10170=CARTESIAN_POINT('',(0.05280384757729,0.219,0.5));
#10171=CARTESIAN_POINT('',(0.05280384757729,0.219,0.022196152422708));
#10172=CARTESIAN_POINT('',(0.158,0.219,0.022196152422708));
#10173=CARTESIAN_POINT('',(0.158,0.219,0.027803847577295));
#10174=CARTESIAN_POINT('',(0.09719615242271,0.219,0.5));
#10175=CARTESIAN_POINT('',(0.09719615242271,0.219,0.022196152422708));
#10176=CARTESIAN_POINT('',(0.10280384757729,0.219,0.5));
#10177=CARTESIAN_POINT('',(0.10280384757729,0.219,0.0221961524227079));
#10178=CARTESIAN_POINT('',(0.158,0.219,0.022196152422708));
#10179=CARTESIAN_POINT('',(0.158,0.219,0.022196152422708));
#10180=CARTESIAN_POINT('',(-0.0906430780617689,0.326665611038391,0.0843569219381928));
#10181=CARTESIAN_POINT('',(-0.158,0.21,0.017000000000001));
#10182=CARTESIAN_POINT('',(-0.0861569219381067,0.113276951545828,-0.0388430780618601));
#10183=CARTESIAN_POINT('',(-0.142,0.21,0.017000000000001));
#10184=CARTESIAN_POINT('',(0.158,0.21,0.017000000000001));
#10185=CARTESIAN_POINT('',(0.158,0.219,0.022196152422708));
#10186=CARTESIAN_POINT('',(-0.0506430780617796,0.309345102962696,0.0743569219381883));
#10187=CARTESIAN_POINT('',(-0.108,0.21,0.017000000000001));
#10188=CARTESIAN_POINT('',(-0.0461569219381172,0.130597459621524,-0.0288430780618556));
#10189=CARTESIAN_POINT('',(-0.092,0.21,0.017000000000001));
#10190=CARTESIAN_POINT('',(0.158,0.21,0.017000000000001));
#10191=CARTESIAN_POINT('',(0.158,0.219,0.022196152422708));
#10192=CARTESIAN_POINT('',(-0.0106430780617899,0.292024594887,0.0643569219381839));
#10193=CARTESIAN_POINT('',(-0.058,0.21,0.017000000000001));
#10194=CARTESIAN_POINT('',(-0.006156921938127,0.147917967697218,-0.0188430780618514));
#10195=CARTESIAN_POINT('',(-0.042,0.21,0.017000000000001));
#10196=CARTESIAN_POINT('',(0.158,0.21,0.017000000000001));
#10197=CARTESIAN_POINT('',(0.158,0.219,0.022196152422708));
#10198=CARTESIAN_POINT('',(0.0293569219382001,0.274704086811305,0.0543569219381797));
#10199=CARTESIAN_POINT('',(-0.00799999999999999,0.21,0.017000000000001));
#10200=CARTESIAN_POINT('',(0.0338430780618631,0.165238475772913,-0.00884307806184722));
#10201=CARTESIAN_POINT('',(0.00799999999999998,0.21,0.017000000000001));
#10202=CARTESIAN_POINT('',(0.158,0.21,0.017000000000001));
#10203=CARTESIAN_POINT('',(0.158,0.219,0.022196152422708));
#10204=CARTESIAN_POINT('',(0.0693569219381902,0.257383578735611,0.0443569219381754));
#10205=CARTESIAN_POINT('',(0.042,0.21,0.017000000000001));
#10206=CARTESIAN_POINT('',(0.0738430780618531,0.182558983848608,0.00115692193815704));
#10207=CARTESIAN_POINT('',(0.058,0.21,0.017000000000001));
#10208=CARTESIAN_POINT('',(0.158,0.21,0.017000000000001));
#10209=CARTESIAN_POINT('',(0.158,0.219,0.022196152422708));
#10210=CARTESIAN_POINT('',(0.10935692193818,0.240063070659916,0.0343569219381712));
#10211=CARTESIAN_POINT('',(0.092,0.21,0.017000000000001));
#10212=CARTESIAN_POINT('',(0.113843078061843,0.199879491924303,0.0111569219381613));
#10213=CARTESIAN_POINT('',(0.108,0.21,0.017000000000001));
#10214=CARTESIAN_POINT('',(0.158,0.21,0.017000000000001));
#10215=CARTESIAN_POINT('',(0.158,0.21,0.017000000000001));
#10216=CARTESIAN_POINT('',(-0.142,0.21,0.017000000000001));
#10217=CARTESIAN_POINT('',(-0.142,0.089,0.017000000000001));
#10218=CARTESIAN_POINT('',(0.158,0.089,0.017000000000001));
#10219=CARTESIAN_POINT('',(-0.158,0.089,0.017000000000001));
#10220=CARTESIAN_POINT('',(-0.158,0.21,0.017000000000001));
#10221=CARTESIAN_POINT('',(0.158,0.21,0.017000000000001));
#10222=CARTESIAN_POINT('',(-0.108,0.21,0.017000000000001));
#10223=CARTESIAN_POINT('',(-0.108,0.089,0.017000000000001));
#10224=CARTESIAN_POINT('',(-0.092,0.21,0.017000000000001));
#10225=CARTESIAN_POINT('',(-0.092,0.089,0.017000000000001));
#10226=CARTESIAN_POINT('',(0.158,0.089,0.017000000000001));
#10227=CARTESIAN_POINT('',(0.158,0.21,0.017000000000001));
#10228=CARTESIAN_POINT('',(-0.058,0.21,0.017000000000001));
#10229=CARTESIAN_POINT('',(-0.058,0.089,0.017000000000001));
#10230=CARTESIAN_POINT('',(-0.042,0.21,0.017000000000001));
#10231=CARTESIAN_POINT('',(-0.042,0.089,0.017000000000001));
#10232=CARTESIAN_POINT('',(0.158,0.089,0.017000000000001));
#10233=CARTESIAN_POINT('',(0.158,0.21,0.017000000000001));
#10234=CARTESIAN_POINT('',(-0.00799999999999999,0.21,0.017000000000001));
#10235=CARTESIAN_POINT('',(-0.008,0.089,0.017000000000001));
#10236=CARTESIAN_POINT('',(0.00799999999999999,0.21,0.017000000000001));
#10237=CARTESIAN_POINT('',(0.00799999999999998,0.089,0.017000000000001));
#10238=CARTESIAN_POINT('',(0.158,0.089,0.017000000000001));
#10239=CARTESIAN_POINT('',(0.158,0.21,0.017000000000001));
#10240=CARTESIAN_POINT('',(0.042,0.21,0.017000000000001));
#10241=CARTESIAN_POINT('',(0.042,0.089,0.017000000000001));
#10242=CARTESIAN_POINT('',(0.058,0.21,0.017000000000001));
#10243=CARTESIAN_POINT('',(0.058,0.089,0.017000000000001));
#10244=CARTESIAN_POINT('',(0.158,0.089,0.017000000000001));
#10245=CARTESIAN_POINT('',(0.158,0.21,0.017000000000001));
#10246=CARTESIAN_POINT('',(0.092,0.21,0.017000000000001));
#10247=CARTESIAN_POINT('',(0.092,0.089,0.017000000000001));
#10248=CARTESIAN_POINT('',(0.108,0.21,0.017000000000001));
#10249=CARTESIAN_POINT('',(0.108,0.089,0.017000000000001));
#10250=CARTESIAN_POINT('',(0.158,0.089,0.017000000000001));
#10251=CARTESIAN_POINT('',(0.158,0.089,-0.016999999999999));
#10252=CARTESIAN_POINT('',(-0.142,0.089,-0.016999999999999));
#10253=CARTESIAN_POINT('',(-0.142,0.21,-0.0169999999999991));
#10254=CARTESIAN_POINT('',(-0.142,0.089,-0.016999999999999));
#10255=CARTESIAN_POINT('',(0.158,0.21,-0.016999999999999));
#10256=CARTESIAN_POINT('',(-0.158,0.21,-0.016999999999999));
#10257=CARTESIAN_POINT('',(-0.158,0.089,-0.016999999999999));
#10258=CARTESIAN_POINT('',(-0.158,0.089,-0.016999999999999));
#10259=CARTESIAN_POINT('',(0.158,0.089,-0.016999999999999));
#10260=CARTESIAN_POINT('',(0.158,0.089,-0.016999999999999));
#10261=CARTESIAN_POINT('',(-0.108,0.089,-0.016999999999999));
#10262=CARTESIAN_POINT('',(-0.108,0.089,-0.016999999999999));
#10263=CARTESIAN_POINT('',(-0.108,0.21,-0.0169999999999992));
#10264=CARTESIAN_POINT('',(0.158,0.089,-0.016999999999999));
#10265=CARTESIAN_POINT('',(-0.092,0.089,-0.016999999999999));
#10266=CARTESIAN_POINT('',(-0.092,0.089,-0.016999999999999));
#10267=CARTESIAN_POINT('',(-0.092,0.21,-0.0169999999999991));
#10268=CARTESIAN_POINT('',(0.158,0.21,-0.016999999999999));
#10269=CARTESIAN_POINT('',(0.158,0.089,-0.016999999999999));
#10270=CARTESIAN_POINT('',(-0.058,0.089,-0.016999999999999));
#10271=CARTESIAN_POINT('',(-0.058,0.089,-0.016999999999999));
#10272=CARTESIAN_POINT('',(-0.0579999999999999,0.21,-0.0169999999999991));
#10273=CARTESIAN_POINT('',(0.158,0.089,-0.016999999999999));
#10274=CARTESIAN_POINT('',(-0.042,0.089,-0.016999999999999));
#10275=CARTESIAN_POINT('',(-0.042,0.089,-0.016999999999999));
#10276=CARTESIAN_POINT('',(-0.042,0.21,-0.0169999999999991));
#10277=CARTESIAN_POINT('',(0.158,0.21,-0.016999999999999));
#10278=CARTESIAN_POINT('',(0.158,0.089,-0.016999999999999));
#10279=CARTESIAN_POINT('',(-0.00799999999999999,0.089,-0.016999999999999));
#10280=CARTESIAN_POINT('',(-0.008,0.089,-0.016999999999999));
#10281=CARTESIAN_POINT('',(-0.00799999999999996,0.21,-0.0169999999999991));
#10282=CARTESIAN_POINT('',(0.158,0.089,-0.016999999999999));
#10283=CARTESIAN_POINT('',(0.00799999999999998,0.089,-0.016999999999999));
#10284=CARTESIAN_POINT('',(0.00799999999999999,0.089,-0.016999999999999));
#10285=CARTESIAN_POINT('',(0.00799999999999999,0.21,-0.016999999999999));
#10286=CARTESIAN_POINT('',(0.158,0.21,-0.016999999999999));
#10287=CARTESIAN_POINT('',(0.158,0.089,-0.016999999999999));
#10288=CARTESIAN_POINT('',(0.042,0.089,-0.016999999999999));
#10289=CARTESIAN_POINT('',(0.042,0.089,-0.016999999999999));
#10290=CARTESIAN_POINT('',(0.042,0.21,-0.0169999999999991));
#10291=CARTESIAN_POINT('',(0.158,0.089,-0.016999999999999));
#10292=CARTESIAN_POINT('',(0.058,0.089,-0.016999999999999));
#10293=CARTESIAN_POINT('',(0.058,0.089,-0.016999999999999));
#10294=CARTESIAN_POINT('',(0.058,0.21,-0.016999999999999));
#10295=CARTESIAN_POINT('',(0.158,0.21,-0.016999999999999));
#10296=CARTESIAN_POINT('',(0.158,0.089,-0.016999999999999));
#10297=CARTESIAN_POINT('',(0.092,0.089,-0.016999999999999));
#10298=CARTESIAN_POINT('',(0.092,0.089,-0.016999999999999));
#10299=CARTESIAN_POINT('',(0.092,0.21,-0.0169999999999991));
#10300=CARTESIAN_POINT('',(0.158,0.089,-0.016999999999999));
#10301=CARTESIAN_POINT('',(0.108,0.089,-0.016999999999999));
#10302=CARTESIAN_POINT('',(0.108,0.089,-0.016999999999999));
#10303=CARTESIAN_POINT('',(0.108,0.21,-0.0169999999999991));
#10304=CARTESIAN_POINT('',(0.158,0.21,-0.016999999999999));
#10305=CARTESIAN_POINT('',(0.158,0.21,-0.016999999999999));
#10306=CARTESIAN_POINT('',(-0.094799999999931,0.319465611038401,-0.080200000000019));
#10307=CARTESIAN_POINT('',(-0.15280384757729,0.219,-0.022196152422705));
#10308=CARTESIAN_POINT('',(-0.0819999999999351,0.106076951545822,0.0430000000000197));
#10309=CARTESIAN_POINT('',(-0.14719615242271,0.219,-0.022196152422705));
#10310=CARTESIAN_POINT('',(0.158,0.219,-0.022196152422705));
#10311=CARTESIAN_POINT('',(0.158,0.21,-0.016999999999999));
#10312=CARTESIAN_POINT('',(-0.0547999999999425,0.302145102962704,-0.0702000000000156));
#10313=CARTESIAN_POINT('',(-0.10280384757729,0.219,-0.022196152422705));
#10314=CARTESIAN_POINT('',(-0.0419999999999465,0.123397459621519,0.0330000000000164));
#10315=CARTESIAN_POINT('',(-0.09719615242271,0.219,-0.022196152422705));
#10316=CARTESIAN_POINT('',(0.158,0.219,-0.022196152422705));
#10317=CARTESIAN_POINT('',(0.158,0.21,-0.016999999999999));
#10318=CARTESIAN_POINT('',(-0.0147999999999535,0.284824594887008,-0.0602000000000124));
#10319=CARTESIAN_POINT('',(-0.05280384757729,0.219,-0.022196152422705));
#10320=CARTESIAN_POINT('',(-0.00199999999995695,0.140717967697215,0.0230000000000134));
#10321=CARTESIAN_POINT('',(-0.04719615242271,0.219,-0.022196152422705));
#10322=CARTESIAN_POINT('',(0.158,0.219,-0.022196152422705));
#10323=CARTESIAN_POINT('',(0.158,0.21,-0.016999999999999));
#10324=CARTESIAN_POINT('',(0.0252000000000357,0.267504086811312,-0.0502000000000093));
#10325=CARTESIAN_POINT('',(-0.00280384757729002,0.219,-0.022196152422705));
#10326=CARTESIAN_POINT('',(0.0380000000000323,0.158038475772911,0.0130000000000103));
#10327=CARTESIAN_POINT('',(0.00280384757728999,0.219,-0.022196152422705));
#10328=CARTESIAN_POINT('',(0.158,0.219,-0.022196152422705));
#10329=CARTESIAN_POINT('',(0.158,0.21,-0.016999999999999));
#10330=CARTESIAN_POINT('',(0.065200000000025,0.250183578735615,-0.0402000000000062));
#10331=CARTESIAN_POINT('',(0.04719615242271,0.219,-0.022196152422705));
#10332=CARTESIAN_POINT('',(0.0780000000000215,0.175358983848607,0.00300000000000722));
#10333=CARTESIAN_POINT('',(0.05280384757729,0.219,-0.022196152422705));
#10334=CARTESIAN_POINT('',(0.158,0.219,-0.022196152422705));
#10335=CARTESIAN_POINT('',(0.158,0.21,-0.016999999999999));
#10336=CARTESIAN_POINT('',(0.105200000000014,0.232863070659919,-0.0302000000000031));
#10337=CARTESIAN_POINT('',(0.09719615242271,0.219,-0.022196152422705));
#10338=CARTESIAN_POINT('',(0.118000000000011,0.192679491924304,-0.0069999999999959));
#10339=CARTESIAN_POINT('',(0.10280384757729,0.219,-0.022196152422705));
#10340=CARTESIAN_POINT('',(0.158,0.219,-0.022196152422705));
#10341=CARTESIAN_POINT('',(0.158,0.219,-0.022196152422705));
#10342=CARTESIAN_POINT('',(-0.15280384757729,0.219,0.5));
#10343=CARTESIAN_POINT('',(-0.15280384757729,0.219,-0.027803847577292));
#10344=CARTESIAN_POINT('',(-0.14719615242271,0.219,0.5));
#10345=CARTESIAN_POINT('',(-0.14719615242271,0.219,-0.027803847577292));
#10346=CARTESIAN_POINT('',(0.158,0.219,-0.027803847577292));
#10347=CARTESIAN_POINT('',(0.158,0.219,-0.022196152422705));
#10348=CARTESIAN_POINT('',(-0.10280384757729,0.219,0.5));
#10349=CARTESIAN_POINT('',(-0.10280384757729,0.219,-0.027803847577292));
#10350=CARTESIAN_POINT('',(-0.09719615242271,0.219,0.5));
#10351=CARTESIAN_POINT('',(-0.0971961524227099,0.219,-0.027803847577292));
#10352=CARTESIAN_POINT('',(0.158,0.219,-0.027803847577292));
#10353=CARTESIAN_POINT('',(0.158,0.219,-0.022196152422705));
#10354=CARTESIAN_POINT('',(-0.05280384757729,0.219,0.5));
#10355=CARTESIAN_POINT('',(-0.05280384757729,0.219,-0.027803847577292));
#10356=CARTESIAN_POINT('',(-0.04719615242271,0.219,0.5));
#10357=CARTESIAN_POINT('',(-0.04719615242271,0.219,-0.027803847577292));
#10358=CARTESIAN_POINT('',(0.158,0.219,-0.027803847577292));
#10359=CARTESIAN_POINT('',(0.158,0.219,-0.022196152422705));
#10360=CARTESIAN_POINT('',(-0.00280384757729002,0.219,0.5));
#10361=CARTESIAN_POINT('',(-0.00280384757729003,0.219,-0.027803847577292));
#10362=CARTESIAN_POINT('',(0.00280384757728999,0.219,0.5));
#10363=CARTESIAN_POINT('',(0.00280384757728998,0.219,-0.0278038475772919));
#10364=CARTESIAN_POINT('',(0.158,0.219,-0.027803847577292));
#10365=CARTESIAN_POINT('',(0.158,0.219,-0.022196152422705));
#10366=CARTESIAN_POINT('',(0.04719615242271,0.219,0.5));
#10367=CARTESIAN_POINT('',(0.04719615242271,0.219,-0.027803847577292));
#10368=CARTESIAN_POINT('',(0.05280384757729,0.219,0.5));
#10369=CARTESIAN_POINT('',(0.05280384757729,0.219,-0.027803847577292));
#10370=CARTESIAN_POINT('',(0.158,0.219,-0.027803847577292));
#10371=CARTESIAN_POINT('',(0.158,0.219,-0.022196152422705));
#10372=CARTESIAN_POINT('',(0.09719615242271,0.219,0.5));
#10373=CARTESIAN_POINT('',(0.09719615242271,0.219,-0.027803847577292));
#10374=CARTESIAN_POINT('',(0.10280384757729,0.219,0.5));
#10375=CARTESIAN_POINT('',(0.10280384757729,0.219,-0.027803847577292));
#10376=CARTESIAN_POINT('',(0.158,0.219,-0.027803847577292));
#10377=CARTESIAN_POINT('',(0.158,0.219,-0.027803847577292));
#10378=CARTESIAN_POINT('',(-0.0906430780617642,0.326665611038399,0.0343569219381857));
#10379=CARTESIAN_POINT('',(-0.086156921938102,0.11327695154582,-0.0888430780618531));
#10380=CARTESIAN_POINT('',(0.158,0.219,-0.027803847577292));
#10381=CARTESIAN_POINT('',(-0.0506430780617756,0.309345102962702,0.0243569219381823));
#10382=CARTESIAN_POINT('',(-0.0461569219381133,0.130597459621517,-0.0788430780618497));
#10383=CARTESIAN_POINT('',(0.158,0.219,-0.027803847577292));
#10384=CARTESIAN_POINT('',(-0.0106430780617867,0.292024594887006,0.0143569219381791));
#10385=CARTESIAN_POINT('',(-0.00615692193812386,0.147917967697213,-0.0688430780618467));
#10386=CARTESIAN_POINT('',(0.158,0.219,-0.027803847577292));
#10387=CARTESIAN_POINT('',(0.0293569219382026,0.27470408681131,0.00435692193817599));
#10388=CARTESIAN_POINT('',(0.0338430780618655,0.165238475772909,-0.0588430780618437));
#10389=CARTESIAN_POINT('',(0.158,0.219,-0.027803847577292));
#10390=CARTESIAN_POINT('',(0.0693569219381919,0.257383578735613,-0.00564307806182709));
#10391=CARTESIAN_POINT('',(0.0738430780618547,0.182558983848605,-0.0488430780618405));
#10392=CARTESIAN_POINT('',(0.158,0.219,-0.027803847577292));
#10393=CARTESIAN_POINT('',(0.109356921938181,0.240063070659917,-0.0156430780618302));
#10394=CARTESIAN_POINT('',(0.113843078061844,0.199879491924302,-0.0388430780618374));
#10395=CARTESIAN_POINT('',(0.158,0.21,-0.032999999999998));
#10396=CARTESIAN_POINT('',(0.142,0.21,-0.032999999999998));
#10397=CARTESIAN_POINT('',(0.142,0.21,-0.032999999999998));
#10398=CARTESIAN_POINT('',(0.142,0.099,-0.032999999999998));
#10399=CARTESIAN_POINT('',(0.158,0.21,-0.032999999999998));
#10400=CARTESIAN_POINT('',(0.158,0.21,-0.032999999999998));
#10401=CARTESIAN_POINT('',(0.158,0.21,-0.032999999999998));
#10402=CARTESIAN_POINT('',(0.158,0.099,-0.032999999999998));
#10403=CARTESIAN_POINT('',(0.158,0.099,-0.032999999999998));
#10404=CARTESIAN_POINT('',(0.158,0.099,-0.032999999999998));
#10405=CARTESIAN_POINT('',(-0.142,0.099,-0.032999999999998));
#10406=CARTESIAN_POINT('',(-0.142,0.089,-0.0262653061224474));
#10407=CARTESIAN_POINT('',(0.158,0.089,-0.0262653061224474));
#10408=CARTESIAN_POINT('',(-0.108,0.089,-0.0262653061224474));
#10409=CARTESIAN_POINT('',(-0.108,0.099,-0.032999999999998));
#10410=CARTESIAN_POINT('',(-0.092,0.099,-0.032999999999998));
#10411=CARTESIAN_POINT('',(-0.092,0.089,-0.0262653061224474));
#10412=CARTESIAN_POINT('',(0.158,0.089,-0.0262653061224474));
#10413=CARTESIAN_POINT('',(-0.058,0.089,-0.0262653061224474));
#10414=CARTESIAN_POINT('',(-0.058,0.099,-0.032999999999998));
#10415=CARTESIAN_POINT('',(-0.042,0.099,-0.032999999999998));
#10416=CARTESIAN_POINT('',(-0.042,0.089,-0.0262653061224474));
#10417=CARTESIAN_POINT('',(0.158,0.089,-0.0262653061224474));
#10418=CARTESIAN_POINT('',(-0.00799999999999999,0.089,-0.0262653061224474));
#10419=CARTESIAN_POINT('',(-0.00799999999999999,0.099,-0.032999999999998));
#10420=CARTESIAN_POINT('',(0.00799999999999999,0.099,-0.032999999999998));
#10421=CARTESIAN_POINT('',(0.00799999999999998,0.089,-0.0262653061224474));
#10422=CARTESIAN_POINT('',(0.158,0.089,-0.0262653061224474));
#10423=CARTESIAN_POINT('',(0.042,0.089,-0.0262653061224474));
#10424=CARTESIAN_POINT('',(0.042,0.099,-0.032999999999998));
#10425=CARTESIAN_POINT('',(0.058,0.099,-0.032999999999998));
#10426=CARTESIAN_POINT('',(0.058,0.089,-0.0262653061224474));
#10427=CARTESIAN_POINT('',(0.158,0.089,-0.0262653061224474));
#10428=CARTESIAN_POINT('',(0.092,0.089,-0.0262653061224474));
#10429=CARTESIAN_POINT('',(0.092,0.099,-0.032999999999998));
#10430=CARTESIAN_POINT('',(0.108,0.099,-0.032999999999998));
#10431=CARTESIAN_POINT('',(0.108,0.089,-0.0262653061224474));
#10432=CARTESIAN_POINT('',(0.158,0.089,-0.0262653061224474));
#10433=CARTESIAN_POINT('',(0.142,0.089,-0.0262653061224474));
#10434=CARTESIAN_POINT('',(0.142,0.099,-0.032999999999998));
#10435=CARTESIAN_POINT('',(0.158,0.099,-0.032999999999998));
#10436=CARTESIAN_POINT('',(0.158,0.05,0.));
#10437=CARTESIAN_POINT('',(0.158,0.05,0.));
#10438=CARTESIAN_POINT('',(-0.158,0.05,0.));
#10439=CARTESIAN_POINT('',(-0.158,0.099,-0.032999999999998));
#10440=CARTESIAN_POINT('',(0.158,0.05,0.));
#10441=CARTESIAN_POINT('',(-0.142,0.05,0.));
#10442=CARTESIAN_POINT('',(-0.142,0.089,0.0262653061224498));
#10443=CARTESIAN_POINT('',(-0.158,0.05,0.));
#10444=CARTESIAN_POINT('',(0.158,0.05,0.));
#10445=CARTESIAN_POINT('',(0.158,0.099,0.033000000000001));
#10446=CARTESIAN_POINT('',(0.158,0.099,0.033000000000001));
#10447=CARTESIAN_POINT('',(0.142,0.099,0.033000000000001));
#10448=CARTESIAN_POINT('',(0.142,0.05,0.));
#10449=CARTESIAN_POINT('',(0.142,0.089,0.0262653061224497));
#10450=CARTESIAN_POINT('',(0.158,0.089,0.0262653061224498));
#10451=CARTESIAN_POINT('',(0.108,0.089,0.0262653061224498));
#10452=CARTESIAN_POINT('',(0.108,0.05,0.));
#10453=CARTESIAN_POINT('',(0.092,0.05,0.));
#10454=CARTESIAN_POINT('',(0.092,0.089,0.0262653061224497));
#10455=CARTESIAN_POINT('',(0.158,0.089,0.0262653061224498));
#10456=CARTESIAN_POINT('',(0.058,0.089,0.0262653061224498));
#10457=CARTESIAN_POINT('',(0.058,0.05,0.));
#10458=CARTESIAN_POINT('',(0.042,0.05,0.));
#10459=CARTESIAN_POINT('',(0.042,0.089,0.0262653061224497));
#10460=CARTESIAN_POINT('',(0.158,0.089,0.0262653061224498));
#10461=CARTESIAN_POINT('',(0.00799999999999998,0.089,0.0262653061224498));
#10462=CARTESIAN_POINT('',(0.00799999999999999,0.05,0.));
#10463=CARTESIAN_POINT('',(-0.00799999999999999,0.05,0.));
#10464=CARTESIAN_POINT('',(-0.00799999999999999,0.089,0.0262653061224497));
#10465=CARTESIAN_POINT('',(0.158,0.089,0.0262653061224498));
#10466=CARTESIAN_POINT('',(-0.042,0.089,0.0262653061224498));
#10467=CARTESIAN_POINT('',(-0.042,0.05,0.));
#10468=CARTESIAN_POINT('',(-0.058,0.05,0.));
#10469=CARTESIAN_POINT('',(-0.058,0.089,0.0262653061224497));
#10470=CARTESIAN_POINT('',(0.158,0.089,0.0262653061224498));
#10471=CARTESIAN_POINT('',(-0.092,0.089,0.0262653061224498));
#10472=CARTESIAN_POINT('',(-0.092,0.05,0.));
#10473=CARTESIAN_POINT('',(-0.108,0.05,0.));
#10474=CARTESIAN_POINT('',(-0.108,0.089,0.0262653061224497));
#10475=CARTESIAN_POINT('',(0.158,0.089,0.0262653061224498));
#10476=CARTESIAN_POINT('',(0.158,0.099,0.033000000000001));
#10477=CARTESIAN_POINT('',(0.142,0.099,0.033000000000001));
#10478=CARTESIAN_POINT('',(0.142,0.21,0.0330000000000011));
#10479=CARTESIAN_POINT('',(0.158,0.099,0.033000000000001));
#10480=CARTESIAN_POINT('',(0.158,0.21,0.033000000000001));
#10481=CARTESIAN_POINT('',(0.158,0.21,0.033000000000001));
#10482=CARTESIAN_POINT('',(0.158,0.21,0.033000000000001));
#10483=CARTESIAN_POINT('',(0.145200000000003,0.215542562584223,0.0298));
#10484=CARTESIAN_POINT('',(0.14719615242271,0.219,0.027803847577295));
#10485=CARTESIAN_POINT('',(0.158,0.21,0.033000000000001));
#10486=CARTESIAN_POINT('',(0.15280384757729,0.219,0.027803847577295));
#10487=CARTESIAN_POINT('',(0.158,0.219,0.027803847577295));
#10488=CARTESIAN_POINT('',(0.158,0.219,0.027803847577295));
#10489=CARTESIAN_POINT('',(0.14719615242271,0.219,0.5));
#10490=CARTESIAN_POINT('',(0.14719615242271,0.219,0.022196152422708));
#10491=CARTESIAN_POINT('',(0.15280384757729,0.219,0.5));
#10492=CARTESIAN_POINT('',(0.15280384757729,0.219,0.022196152422708));
#10493=CARTESIAN_POINT('',(0.158,0.219,0.022196152422708));
#10494=CARTESIAN_POINT('',(0.158,0.219,0.022196152422708));
#10495=CARTESIAN_POINT('',(0.14935692193817,0.222742562584221,0.0243569219381669));
#10496=CARTESIAN_POINT('',(0.142,0.21,0.017000000000001));
#10497=CARTESIAN_POINT('',(0.153843078061833,0.217199999999998,0.0211569219381656));
#10498=CARTESIAN_POINT('',(0.158,0.21,0.017000000000001));
#10499=CARTESIAN_POINT('',(0.158,0.21,0.017000000000001));
#10500=CARTESIAN_POINT('',(0.158,0.21,0.017000000000001));
#10501=CARTESIAN_POINT('',(0.142,0.21,0.017000000000001));
#10502=CARTESIAN_POINT('',(0.142,0.089,0.017000000000001));
#10503=CARTESIAN_POINT('',(0.158,0.21,0.017000000000001));
#10504=CARTESIAN_POINT('',(0.158,0.089,0.017000000000001));
#10505=CARTESIAN_POINT('',(0.158,0.089,0.017000000000001));
#10506=CARTESIAN_POINT('',(0.158,0.089,0.017000000000001));
#10507=CARTESIAN_POINT('',(0.158,0.089,-0.016999999999999));
#10508=CARTESIAN_POINT('',(0.158,0.089,-0.016999999999999));
#10509=CARTESIAN_POINT('',(0.142,0.089,-0.016999999999999));
#10510=CARTESIAN_POINT('',(0.142,0.089,0.5));
#10511=CARTESIAN_POINT('',(0.108,0.089,0.5));
#10512=CARTESIAN_POINT('',(0.092,0.089,0.5));
#10513=CARTESIAN_POINT('',(0.058,0.089,0.5));
#10514=CARTESIAN_POINT('',(0.042,0.089,0.5));
#10515=CARTESIAN_POINT('',(0.00799999999999998,0.089,0.5));
#10516=CARTESIAN_POINT('',(-0.008,0.089,0.5));
#10517=CARTESIAN_POINT('',(-0.042,0.089,0.5));
#10518=CARTESIAN_POINT('',(-0.058,0.089,0.5));
#10519=CARTESIAN_POINT('',(-0.092,0.089,0.5));
#10520=CARTESIAN_POINT('',(-0.108,0.089,0.5));
#10521=CARTESIAN_POINT('',(-0.142,0.089,0.5));
#10522=CARTESIAN_POINT('',(-0.158,0.089,0.017000000000001));
#10523=CARTESIAN_POINT('',(-0.142,0.089,0.5));
#10524=CARTESIAN_POINT('',(-0.108,0.089,0.5));
#10525=CARTESIAN_POINT('',(-0.092,0.089,0.5));
#10526=CARTESIAN_POINT('',(-0.058,0.089,0.5));
#10527=CARTESIAN_POINT('',(-0.042,0.089,0.5));
#10528=CARTESIAN_POINT('',(-0.008,0.089,0.5));
#10529=CARTESIAN_POINT('',(0.00799999999999998,0.089,0.5));
#10530=CARTESIAN_POINT('',(0.042,0.089,0.5));
#10531=CARTESIAN_POINT('',(0.058,0.089,0.5));
#10532=CARTESIAN_POINT('',(0.092,0.089,0.5));
#10533=CARTESIAN_POINT('',(0.108,0.089,0.5));
#10534=CARTESIAN_POINT('',(0.142,0.089,0.5));
#10535=CARTESIAN_POINT('',(0.158,0.089,0.017000000000001));
#10536=CARTESIAN_POINT('',(0.158,0.089,-0.016999999999999));
#10537=CARTESIAN_POINT('',(0.142,0.089,-0.016999999999999));
#10538=CARTESIAN_POINT('',(0.142,0.21,-0.0169999999999991));
#10539=CARTESIAN_POINT('',(0.158,0.089,-0.016999999999999));
#10540=CARTESIAN_POINT('',(0.158,0.21,-0.016999999999999));
#10541=CARTESIAN_POINT('',(0.158,0.21,-0.016999999999999));
#10542=CARTESIAN_POINT('',(0.158,0.21,-0.016999999999999));
#10543=CARTESIAN_POINT('',(0.145200000000003,0.215542562584223,-0.0202));
#10544=CARTESIAN_POINT('',(0.14719615242271,0.219,-0.022196152422705));
#10545=CARTESIAN_POINT('',(0.158,0.21,-0.016999999999999));
#10546=CARTESIAN_POINT('',(0.15280384757729,0.219,-0.022196152422705));
#10547=CARTESIAN_POINT('',(0.158,0.219,-0.022196152422705));
#10548=CARTESIAN_POINT('',(0.158,0.219,-0.022196152422705));
#10549=CARTESIAN_POINT('',(0.14719615242271,0.219,0.5));
#10550=CARTESIAN_POINT('',(0.14719615242271,0.219,-0.027803847577292));
#10551=CARTESIAN_POINT('',(0.15280384757729,0.219,0.5));
#10552=CARTESIAN_POINT('',(0.15280384757729,0.219,-0.027803847577292));
#10553=CARTESIAN_POINT('',(0.158,0.219,-0.027803847577292));
#10554=CARTESIAN_POINT('',(0.158,0.219,-0.027803847577292));
#10555=CARTESIAN_POINT('',(0.14935692193817,0.222742562584221,-0.0256430780618333));
#10556=CARTESIAN_POINT('',(0.153843078061833,0.217199999999998,-0.0288430780618343));
#10557=CARTESIAN_POINT('',(0.158,0.,0.));
#10558=CARTESIAN_POINT('',(0.158,0.21,0.));
#10559=CARTESIAN_POINT('',(0.158,0.21,0.));
#10560=CARTESIAN_POINT('',(-0.158,0.,0.));
#10561=CARTESIAN_POINT('',(-0.158,0.21,0.));
#10562=CARTESIAN_POINT('',(-0.158,0.21,0.));
#10563=CARTESIAN_POINT('',(-0.15280384757729,0.219,0.5));
#10564=CARTESIAN_POINT('',(-0.15280384757729,0.219,0.5));
#10565=CARTESIAN_POINT('',(0.158,0.21,0.5));
#10566=CARTESIAN_POINT('',(0.158,0.21,0.5));
#10567=CARTESIAN_POINT('',(0.108,0.21,0.5));
#10568=CARTESIAN_POINT('',(0.108,0.21,0.5));
#10569=CARTESIAN_POINT('',(0.14719615242271,0.219,0.5));
#10570=CARTESIAN_POINT('',(0.142,0.21,0.5));
#10571=CARTESIAN_POINT('',(0.142,0.21,0.5));
#10572=CARTESIAN_POINT('',(0.108,0.089,0.5));
#10573=CARTESIAN_POINT('',(0.058,0.21,0.5));
#10574=CARTESIAN_POINT('',(0.058,0.21,0.5));
#10575=CARTESIAN_POINT('',(0.09719615242271,0.219,0.5));
#10576=CARTESIAN_POINT('',(0.092,0.21,0.5));
#10577=CARTESIAN_POINT('',(0.092,0.21,0.5));
#10578=CARTESIAN_POINT('',(0.058,0.089,0.5));
#10579=CARTESIAN_POINT('',(0.00799999999999998,0.21,0.5));
#10580=CARTESIAN_POINT('',(0.00799999999999998,0.21,0.5));
#10581=CARTESIAN_POINT('',(0.04719615242271,0.219,0.5));
#10582=CARTESIAN_POINT('',(0.042,0.21,0.5));
#10583=CARTESIAN_POINT('',(0.042,0.21,0.5));
#10584=CARTESIAN_POINT('',(0.00799999999999998,0.089,0.5));
#10585=CARTESIAN_POINT('',(-0.042,0.21,0.5));
#10586=CARTESIAN_POINT('',(-0.042,0.21,0.5));
#10587=CARTESIAN_POINT('',(-0.00280384757729002,0.219,0.5));
#10588=CARTESIAN_POINT('',(-0.008,0.21,0.5));
#10589=CARTESIAN_POINT('',(-0.008,0.21,0.5));
#10590=CARTESIAN_POINT('',(-0.042,0.089,0.5));
#10591=CARTESIAN_POINT('',(-0.092,0.21,0.5));
#10592=CARTESIAN_POINT('',(-0.092,0.21,0.5));
#10593=CARTESIAN_POINT('',(-0.05280384757729,0.219,0.5));
#10594=CARTESIAN_POINT('',(-0.058,0.21,0.5));
#10595=CARTESIAN_POINT('',(-0.058,0.21,0.5));
#10596=CARTESIAN_POINT('',(-0.092,0.089,0.5));
#10597=CARTESIAN_POINT('',(-0.142,0.21,0.5));
#10598=CARTESIAN_POINT('',(-0.142,0.21,0.5));
#10599=CARTESIAN_POINT('',(-0.10280384757729,0.219,0.5));
#10600=CARTESIAN_POINT('',(-0.108,0.21,0.5));
#10601=CARTESIAN_POINT('',(-0.108,0.21,0.5));
#10602=CARTESIAN_POINT('',(-0.142,0.089,0.5));
#10603=CARTESIAN_POINT('',(0.142,0.21,0.5));
#10604=CARTESIAN_POINT('',(0.142,0.21,0.5));
#10605=CARTESIAN_POINT('',(0.108,0.089,0.5));
#10606=CARTESIAN_POINT('',(0.108,0.21,0.5));
#10607=CARTESIAN_POINT('',(0.14719615242271,0.219,0.5));
#10608=CARTESIAN_POINT('',(0.108,0.21,0.5));
#10609=CARTESIAN_POINT('',(0.092,0.21,0.5));
#10610=CARTESIAN_POINT('',(0.092,0.21,0.5));
#10611=CARTESIAN_POINT('',(0.058,0.089,0.5));
#10612=CARTESIAN_POINT('',(0.058,0.21,0.5));
#10613=CARTESIAN_POINT('',(0.09719615242271,0.219,0.5));
#10614=CARTESIAN_POINT('',(0.058,0.21,0.5));
#10615=CARTESIAN_POINT('',(0.042,0.21,0.5));
#10616=CARTESIAN_POINT('',(0.042,0.21,0.5));
#10617=CARTESIAN_POINT('',(0.00799999999999998,0.089,0.5));
#10618=CARTESIAN_POINT('',(0.00799999999999998,0.21,0.5));
#10619=CARTESIAN_POINT('',(0.04719615242271,0.219,0.5));
#10620=CARTESIAN_POINT('',(0.00799999999999998,0.21,0.5));
#10621=CARTESIAN_POINT('',(-0.008,0.21,0.5));
#10622=CARTESIAN_POINT('',(-0.008,0.21,0.5));
#10623=CARTESIAN_POINT('',(-0.042,0.089,0.5));
#10624=CARTESIAN_POINT('',(-0.042,0.21,0.5));
#10625=CARTESIAN_POINT('',(-0.00280384757729002,0.219,0.5));
#10626=CARTESIAN_POINT('',(-0.042,0.21,0.5));
#10627=CARTESIAN_POINT('',(-0.058,0.21,0.5));
#10628=CARTESIAN_POINT('',(-0.058,0.21,0.5));
#10629=CARTESIAN_POINT('',(-0.092,0.089,0.5));
#10630=CARTESIAN_POINT('',(-0.092,0.21,0.5));
#10631=CARTESIAN_POINT('',(-0.05280384757729,0.219,0.5));
#10632=CARTESIAN_POINT('',(-0.092,0.21,0.5));
#10633=CARTESIAN_POINT('',(-0.142,0.089,0.5));
#10634=CARTESIAN_POINT('',(-0.142,0.21,0.5));
#10635=CARTESIAN_POINT('',(-0.108,0.21,0.5));
#10636=CARTESIAN_POINT('',(-0.108,0.21,0.5));
#10637=CARTESIAN_POINT('',(-0.142,0.21,0.5));
#10638=CARTESIAN_POINT('',(-0.10280384757729,0.219,0.5));
#10639=CARTESIAN_POINT('',(0.,0.,0.));
#10640=CARTESIAN_POINT('',(0.158,0.,-0.066));
#10641=CARTESIAN_POINT('',(0.142,0.,-0.066));
#10642=CARTESIAN_POINT('',(0.142,0.,-0.066));
#10643=CARTESIAN_POINT('',(0.142,0.,-0.115));
#10644=CARTESIAN_POINT('',(0.158,0.,-0.066));
#10645=CARTESIAN_POINT('',(0.158,0.,-0.066));
#10646=CARTESIAN_POINT('',(0.158,0.,-0.066));
#10647=CARTESIAN_POINT('',(0.158,0.,-0.115));
#10648=CARTESIAN_POINT('',(0.158,0.,-0.115));
#10649=CARTESIAN_POINT('',(0.158,0.,-0.066));
#10650=CARTESIAN_POINT('',(0.108,0.,-0.066));
#10651=CARTESIAN_POINT('',(0.108,0.,-0.115));
#10652=CARTESIAN_POINT('',(0.108,0.,-0.066));
#10653=CARTESIAN_POINT('',(0.158,0.,-0.115));
#10654=CARTESIAN_POINT('',(0.092,0.,-0.115));
#10655=CARTESIAN_POINT('',(0.092,0.,-0.066));
#10656=CARTESIAN_POINT('',(0.092,0.,-0.066));
#10657=CARTESIAN_POINT('',(0.158,0.,-0.066));
#10658=CARTESIAN_POINT('',(0.158,0.,-0.066));
#10659=CARTESIAN_POINT('',(0.058,0.,-0.066));
#10660=CARTESIAN_POINT('',(0.058,0.,-0.115));
#10661=CARTESIAN_POINT('',(0.058,0.,-0.066));
#10662=CARTESIAN_POINT('',(0.158,0.,-0.115));
#10663=CARTESIAN_POINT('',(0.042,0.,-0.115));
#10664=CARTESIAN_POINT('',(0.042,0.,-0.066));
#10665=CARTESIAN_POINT('',(0.042,0.,-0.066));
#10666=CARTESIAN_POINT('',(0.158,0.,-0.066));
#10667=CARTESIAN_POINT('',(0.158,0.,-0.066));
#10668=CARTESIAN_POINT('',(0.00799999999999999,0.,-0.066));
#10669=CARTESIAN_POINT('',(0.00799999999999999,0.,-0.115));
#10670=CARTESIAN_POINT('',(0.00799999999999999,0.,-0.066));
#10671=CARTESIAN_POINT('',(0.158,0.,-0.115));
#10672=CARTESIAN_POINT('',(-0.00799999999999999,0.,-0.115));
#10673=CARTESIAN_POINT('',(-0.00799999999999999,0.,-0.066));
#10674=CARTESIAN_POINT('',(-0.00799999999999999,0.,-0.066));
#10675=CARTESIAN_POINT('',(0.158,0.,-0.066));
#10676=CARTESIAN_POINT('',(0.158,0.,-0.066));
#10677=CARTESIAN_POINT('',(-0.042,0.,-0.066));
#10678=CARTESIAN_POINT('',(-0.042,0.,-0.115));
#10679=CARTESIAN_POINT('',(-0.042,0.,-0.066));
#10680=CARTESIAN_POINT('',(0.158,0.,-0.115));
#10681=CARTESIAN_POINT('',(-0.058,0.,-0.115));
#10682=CARTESIAN_POINT('',(-0.058,0.,-0.066));
#10683=CARTESIAN_POINT('',(-0.058,0.,-0.066));
#10684=CARTESIAN_POINT('',(0.158,0.,-0.066));
#10685=CARTESIAN_POINT('',(0.158,0.,-0.066));
#10686=CARTESIAN_POINT('',(-0.092,0.,-0.066));
#10687=CARTESIAN_POINT('',(-0.092,0.,-0.115));
#10688=CARTESIAN_POINT('',(-0.092,0.,-0.066));
#10689=CARTESIAN_POINT('',(0.158,0.,-0.115));
#10690=CARTESIAN_POINT('',(-0.108,0.,-0.115));
#10691=CARTESIAN_POINT('',(-0.108,0.,-0.066));
#10692=CARTESIAN_POINT('',(-0.108,0.,-0.066));
#10693=CARTESIAN_POINT('',(0.158,0.,-0.066));
#10694=CARTESIAN_POINT('',(0.158,0.,-0.115));
#10695=CARTESIAN_POINT('',(0.142,0.,-0.115));
#10696=CARTESIAN_POINT('',(0.142,-0.016,-0.115));
#10697=CARTESIAN_POINT('',(0.158,0.,-0.115));
#10698=CARTESIAN_POINT('',(0.158,-0.016,-0.115));
#10699=CARTESIAN_POINT('',(0.158,-0.016,-0.115));
#10700=CARTESIAN_POINT('',(0.158,0.,-0.115));
#10701=CARTESIAN_POINT('',(0.108,0.,-0.115));
#10702=CARTESIAN_POINT('',(0.108,-0.016,-0.115));
#10703=CARTESIAN_POINT('',(0.158,-0.016,-0.115));
#10704=CARTESIAN_POINT('',(0.092,-0.016,-0.115));
#10705=CARTESIAN_POINT('',(0.092,0.,-0.115));
#10706=CARTESIAN_POINT('',(0.158,0.,-0.115));
#10707=CARTESIAN_POINT('',(0.058,0.,-0.115));
#10708=CARTESIAN_POINT('',(0.058,-0.016,-0.115));
#10709=CARTESIAN_POINT('',(0.158,-0.016,-0.115));
#10710=CARTESIAN_POINT('',(0.042,-0.016,-0.115));
#10711=CARTESIAN_POINT('',(0.042,0.,-0.115));
#10712=CARTESIAN_POINT('',(0.158,0.,-0.115));
#10713=CARTESIAN_POINT('',(0.00799999999999999,0.,-0.115));
#10714=CARTESIAN_POINT('',(0.00799999999999999,-0.016,-0.115));
#10715=CARTESIAN_POINT('',(0.158,-0.016,-0.115));
#10716=CARTESIAN_POINT('',(-0.00799999999999999,-0.016,-0.115));
#10717=CARTESIAN_POINT('',(-0.00799999999999999,0.,-0.115));
#10718=CARTESIAN_POINT('',(0.158,0.,-0.115));
#10719=CARTESIAN_POINT('',(-0.042,0.,-0.115));
#10720=CARTESIAN_POINT('',(-0.042,-0.016,-0.115));
#10721=CARTESIAN_POINT('',(0.158,-0.016,-0.115));
#10722=CARTESIAN_POINT('',(-0.058,-0.016,-0.115));
#10723=CARTESIAN_POINT('',(-0.058,0.,-0.115));
#10724=CARTESIAN_POINT('',(0.158,0.,-0.115));
#10725=CARTESIAN_POINT('',(-0.092,0.,-0.115));
#10726=CARTESIAN_POINT('',(-0.092,-0.016,-0.115));
#10727=CARTESIAN_POINT('',(0.158,-0.016,-0.115));
#10728=CARTESIAN_POINT('',(-0.108,-0.016,-0.115));
#10729=CARTESIAN_POINT('',(-0.108,0.,-0.115));
#10730=CARTESIAN_POINT('',(0.158,-0.016,-0.115));
#10731=CARTESIAN_POINT('',(0.142,-0.016,-0.115));
#10732=CARTESIAN_POINT('',(0.142,-0.016,-0.0403238075793815));
#10733=CARTESIAN_POINT('',(0.158,-0.016,-0.115));
#10734=CARTESIAN_POINT('',(0.158,-0.016,-0.0403238075793815));
#10735=CARTESIAN_POINT('',(0.158,-0.016,-0.0403238075793815));
#10736=CARTESIAN_POINT('',(0.158,-0.016,-0.115));
#10737=CARTESIAN_POINT('',(0.108,-0.016,-0.115));
#10738=CARTESIAN_POINT('',(0.108,-0.016,-0.0403238075793815));
#10739=CARTESIAN_POINT('',(0.158,-0.016,-0.0403238075793815));
#10740=CARTESIAN_POINT('',(0.092,-0.016,-0.0403238075793815));
#10741=CARTESIAN_POINT('',(0.092,-0.016,-0.115));
#10742=CARTESIAN_POINT('',(0.158,-0.016,-0.115));
#10743=CARTESIAN_POINT('',(0.058,-0.016,-0.115));
#10744=CARTESIAN_POINT('',(0.058,-0.016,-0.0403238075793815));
#10745=CARTESIAN_POINT('',(0.158,-0.016,-0.0403238075793815));
#10746=CARTESIAN_POINT('',(0.042,-0.016,-0.0403238075793815));
#10747=CARTESIAN_POINT('',(0.042,-0.016,-0.115));
#10748=CARTESIAN_POINT('',(0.158,-0.016,-0.115));
#10749=CARTESIAN_POINT('',(0.00799999999999999,-0.016,-0.115));
#10750=CARTESIAN_POINT('',(0.00799999999999999,-0.016,-0.0403238075793815));
#10751=CARTESIAN_POINT('',(0.158,-0.016,-0.0403238075793815));
#10752=CARTESIAN_POINT('',(-0.00799999999999999,-0.016,-0.0403238075793815));
#10753=CARTESIAN_POINT('',(-0.00799999999999999,-0.016,-0.115));
#10754=CARTESIAN_POINT('',(0.158,-0.016,-0.115));
#10755=CARTESIAN_POINT('',(-0.042,-0.016,-0.115));
#10756=CARTESIAN_POINT('',(-0.042,-0.016,-0.0403238075793815));
#10757=CARTESIAN_POINT('',(0.158,-0.016,-0.0403238075793815));
#10758=CARTESIAN_POINT('',(-0.058,-0.016,-0.0403238075793815));
#10759=CARTESIAN_POINT('',(-0.058,-0.016,-0.115));
#10760=CARTESIAN_POINT('',(0.158,-0.016,-0.115));
#10761=CARTESIAN_POINT('',(-0.092,-0.016,-0.115));
#10762=CARTESIAN_POINT('',(-0.092,-0.016,-0.0403238075793815));
#10763=CARTESIAN_POINT('',(0.158,-0.016,-0.0403238075793815));
#10764=CARTESIAN_POINT('',(-0.108,-0.016,-0.0403238075793815));
#10765=CARTESIAN_POINT('',(-0.108,-0.016,-0.115));
#10766=CARTESIAN_POINT('',(0.158,0.0090000000000005,-0.0403238075793815));
#10767=CARTESIAN_POINT('',(0.142,0.0090000000000005,-0.0403238075793815));
#10768=CARTESIAN_POINT('',(0.142,-1.0671281225251E-17,-0.017));
#10769=CARTESIAN_POINT('',(0.158,0.0090000000000005,-0.0403238075793815));
#10770=CARTESIAN_POINT('',(0.158,-1.28055374703012E-17,-0.017));
#10771=CARTESIAN_POINT('',(0.158,-1.28055374703012E-17,-0.017));
#10772=CARTESIAN_POINT('',(0.158,0.0090000000000005,-0.0403238075793815));
#10773=CARTESIAN_POINT('',(0.108,0.0090000000000005,-0.0403238075793815));
#10774=CARTESIAN_POINT('',(0.108,-1.0671281225251E-17,-0.017));
#10775=CARTESIAN_POINT('',(0.158,-1.28055374703012E-17,-0.017));
#10776=CARTESIAN_POINT('',(0.092,-1.0671281225251E-17,-0.017));
#10777=CARTESIAN_POINT('',(0.092,0.0090000000000005,-0.0403238075793815));
#10778=CARTESIAN_POINT('',(0.158,0.0090000000000005,-0.0403238075793815));
#10779=CARTESIAN_POINT('',(0.058,0.0090000000000005,-0.0403238075793815));
#10780=CARTESIAN_POINT('',(0.058,-1.0671281225251E-17,-0.017));
#10781=CARTESIAN_POINT('',(0.158,-1.28055374703012E-17,-0.017));
#10782=CARTESIAN_POINT('',(0.042,-1.0671281225251E-17,-0.017));
#10783=CARTESIAN_POINT('',(0.042,0.0090000000000005,-0.0403238075793815));
#10784=CARTESIAN_POINT('',(0.158,0.0090000000000005,-0.0403238075793815));
#10785=CARTESIAN_POINT('',(0.00799999999999999,0.0090000000000005,-0.0403238075793815));
#10786=CARTESIAN_POINT('',(0.00799999999999999,-1.0671281225251E-17,-0.017));
#10787=CARTESIAN_POINT('',(0.158,-1.28055374703012E-17,-0.017));
#10788=CARTESIAN_POINT('',(-0.00799999999999999,-1.0671281225251E-17,-0.017));
#10789=CARTESIAN_POINT('',(-0.00799999999999999,0.0090000000000005,-0.0403238075793815));
#10790=CARTESIAN_POINT('',(0.158,0.0090000000000005,-0.0403238075793815));
#10791=CARTESIAN_POINT('',(-0.042,0.0090000000000005,-0.0403238075793815));
#10792=CARTESIAN_POINT('',(-0.042,-1.0671281225251E-17,-0.017));
#10793=CARTESIAN_POINT('',(0.158,-1.28055374703012E-17,-0.017));
#10794=CARTESIAN_POINT('',(-0.058,-1.0671281225251E-17,-0.017));
#10795=CARTESIAN_POINT('',(-0.058,0.0090000000000005,-0.0403238075793815));
#10796=CARTESIAN_POINT('',(0.158,0.0090000000000005,-0.0403238075793815));
#10797=CARTESIAN_POINT('',(-0.092,0.0090000000000005,-0.0403238075793815));
#10798=CARTESIAN_POINT('',(-0.092,-1.0671281225251E-17,-0.017));
#10799=CARTESIAN_POINT('',(0.158,-1.28055374703012E-17,-0.017));
#10800=CARTESIAN_POINT('',(-0.108,-1.0671281225251E-17,-0.017));
#10801=CARTESIAN_POINT('',(-0.108,0.0090000000000005,-0.0403238075793815));
#10802=CARTESIAN_POINT('',(0.158,-8.67361737988404E-18,-0.017));
#10803=CARTESIAN_POINT('',(0.142,-8.67361737988404E-18,-0.017));
#10804=CARTESIAN_POINT('',(0.142,0.01,-0.017));
#10805=CARTESIAN_POINT('',(0.158,-8.67361737988404E-18,-0.017));
#10806=CARTESIAN_POINT('',(0.158,0.01,-0.017));
#10807=CARTESIAN_POINT('',(0.158,0.01,-0.017));
#10808=CARTESIAN_POINT('',(0.158,-8.67361737988404E-18,-0.017));
#10809=CARTESIAN_POINT('',(0.108,-8.67361737988404E-18,-0.017));
#10810=CARTESIAN_POINT('',(0.108,0.01,-0.017));
#10811=CARTESIAN_POINT('',(0.158,0.01,-0.017));
#10812=CARTESIAN_POINT('',(0.092,0.01,-0.017));
#10813=CARTESIAN_POINT('',(0.092,-8.67361737988404E-18,-0.017));
#10814=CARTESIAN_POINT('',(0.158,-8.67361737988404E-18,-0.017));
#10815=CARTESIAN_POINT('',(0.058,-8.67361737988404E-18,-0.017));
#10816=CARTESIAN_POINT('',(0.058,0.01,-0.017));
#10817=CARTESIAN_POINT('',(0.158,0.01,-0.017));
#10818=CARTESIAN_POINT('',(0.042,0.01,-0.017));
#10819=CARTESIAN_POINT('',(0.042,-8.67361737988404E-18,-0.017));
#10820=CARTESIAN_POINT('',(0.158,-8.67361737988404E-18,-0.017));
#10821=CARTESIAN_POINT('',(0.00799999999999999,-8.67361737988404E-18,-0.017));
#10822=CARTESIAN_POINT('',(0.00799999999999998,0.01,-0.017));
#10823=CARTESIAN_POINT('',(0.158,0.01,-0.017));
#10824=CARTESIAN_POINT('',(-0.008,0.01,-0.017));
#10825=CARTESIAN_POINT('',(-0.00799999999999999,-8.67361737988404E-18,-0.017));
#10826=CARTESIAN_POINT('',(0.158,-8.67361737988404E-18,-0.017));
#10827=CARTESIAN_POINT('',(-0.042,-8.67361737988404E-18,-0.017));
#10828=CARTESIAN_POINT('',(-0.042,0.01,-0.017));
#10829=CARTESIAN_POINT('',(0.158,0.01,-0.017));
#10830=CARTESIAN_POINT('',(-0.058,0.01,-0.017));
#10831=CARTESIAN_POINT('',(-0.058,-8.67361737988404E-18,-0.017));
#10832=CARTESIAN_POINT('',(0.158,-8.67361737988404E-18,-0.017));
#10833=CARTESIAN_POINT('',(-0.092,-8.67361737988404E-18,-0.017));
#10834=CARTESIAN_POINT('',(-0.092,0.01,-0.017));
#10835=CARTESIAN_POINT('',(0.158,0.01,-0.017));
#10836=CARTESIAN_POINT('',(-0.108,0.01,-0.017));
#10837=CARTESIAN_POINT('',(-0.108,-8.67361737988404E-18,-0.017));
#10838=CARTESIAN_POINT('',(0.158,0.01,0.017));
#10839=CARTESIAN_POINT('',(0.142,0.01,0.017));
#10840=CARTESIAN_POINT('',(0.142,0.01,0.017));
#10841=CARTESIAN_POINT('',(0.142,-8.53702498020082E-18,0.017));
#10842=CARTESIAN_POINT('',(0.158,0.01,0.017));
#10843=CARTESIAN_POINT('',(0.158,0.01,0.017));
#10844=CARTESIAN_POINT('',(0.158,0.01,0.017));
#10845=CARTESIAN_POINT('',(0.158,-8.53702498020082E-18,0.017));
#10846=CARTESIAN_POINT('',(0.158,-8.53702498020082E-18,0.017));
#10847=CARTESIAN_POINT('',(0.158,0.01,0.017));
#10848=CARTESIAN_POINT('',(0.108,0.01,0.017));
#10849=CARTESIAN_POINT('',(0.108,-8.53702498020082E-18,0.017));
#10850=CARTESIAN_POINT('',(0.108,0.01,0.017));
#10851=CARTESIAN_POINT('',(0.158,-8.53702498020082E-18,0.017));
#10852=CARTESIAN_POINT('',(0.092,-8.53702498020082E-18,0.017));
#10853=CARTESIAN_POINT('',(0.092,0.01,0.017));
#10854=CARTESIAN_POINT('',(0.092,0.01,0.017));
#10855=CARTESIAN_POINT('',(0.158,0.01,0.017));
#10856=CARTESIAN_POINT('',(0.158,0.01,0.017));
#10857=CARTESIAN_POINT('',(0.058,0.01,0.017));
#10858=CARTESIAN_POINT('',(0.058,-8.53702498020082E-18,0.017));
#10859=CARTESIAN_POINT('',(0.058,0.01,0.017));
#10860=CARTESIAN_POINT('',(0.158,-8.53702498020082E-18,0.017));
#10861=CARTESIAN_POINT('',(0.042,-8.53702498020082E-18,0.017));
#10862=CARTESIAN_POINT('',(0.042,0.01,0.017));
#10863=CARTESIAN_POINT('',(0.042,0.01,0.017));
#10864=CARTESIAN_POINT('',(0.158,0.01,0.017));
#10865=CARTESIAN_POINT('',(0.158,0.01,0.017));
#10866=CARTESIAN_POINT('',(0.00799999999999999,0.01,0.017));
#10867=CARTESIAN_POINT('',(0.00799999999999999,-8.53702498020082E-18,0.017));
#10868=CARTESIAN_POINT('',(0.00799999999999998,0.01,0.017));
#10869=CARTESIAN_POINT('',(0.158,-8.53702498020082E-18,0.017));
#10870=CARTESIAN_POINT('',(-0.00799999999999999,-8.53702498020082E-18,0.017));
#10871=CARTESIAN_POINT('',(-0.00799999999999999,0.01,0.017));
#10872=CARTESIAN_POINT('',(-0.008,0.01,0.017));
#10873=CARTESIAN_POINT('',(0.158,0.01,0.017));
#10874=CARTESIAN_POINT('',(0.158,0.01,0.017));
#10875=CARTESIAN_POINT('',(-0.042,0.01,0.017));
#10876=CARTESIAN_POINT('',(-0.042,-8.53702498020082E-18,0.017));
#10877=CARTESIAN_POINT('',(-0.042,0.01,0.017));
#10878=CARTESIAN_POINT('',(0.158,-8.53702498020082E-18,0.017));
#10879=CARTESIAN_POINT('',(-0.058,-8.53702498020082E-18,0.017));
#10880=CARTESIAN_POINT('',(-0.058,0.01,0.017));
#10881=CARTESIAN_POINT('',(-0.058,0.01,0.017));
#10882=CARTESIAN_POINT('',(0.158,0.01,0.017));
#10883=CARTESIAN_POINT('',(0.158,0.01,0.017));
#10884=CARTESIAN_POINT('',(-0.092,0.01,0.017));
#10885=CARTESIAN_POINT('',(-0.092,-8.53702498020082E-18,0.017));
#10886=CARTESIAN_POINT('',(-0.092,0.01,0.017));
#10887=CARTESIAN_POINT('',(0.158,-8.53702498020082E-18,0.017));
#10888=CARTESIAN_POINT('',(-0.108,-8.53702498020082E-18,0.017));
#10889=CARTESIAN_POINT('',(-0.108,0.01,0.017));
#10890=CARTESIAN_POINT('',(-0.108,0.01,0.017));
#10891=CARTESIAN_POINT('',(0.158,0.01,0.017));
#10892=CARTESIAN_POINT('',(0.158,0.00900000000000052,0.0403238075793816));
#10893=CARTESIAN_POINT('',(0.142,0.00900000000000052,0.0403238075793816));
#10894=CARTESIAN_POINT('',(0.142,-0.016,0.0403238075793815));
#10895=CARTESIAN_POINT('',(0.158,0.00900000000000052,0.0403238075793816));
#10896=CARTESIAN_POINT('',(0.158,-0.016,0.0403238075793815));
#10897=CARTESIAN_POINT('',(0.158,-0.016,0.0403238075793815));
#10898=CARTESIAN_POINT('',(0.158,0.00900000000000052,0.0403238075793816));
#10899=CARTESIAN_POINT('',(0.108,0.00900000000000052,0.0403238075793816));
#10900=CARTESIAN_POINT('',(0.108,-0.016,0.0403238075793815));
#10901=CARTESIAN_POINT('',(0.158,-0.016,0.0403238075793815));
#10902=CARTESIAN_POINT('',(0.092,-0.016,0.0403238075793815));
#10903=CARTESIAN_POINT('',(0.092,0.00900000000000052,0.0403238075793816));
#10904=CARTESIAN_POINT('',(0.158,0.00900000000000052,0.0403238075793816));
#10905=CARTESIAN_POINT('',(0.058,0.00900000000000052,0.0403238075793816));
#10906=CARTESIAN_POINT('',(0.058,-0.016,0.0403238075793815));
#10907=CARTESIAN_POINT('',(0.158,-0.016,0.0403238075793815));
#10908=CARTESIAN_POINT('',(0.042,-0.016,0.0403238075793815));
#10909=CARTESIAN_POINT('',(0.042,0.00900000000000052,0.0403238075793816));
#10910=CARTESIAN_POINT('',(0.158,0.00900000000000052,0.0403238075793816));
#10911=CARTESIAN_POINT('',(0.00799999999999999,0.00900000000000052,0.0403238075793816));
#10912=CARTESIAN_POINT('',(0.00799999999999999,-0.016,0.0403238075793815));
#10913=CARTESIAN_POINT('',(0.158,-0.016,0.0403238075793815));
#10914=CARTESIAN_POINT('',(-0.00799999999999999,-0.016,0.0403238075793815));
#10915=CARTESIAN_POINT('',(-0.00799999999999999,0.00900000000000052,0.0403238075793816));
#10916=CARTESIAN_POINT('',(0.158,0.00900000000000052,0.0403238075793816));
#10917=CARTESIAN_POINT('',(-0.042,0.00900000000000052,0.0403238075793816));
#10918=CARTESIAN_POINT('',(-0.042,-0.016,0.0403238075793815));
#10919=CARTESIAN_POINT('',(0.158,-0.016,0.0403238075793815));
#10920=CARTESIAN_POINT('',(-0.058,-0.016,0.0403238075793815));
#10921=CARTESIAN_POINT('',(-0.058,0.00900000000000052,0.0403238075793816));
#10922=CARTESIAN_POINT('',(0.158,0.00900000000000052,0.0403238075793816));
#10923=CARTESIAN_POINT('',(-0.092,0.00900000000000052,0.0403238075793816));
#10924=CARTESIAN_POINT('',(-0.092,-0.016,0.0403238075793815));
#10925=CARTESIAN_POINT('',(0.158,-0.016,0.0403238075793815));
#10926=CARTESIAN_POINT('',(-0.108,-0.016,0.0403238075793815));
#10927=CARTESIAN_POINT('',(-0.108,0.00900000000000052,0.0403238075793816));
#10928=CARTESIAN_POINT('',(0.158,-0.016,0.0403238075793815));
#10929=CARTESIAN_POINT('',(0.142,-0.016,0.0403238075793815));
#10930=CARTESIAN_POINT('',(0.142,-0.016,0.115));
#10931=CARTESIAN_POINT('',(0.158,-0.016,0.0403238075793815));
#10932=CARTESIAN_POINT('',(0.158,-0.016,0.115));
#10933=CARTESIAN_POINT('',(0.158,-0.016,0.115));
#10934=CARTESIAN_POINT('',(0.158,-0.016,0.0403238075793815));
#10935=CARTESIAN_POINT('',(0.108,-0.016,0.0403238075793815));
#10936=CARTESIAN_POINT('',(0.108,-0.016,0.115));
#10937=CARTESIAN_POINT('',(0.158,-0.016,0.115));
#10938=CARTESIAN_POINT('',(0.092,-0.016,0.115));
#10939=CARTESIAN_POINT('',(0.092,-0.016,0.0403238075793815));
#10940=CARTESIAN_POINT('',(0.158,-0.016,0.0403238075793815));
#10941=CARTESIAN_POINT('',(0.058,-0.016,0.0403238075793815));
#10942=CARTESIAN_POINT('',(0.058,-0.016,0.115));
#10943=CARTESIAN_POINT('',(0.158,-0.016,0.115));
#10944=CARTESIAN_POINT('',(0.042,-0.016,0.115));
#10945=CARTESIAN_POINT('',(0.042,-0.016,0.0403238075793815));
#10946=CARTESIAN_POINT('',(0.158,-0.016,0.0403238075793815));
#10947=CARTESIAN_POINT('',(0.00799999999999999,-0.016,0.0403238075793815));
#10948=CARTESIAN_POINT('',(0.00799999999999999,-0.016,0.115));
#10949=CARTESIAN_POINT('',(0.158,-0.016,0.115));
#10950=CARTESIAN_POINT('',(-0.00799999999999999,-0.016,0.115));
#10951=CARTESIAN_POINT('',(-0.00799999999999999,-0.016,0.0403238075793815));
#10952=CARTESIAN_POINT('',(0.158,-0.016,0.0403238075793815));
#10953=CARTESIAN_POINT('',(-0.042,-0.016,0.0403238075793815));
#10954=CARTESIAN_POINT('',(-0.042,-0.016,0.115));
#10955=CARTESIAN_POINT('',(0.158,-0.016,0.115));
#10956=CARTESIAN_POINT('',(-0.058,-0.016,0.115));
#10957=CARTESIAN_POINT('',(-0.058,-0.016,0.0403238075793815));
#10958=CARTESIAN_POINT('',(0.158,-0.016,0.0403238075793815));
#10959=CARTESIAN_POINT('',(-0.092,-0.016,0.0403238075793815));
#10960=CARTESIAN_POINT('',(-0.092,-0.016,0.115));
#10961=CARTESIAN_POINT('',(0.158,-0.016,0.115));
#10962=CARTESIAN_POINT('',(-0.108,-0.016,0.115));
#10963=CARTESIAN_POINT('',(-0.108,-0.016,0.0403238075793815));
#10964=CARTESIAN_POINT('',(0.158,-0.016,0.115));
#10965=CARTESIAN_POINT('',(0.142,-0.016,0.115));
#10966=CARTESIAN_POINT('',(0.142,0.,0.115));
#10967=CARTESIAN_POINT('',(0.158,-0.016,0.115));
#10968=CARTESIAN_POINT('',(0.158,0.,0.115));
#10969=CARTESIAN_POINT('',(0.158,0.,0.115));
#10970=CARTESIAN_POINT('',(0.158,-0.016,0.115));
#10971=CARTESIAN_POINT('',(0.108,-0.016,0.115));
#10972=CARTESIAN_POINT('',(0.108,0.,0.115));
#10973=CARTESIAN_POINT('',(0.158,0.,0.115));
#10974=CARTESIAN_POINT('',(0.092,0.,0.115));
#10975=CARTESIAN_POINT('',(0.092,-0.016,0.115));
#10976=CARTESIAN_POINT('',(0.158,-0.016,0.115));
#10977=CARTESIAN_POINT('',(0.058,-0.016,0.115));
#10978=CARTESIAN_POINT('',(0.058,0.,0.115));
#10979=CARTESIAN_POINT('',(0.158,0.,0.115));
#10980=CARTESIAN_POINT('',(0.042,0.,0.115));
#10981=CARTESIAN_POINT('',(0.042,-0.016,0.115));
#10982=CARTESIAN_POINT('',(0.158,-0.016,0.115));
#10983=CARTESIAN_POINT('',(0.00799999999999999,-0.016,0.115));
#10984=CARTESIAN_POINT('',(0.00799999999999999,0.,0.115));
#10985=CARTESIAN_POINT('',(0.158,0.,0.115));
#10986=CARTESIAN_POINT('',(-0.00799999999999999,0.,0.115));
#10987=CARTESIAN_POINT('',(-0.00799999999999999,-0.016,0.115));
#10988=CARTESIAN_POINT('',(0.158,-0.016,0.115));
#10989=CARTESIAN_POINT('',(-0.042,-0.016,0.115));
#10990=CARTESIAN_POINT('',(-0.042,0.,0.115));
#10991=CARTESIAN_POINT('',(0.158,0.,0.115));
#10992=CARTESIAN_POINT('',(-0.058,0.,0.115));
#10993=CARTESIAN_POINT('',(-0.058,-0.016,0.115));
#10994=CARTESIAN_POINT('',(0.158,-0.016,0.115));
#10995=CARTESIAN_POINT('',(-0.092,-0.016,0.115));
#10996=CARTESIAN_POINT('',(-0.092,0.,0.115));
#10997=CARTESIAN_POINT('',(0.158,0.,0.115));
#10998=CARTESIAN_POINT('',(-0.108,0.,0.115));
#10999=CARTESIAN_POINT('',(-0.108,-0.016,0.115));
#11000=CARTESIAN_POINT('',(0.158,0.,0.115));
#11001=CARTESIAN_POINT('',(0.142,0.,0.115));
#11002=CARTESIAN_POINT('',(0.142,3.030088246176E-18,0.066));
#11003=CARTESIAN_POINT('',(0.158,0.,0.115));
#11004=CARTESIAN_POINT('',(0.158,0.,0.066));
#11005=CARTESIAN_POINT('',(0.158,0.,0.066));
#11006=CARTESIAN_POINT('',(0.158,0.,0.115));
#11007=CARTESIAN_POINT('',(0.108,0.,0.115));
#11008=CARTESIAN_POINT('',(0.108,3.030088246176E-18,0.066));
#11009=CARTESIAN_POINT('',(0.158,0.,0.066));
#11010=CARTESIAN_POINT('',(0.092,3.030088246176E-18,0.066));
#11011=CARTESIAN_POINT('',(0.092,0.,0.115));
#11012=CARTESIAN_POINT('',(0.158,0.,0.115));
#11013=CARTESIAN_POINT('',(0.058,0.,0.115));
#11014=CARTESIAN_POINT('',(0.058,3.030088246176E-18,0.066));
#11015=CARTESIAN_POINT('',(0.158,0.,0.066));
#11016=CARTESIAN_POINT('',(0.042,3.030088246176E-18,0.066));
#11017=CARTESIAN_POINT('',(0.042,0.,0.115));
#11018=CARTESIAN_POINT('',(0.158,0.,0.115));
#11019=CARTESIAN_POINT('',(0.00799999999999999,0.,0.115));
#11020=CARTESIAN_POINT('',(0.00799999999999999,3.030088246176E-18,0.066));
#11021=CARTESIAN_POINT('',(0.158,0.,0.066));
#11022=CARTESIAN_POINT('',(-0.00799999999999999,3.030088246176E-18,0.066));
#11023=CARTESIAN_POINT('',(-0.00799999999999999,0.,0.115));
#11024=CARTESIAN_POINT('',(0.158,0.,0.115));
#11025=CARTESIAN_POINT('',(-0.042,0.,0.115));
#11026=CARTESIAN_POINT('',(-0.042,3.030088246176E-18,0.066));
#11027=CARTESIAN_POINT('',(0.158,0.,0.066));
#11028=CARTESIAN_POINT('',(-0.058,3.030088246176E-18,0.066));
#11029=CARTESIAN_POINT('',(-0.058,0.,0.115));
#11030=CARTESIAN_POINT('',(0.158,0.,0.115));
#11031=CARTESIAN_POINT('',(-0.092,0.,0.115));
#11032=CARTESIAN_POINT('',(-0.092,3.030088246176E-18,0.066));
#11033=CARTESIAN_POINT('',(0.158,0.,0.066));
#11034=CARTESIAN_POINT('',(-0.108,3.030088246176E-18,0.066));
#11035=CARTESIAN_POINT('',(-0.108,0.,0.115));
#11036=CARTESIAN_POINT('',(0.158,0.,-0.066));
#11037=CARTESIAN_POINT('',(-0.142,0.,-0.066));
#11038=CARTESIAN_POINT('',(-0.142,0.,-0.115));
#11039=CARTESIAN_POINT('',(-0.142,0.,-0.066));
#11040=CARTESIAN_POINT('',(0.158,0.,-0.115));
#11041=CARTESIAN_POINT('',(-0.158,0.,-0.115));
#11042=CARTESIAN_POINT('',(-0.158,0.,-0.066));
#11043=CARTESIAN_POINT('',(-0.158,0.,-0.066));
#11044=CARTESIAN_POINT('',(0.158,0.,-0.066));
#11045=CARTESIAN_POINT('',(0.158,0.,-0.115));
#11046=CARTESIAN_POINT('',(-0.142,0.,-0.115));
#11047=CARTESIAN_POINT('',(-0.142,-0.016,-0.115));
#11048=CARTESIAN_POINT('',(0.158,-0.016,-0.115));
#11049=CARTESIAN_POINT('',(-0.158,-0.016,-0.115));
#11050=CARTESIAN_POINT('',(-0.158,0.,-0.115));
#11051=CARTESIAN_POINT('',(0.158,-0.016,-0.115));
#11052=CARTESIAN_POINT('',(-0.142,-0.016,-0.115));
#11053=CARTESIAN_POINT('',(-0.142,-0.016,-0.0403238075793815));
#11054=CARTESIAN_POINT('',(0.158,-0.016,-0.0403238075793815));
#11055=CARTESIAN_POINT('',(-0.158,-0.016,-0.0403238075793815));
#11056=CARTESIAN_POINT('',(-0.158,-0.016,-0.115));
#11057=CARTESIAN_POINT('',(0.158,0.0090000000000005,-0.0403238075793815));
#11058=CARTESIAN_POINT('',(-0.142,0.0090000000000005,-0.0403238075793815));
#11059=CARTESIAN_POINT('',(-0.142,-1.0671281225251E-17,-0.017));
#11060=CARTESIAN_POINT('',(0.158,-1.28055374703012E-17,-0.017));
#11061=CARTESIAN_POINT('',(-0.158,-1.28055374703012E-17,-0.017));
#11062=CARTESIAN_POINT('',(-0.158,0.0090000000000005,-0.0403238075793815));
#11063=CARTESIAN_POINT('',(0.158,-8.67361737988404E-18,-0.017));
#11064=CARTESIAN_POINT('',(-0.142,-8.67361737988404E-18,-0.017));
#11065=CARTESIAN_POINT('',(-0.142,0.01,-0.017));
#11066=CARTESIAN_POINT('',(0.158,0.01,-0.017));
#11067=CARTESIAN_POINT('',(-0.158,0.01,-0.017));
#11068=CARTESIAN_POINT('',(-0.158,-8.67361737988404E-18,-0.017));
#11069=CARTESIAN_POINT('',(0.158,0.01,-0.017));
#11070=CARTESIAN_POINT('',(-0.142,0.01,0.5));
#11071=CARTESIAN_POINT('',(-0.142,0.01,-0.0555930905438934));
#11072=CARTESIAN_POINT('',(0.158,0.00999999999999993,-0.0555930905438935));
#11073=CARTESIAN_POINT('',(-0.108,0.01,-0.0555930905438934));
#11074=CARTESIAN_POINT('',(-0.108,0.01,0.5));
#11075=CARTESIAN_POINT('',(-0.092,0.01,0.5));
#11076=CARTESIAN_POINT('',(-0.092,0.01,-0.0555930905438934));
#11077=CARTESIAN_POINT('',(0.158,0.00999999999999995,-0.0555930905438935));
#11078=CARTESIAN_POINT('',(-0.058,0.01,-0.0555930905438934));
#11079=CARTESIAN_POINT('',(-0.058,0.01,0.5));
#11080=CARTESIAN_POINT('',(-0.042,0.01,0.5));
#11081=CARTESIAN_POINT('',(-0.042,0.01,-0.0555930905438934));
#11082=CARTESIAN_POINT('',(0.158,0.00999999999999997,-0.0555930905438935));
#11083=CARTESIAN_POINT('',(-0.008,0.01,-0.0555930905438934));
#11084=CARTESIAN_POINT('',(-0.008,0.01,0.5));
#11085=CARTESIAN_POINT('',(0.00799999999999998,0.01,0.5));
#11086=CARTESIAN_POINT('',(0.00799999999999999,0.01,-0.0555930905438934));
#11087=CARTESIAN_POINT('',(0.158,0.00999999999999998,-0.0555930905438934));
#11088=CARTESIAN_POINT('',(0.042,0.01,-0.0555930905438934));
#11089=CARTESIAN_POINT('',(0.042,0.01,0.5));
#11090=CARTESIAN_POINT('',(0.058,0.01,0.5));
#11091=CARTESIAN_POINT('',(0.058,0.01,-0.0555930905438934));
#11092=CARTESIAN_POINT('',(0.158,0.00999999999999999,-0.0555930905438934));
#11093=CARTESIAN_POINT('',(0.092,0.01,-0.0555930905438934));
#11094=CARTESIAN_POINT('',(0.092,0.01,0.5));
#11095=CARTESIAN_POINT('',(0.108,0.01,0.5));
#11096=CARTESIAN_POINT('',(0.108,0.01,-0.0555930905438934));
#11097=CARTESIAN_POINT('',(0.158,0.01,-0.0555930905438934));
#11098=CARTESIAN_POINT('',(0.142,0.01,-0.0555930905438934));
#11099=CARTESIAN_POINT('',(0.142,0.01,0.5));
#11100=CARTESIAN_POINT('',(0.158,0.01,-0.017));
#11101=CARTESIAN_POINT('',(0.142,0.01,0.5));
#11102=CARTESIAN_POINT('',(0.142,0.01,0.0555930905438934));
#11103=CARTESIAN_POINT('',(0.158,0.01,0.0555930905438934));
#11104=CARTESIAN_POINT('',(0.108,0.01,0.0555930905438934));
#11105=CARTESIAN_POINT('',(0.108,0.01,0.5));
#11106=CARTESIAN_POINT('',(0.092,0.01,0.5));
#11107=CARTESIAN_POINT('',(0.092,0.01,0.0555930905438934));
#11108=CARTESIAN_POINT('',(0.158,0.00999999999999998,0.0555930905438934));
#11109=CARTESIAN_POINT('',(0.058,0.01,0.0555930905438934));
#11110=CARTESIAN_POINT('',(0.058,0.01,0.5));
#11111=CARTESIAN_POINT('',(0.042,0.01,0.5));
#11112=CARTESIAN_POINT('',(0.042,0.01,0.0555930905438934));
#11113=CARTESIAN_POINT('',(0.158,0.00999999999999997,0.0555930905438935));
#11114=CARTESIAN_POINT('',(0.00799999999999999,0.01,0.0555930905438934));
#11115=CARTESIAN_POINT('',(0.00799999999999998,0.01,0.5));
#11116=CARTESIAN_POINT('',(-0.008,0.01,0.5));
#11117=CARTESIAN_POINT('',(-0.008,0.01,0.0555930905438934));
#11118=CARTESIAN_POINT('',(0.158,0.00999999999999996,0.0555930905438935));
#11119=CARTESIAN_POINT('',(-0.042,0.01,0.0555930905438934));
#11120=CARTESIAN_POINT('',(-0.042,0.01,0.5));
#11121=CARTESIAN_POINT('',(-0.058,0.01,0.5));
#11122=CARTESIAN_POINT('',(-0.058,0.01,0.0555930905438934));
#11123=CARTESIAN_POINT('',(0.158,0.00999999999999995,0.0555930905438935));
#11124=CARTESIAN_POINT('',(-0.092,0.01,0.0555930905438934));
#11125=CARTESIAN_POINT('',(-0.092,0.01,0.5));
#11126=CARTESIAN_POINT('',(-0.108,0.01,0.5));
#11127=CARTESIAN_POINT('',(-0.108,0.01,0.0555930905438934));
#11128=CARTESIAN_POINT('',(0.158,0.00999999999999993,0.0555930905438935));
#11129=CARTESIAN_POINT('',(-0.142,0.01,0.0555930905438934));
#11130=CARTESIAN_POINT('',(-0.142,0.01,0.5));
#11131=CARTESIAN_POINT('',(-0.142,0.01,0.017));
#11132=CARTESIAN_POINT('',(0.158,0.01,0.017));
#11133=CARTESIAN_POINT('',(-0.158,0.01,0.017));
#11134=CARTESIAN_POINT('',(-0.158,0.01,-0.017));
#11135=CARTESIAN_POINT('',(0.158,0.01,0.017));
#11136=CARTESIAN_POINT('',(-0.142,0.01,0.017));
#11137=CARTESIAN_POINT('',(-0.142,-8.53702498020082E-18,0.017));
#11138=CARTESIAN_POINT('',(0.158,-8.53702498020082E-18,0.017));
#11139=CARTESIAN_POINT('',(-0.158,-8.53702498020082E-18,0.017));
#11140=CARTESIAN_POINT('',(-0.158,0.01,0.017));
#11141=CARTESIAN_POINT('',(0.158,0.00900000000000052,0.0403238075793816));
#11142=CARTESIAN_POINT('',(-0.142,0.00900000000000052,0.0403238075793816));
#11143=CARTESIAN_POINT('',(-0.142,-0.016,0.0403238075793815));
#11144=CARTESIAN_POINT('',(0.158,-0.016,0.0403238075793815));
#11145=CARTESIAN_POINT('',(-0.158,-0.016,0.0403238075793815));
#11146=CARTESIAN_POINT('',(-0.158,0.00900000000000052,0.0403238075793816));
#11147=CARTESIAN_POINT('',(0.158,-0.016,0.0403238075793815));
#11148=CARTESIAN_POINT('',(-0.142,-0.016,0.0403238075793815));
#11149=CARTESIAN_POINT('',(-0.142,-0.016,0.115));
#11150=CARTESIAN_POINT('',(0.158,-0.016,0.115));
#11151=CARTESIAN_POINT('',(-0.158,-0.016,0.115));
#11152=CARTESIAN_POINT('',(-0.158,-0.016,0.0403238075793815));
#11153=CARTESIAN_POINT('',(0.158,-0.016,0.115));
#11154=CARTESIAN_POINT('',(-0.142,-0.016,0.115));
#11155=CARTESIAN_POINT('',(-0.142,0.,0.115));
#11156=CARTESIAN_POINT('',(0.158,0.,0.115));
#11157=CARTESIAN_POINT('',(-0.158,0.,0.115));
#11158=CARTESIAN_POINT('',(-0.158,-0.016,0.115));
#11159=CARTESIAN_POINT('',(0.158,0.,0.115));
#11160=CARTESIAN_POINT('',(-0.142,0.,0.115));
#11161=CARTESIAN_POINT('',(-0.142,3.030088246176E-18,0.066));
#11162=CARTESIAN_POINT('',(0.158,0.,0.066));
#11163=CARTESIAN_POINT('',(-0.158,0.,0.066));
#11164=CARTESIAN_POINT('',(-0.158,0.,0.115));
#11165=CARTESIAN_POINT('',(0.158,0.,0.066));
#11166=CARTESIAN_POINT('',(0.142,0.,0.066));
#11167=CARTESIAN_POINT('',(0.158,0.,0.066));
#11168=CARTESIAN_POINT('',(0.158,0.0634194044623617,-8.53702498020082E-18));
#11169=CARTESIAN_POINT('',(0.158,0.0634194044623617,-8.53702498020082E-18));
#11170=CARTESIAN_POINT('',(-0.158,0.0634194044623617,-8.53702498020082E-18));
#11171=CARTESIAN_POINT('',(-0.158,0.,0.066));
#11172=CARTESIAN_POINT('',(-0.142,0.,0.066));
#11173=CARTESIAN_POINT('',(-0.108,0.,0.066));
#11174=CARTESIAN_POINT('',(-0.092,0.,0.066));
#11175=CARTESIAN_POINT('',(-0.058,0.,0.066));
#11176=CARTESIAN_POINT('',(-0.042,0.,0.066));
#11177=CARTESIAN_POINT('',(-0.00799999999999999,0.,0.066));
#11178=CARTESIAN_POINT('',(0.00799999999999999,0.,0.066));
#11179=CARTESIAN_POINT('',(0.042,0.,0.066));
#11180=CARTESIAN_POINT('',(0.058,0.,0.066));
#11181=CARTESIAN_POINT('',(0.092,0.,0.066));
#11182=CARTESIAN_POINT('',(0.108,0.,0.066));
#11183=CARTESIAN_POINT('',(0.158,0.0634194044623617,0.));
#11184=CARTESIAN_POINT('',(0.142,0.0634194044623617,0.));
#11185=CARTESIAN_POINT('',(0.108,0.0634194044623617,0.));
#11186=CARTESIAN_POINT('',(0.092,0.0634194044623617,0.));
#11187=CARTESIAN_POINT('',(0.058,0.0634194044623617,0.));
#11188=CARTESIAN_POINT('',(0.042,0.0634194044623617,0.));
#11189=CARTESIAN_POINT('',(0.00799999999999999,0.0634194044623617,0.));
#11190=CARTESIAN_POINT('',(-0.00799999999999999,0.0634194044623617,0.));
#11191=CARTESIAN_POINT('',(-0.042,0.0634194044623617,0.));
#11192=CARTESIAN_POINT('',(-0.058,0.0634194044623617,0.));
#11193=CARTESIAN_POINT('',(-0.092,0.0634194044623617,0.));
#11194=CARTESIAN_POINT('',(-0.108,0.0634194044623617,0.));
#11195=CARTESIAN_POINT('',(-0.142,0.0634194044623617,0.));
#11196=CARTESIAN_POINT('',(-0.158,0.0634194044623617,0.));
#11197=CARTESIAN_POINT('',(0.158,0.0634194044623617,0.));
#11198=CARTESIAN_POINT('',(0.158,0.0090000000000005,-0.0403238075793815));
#11199=CARTESIAN_POINT('',(-0.158,0.0090000000000005,-0.0403238075793815));
#11200=CARTESIAN_POINT('',(-0.142,-0.44609430648634,0.5));
#11201=CARTESIAN_POINT('',(-0.108,0.01,0.5));
#11202=CARTESIAN_POINT('',(-0.092,-0.44445605508514,0.5));
#11203=CARTESIAN_POINT('',(-0.058,0.01,0.5));
#11204=CARTESIAN_POINT('',(-0.042,-0.44445605508514,0.5));
#11205=CARTESIAN_POINT('',(-0.008,0.01,0.5));
#11206=CARTESIAN_POINT('',(0.00799999999999998,-0.44445605508514,0.5));
#11207=CARTESIAN_POINT('',(0.042,0.01,0.5));
#11208=CARTESIAN_POINT('',(0.058,-0.44445605508514,0.5));
#11209=CARTESIAN_POINT('',(0.092,0.01,0.5));
#11210=CARTESIAN_POINT('',(0.108,-0.44445605508514,0.5));
#11211=CARTESIAN_POINT('',(0.142,0.01,0.5));
#11212=CARTESIAN_POINT('',(-0.142,-0.44609430648634,0.5));
#11213=CARTESIAN_POINT('',(-0.108,0.01,0.5));
#11214=CARTESIAN_POINT('',(-0.092,-0.44445605508514,0.5));
#11215=CARTESIAN_POINT('',(-0.058,0.01,0.5));
#11216=CARTESIAN_POINT('',(-0.042,-0.44445605508514,0.5));
#11217=CARTESIAN_POINT('',(-0.008,0.01,0.5));
#11218=CARTESIAN_POINT('',(0.00799999999999998,-0.44445605508514,0.5));
#11219=CARTESIAN_POINT('',(0.042,0.01,0.5));
#11220=CARTESIAN_POINT('',(0.058,-0.44445605508514,0.5));
#11221=CARTESIAN_POINT('',(0.092,0.01,0.5));
#11222=CARTESIAN_POINT('',(0.142,0.01,0.5));
#11223=CARTESIAN_POINT('',(0.108,-0.44445605508514,0.5));
#11224=CARTESIAN_POINT('',(0.,0.,0.));
#11225=CARTESIAN_POINT('',(0.1,0.259,0.065));
#11226=CARTESIAN_POINT('',(-0.1,0.259,0.065));
#11227=CARTESIAN_POINT('',(-0.1,0.259,0.065));
#11228=CARTESIAN_POINT('',(-0.1,0.108999999999994,0.065));
#11229=CARTESIAN_POINT('',(0.1,0.108999999999994,0.065));
#11230=CARTESIAN_POINT('',(0.1,0.108999999999994,0.065));
#11231=CARTESIAN_POINT('',(0.1,0.259,0.065));
#11232=CARTESIAN_POINT('',(0.1,0.259,0.065));
#11233=CARTESIAN_POINT('',(0.1,0.259,0.065));
#11234=CARTESIAN_POINT('',(-0.0325,0.199,0.065));
#11235=CARTESIAN_POINT('',(-0.0325,0.199,0.065));
#11236=CARTESIAN_POINT('',(-0.0325,0.1465,0.065));
#11237=CARTESIAN_POINT('',(0.0325,0.199,0.065));
#11238=CARTESIAN_POINT('',(0.0325,0.199,0.065));
#11239=CARTESIAN_POINT('',(0.0325,0.1465,0.065));
#11240=CARTESIAN_POINT('',(0.0325,0.1465,0.065));
#11241=CARTESIAN_POINT('',(0.0049999999999998,0.119,0.065));
#11242=CARTESIAN_POINT('',(0.00499999999999981,0.119,0.065));
#11243=CARTESIAN_POINT('',(-0.0050000000000002,0.119,0.065));
#11244=CARTESIAN_POINT('',(-0.00500000000000019,0.119,0.065));
#11245=CARTESIAN_POINT('',(-0.0325,0.1465,0.065));
#11246=CARTESIAN_POINT('',(0.1,0.259,-0.065));
#11247=CARTESIAN_POINT('',(-0.1,0.259,-0.065));
#11248=CARTESIAN_POINT('',(-0.1,0.259,-0.065));
#11249=CARTESIAN_POINT('',(0.1,0.259,-0.065));
#11250=CARTESIAN_POINT('',(0.1,0.259,-0.065));
#11251=CARTESIAN_POINT('',(0.1,0.259,-0.065));
#11252=CARTESIAN_POINT('',(0.1,0.108999999999994,0.0550000000000052));
#11253=CARTESIAN_POINT('',(-0.1,0.108999999999994,0.0550000000000052));
#11254=CARTESIAN_POINT('',(-0.1,0.098999999999999,0.0550000000000052));
#11255=CARTESIAN_POINT('',(0.1,0.098999999999999,0.0550000000000052));
#11256=CARTESIAN_POINT('',(0.1,0.098999999999999,0.0550000000000052));
#11257=CARTESIAN_POINT('',(0.1,0.108999999999994,0.0550000000000052));
#11258=CARTESIAN_POINT('',(0.1,0.098999999999999,0.0550000000000052));
#11259=CARTESIAN_POINT('',(-0.1,0.098999999999999,0.0550000000000052));
#11260=CARTESIAN_POINT('',(-0.1,0.098999999999999,0.0499999999999931));
#11261=CARTESIAN_POINT('',(0.1,0.098999999999999,0.0499999999999931));
#11262=CARTESIAN_POINT('',(0.1,0.098999999999999,0.0499999999999931));
#11263=CARTESIAN_POINT('',(0.1,0.098999999999999,0.0550000000000052));
#11264=CARTESIAN_POINT('',(0.1,0.108999999999992,0.0499999999999931));
#11265=CARTESIAN_POINT('',(-0.1,0.108999999999992,0.0499999999999931));
#11266=CARTESIAN_POINT('',(-0.1,0.108999999999992,0.04));
#11267=CARTESIAN_POINT('',(0.1,0.108999999999992,0.04));
#11268=CARTESIAN_POINT('',(0.1,0.108999999999992,0.04));
#11269=CARTESIAN_POINT('',(0.1,0.108999999999992,0.0499999999999931));
#11270=CARTESIAN_POINT('',(0.1,0.108999999999992,0.04));
#11271=CARTESIAN_POINT('',(-0.1,0.108999999999992,0.04));
#11272=CARTESIAN_POINT('',(-0.1,0.119,0.04));
#11273=CARTESIAN_POINT('',(0.1,0.119,0.04));
#11274=CARTESIAN_POINT('',(0.1,0.119,0.04));
#11275=CARTESIAN_POINT('',(0.1,0.108999999999992,0.04));
#11276=CARTESIAN_POINT('',(0.1,0.119,0.04));
#11277=CARTESIAN_POINT('',(-0.1,0.119,0.04));
#11278=CARTESIAN_POINT('',(-0.1,0.12530282831008,0.033));
#11279=CARTESIAN_POINT('',(0.1,0.12530282831008,0.033));
#11280=CARTESIAN_POINT('',(0.1,0.12530282831008,0.033));
#11281=CARTESIAN_POINT('',(0.1,0.119,0.04));
#11282=CARTESIAN_POINT('',(0.1,0.12530282831008,0.033));
#11283=CARTESIAN_POINT('',(-0.1,0.12530282831008,0.033));
#11284=CARTESIAN_POINT('',(-0.1,0.14730282831008,0.033));
#11285=CARTESIAN_POINT('',(0.1,0.14730282831008,0.033));
#11286=CARTESIAN_POINT('',(0.1,0.14730282831008,0.033));
#11287=CARTESIAN_POINT('',(0.1,0.12530282831008,0.033));
#11288=CARTESIAN_POINT('',(0.1,0.14730282831008,0.033));
#11289=CARTESIAN_POINT('',(-0.1,0.14730282831008,0.033));
#11290=CARTESIAN_POINT('',(-0.1,0.15507711591389,0.04));
#11291=CARTESIAN_POINT('',(0.1,0.15507711591389,0.04));
#11292=CARTESIAN_POINT('',(0.1,0.15507711591389,0.04));
#11293=CARTESIAN_POINT('',(0.1,0.14730282831008,0.033));
#11294=CARTESIAN_POINT('',(0.1,0.15507711591389,0.04));
#11295=CARTESIAN_POINT('',(-0.1,0.15507711591389,0.04));
#11296=CARTESIAN_POINT('',(-0.1,0.229,0.04));
#11297=CARTESIAN_POINT('',(0.1,0.229,0.04));
#11298=CARTESIAN_POINT('',(0.1,0.229,0.04));
#11299=CARTESIAN_POINT('',(0.1,0.15507711591389,0.04));
#11300=CARTESIAN_POINT('',(0.1,0.229,0.04));
#11301=CARTESIAN_POINT('',(-0.1,0.229,0.04));
#11302=CARTESIAN_POINT('',(-0.1,0.229,0.015000000000001));
#11303=CARTESIAN_POINT('',(0.1,0.229,0.015000000000001));
#11304=CARTESIAN_POINT('',(0.1,0.229,0.015000000000001));
#11305=CARTESIAN_POINT('',(0.1,0.229,0.04));
#11306=CARTESIAN_POINT('',(0.1,0.229,0.015000000000001));
#11307=CARTESIAN_POINT('',(-0.1,0.229,0.015000000000001));
#11308=CARTESIAN_POINT('',(-0.1,0.108999999999994,0.015000000000001));
#11309=CARTESIAN_POINT('',(0.1,0.108999999999994,0.015000000000001));
#11310=CARTESIAN_POINT('',(0.1,0.108999999999994,0.015000000000001));
#11311=CARTESIAN_POINT('',(0.1,0.229,0.015000000000001));
#11312=CARTESIAN_POINT('',(0.1,0.108999999999994,0.0050000000000062));
#11313=CARTESIAN_POINT('',(-0.1,0.108999999999994,0.0050000000000062));
#11314=CARTESIAN_POINT('',(-0.1,0.098999999999999,0.00500000000000622));
#11315=CARTESIAN_POINT('',(0.1,0.098999999999999,0.00500000000000622));
#11316=CARTESIAN_POINT('',(0.1,0.098999999999999,0.00500000000000622));
#11317=CARTESIAN_POINT('',(0.1,0.108999999999994,0.0050000000000062));
#11318=CARTESIAN_POINT('',(0.1,0.098999999999999,0.00500000000000622));
#11319=CARTESIAN_POINT('',(-0.1,0.098999999999999,0.00500000000000622));
#11320=CARTESIAN_POINT('',(-0.1,0.098999999999999,-0.00500000000000622));
#11321=CARTESIAN_POINT('',(0.1,0.098999999999999,-0.00500000000000622));
#11322=CARTESIAN_POINT('',(0.1,0.098999999999999,-0.00500000000000622));
#11323=CARTESIAN_POINT('',(0.1,0.098999999999999,0.00500000000000622));
#11324=CARTESIAN_POINT('',(0.1,0.108999999999994,-0.00500000000000622));
#11325=CARTESIAN_POINT('',(-0.1,0.108999999999994,-0.00500000000000622));
#11326=CARTESIAN_POINT('',(-0.1,0.108999999999994,-0.015000000000001));
#11327=CARTESIAN_POINT('',(0.1,0.108999999999994,-0.015000000000001));
#11328=CARTESIAN_POINT('',(0.1,0.108999999999994,-0.015000000000001));
#11329=CARTESIAN_POINT('',(0.1,0.108999999999994,-0.00500000000000622));
#11330=CARTESIAN_POINT('',(0.1,0.108999999999994,-0.015000000000001));
#11331=CARTESIAN_POINT('',(-0.1,0.108999999999994,-0.015000000000001));
#11332=CARTESIAN_POINT('',(-0.1,0.229,-0.015000000000001));
#11333=CARTESIAN_POINT('',(0.1,0.229,-0.015000000000001));
#11334=CARTESIAN_POINT('',(0.1,0.229,-0.015000000000001));
#11335=CARTESIAN_POINT('',(0.1,0.108999999999994,-0.015000000000001));
#11336=CARTESIAN_POINT('',(0.1,0.229,-0.015000000000001));
#11337=CARTESIAN_POINT('',(-0.1,0.229,-0.015000000000001));
#11338=CARTESIAN_POINT('',(-0.1,0.229,-0.04));
#11339=CARTESIAN_POINT('',(0.1,0.229,-0.04));
#11340=CARTESIAN_POINT('',(0.1,0.229,-0.04));
#11341=CARTESIAN_POINT('',(0.1,0.229,-0.015000000000001));
#11342=CARTESIAN_POINT('',(0.1,0.229,-0.04));
#11343=CARTESIAN_POINT('',(-0.1,0.229,-0.04));
#11344=CARTESIAN_POINT('',(-0.1,0.15507711591389,-0.04));
#11345=CARTESIAN_POINT('',(0.1,0.15507711591389,-0.04));
#11346=CARTESIAN_POINT('',(0.1,0.15507711591389,-0.04));
#11347=CARTESIAN_POINT('',(0.1,0.229,-0.04));
#11348=CARTESIAN_POINT('',(0.1,0.15507711591389,-0.04));
#11349=CARTESIAN_POINT('',(-0.1,0.15507711591389,-0.04));
#11350=CARTESIAN_POINT('',(-0.1,0.14730282831008,-0.033));
#11351=CARTESIAN_POINT('',(0.1,0.14730282831008,-0.033));
#11352=CARTESIAN_POINT('',(0.1,0.14730282831008,-0.033));
#11353=CARTESIAN_POINT('',(0.1,0.15507711591389,-0.04));
#11354=CARTESIAN_POINT('',(0.1,0.14730282831008,-0.033));
#11355=CARTESIAN_POINT('',(-0.1,0.14730282831008,-0.033));
#11356=CARTESIAN_POINT('',(-0.1,0.12530282831008,-0.033));
#11357=CARTESIAN_POINT('',(0.1,0.12530282831008,-0.033));
#11358=CARTESIAN_POINT('',(0.1,0.12530282831008,-0.033));
#11359=CARTESIAN_POINT('',(0.1,0.14730282831008,-0.033));
#11360=CARTESIAN_POINT('',(0.1,0.12530282831008,-0.033));
#11361=CARTESIAN_POINT('',(-0.1,0.12530282831008,-0.033));
#11362=CARTESIAN_POINT('',(-0.1,0.119,-0.04));
#11363=CARTESIAN_POINT('',(0.1,0.119,-0.04));
#11364=CARTESIAN_POINT('',(0.1,0.119,-0.04));
#11365=CARTESIAN_POINT('',(0.1,0.12530282831008,-0.033));
#11366=CARTESIAN_POINT('',(0.1,0.119,-0.04));
#11367=CARTESIAN_POINT('',(-0.1,0.119,-0.04));
#11368=CARTESIAN_POINT('',(-0.1,0.108999999999992,-0.04));
#11369=CARTESIAN_POINT('',(0.1,0.108999999999992,-0.04));
#11370=CARTESIAN_POINT('',(0.1,0.108999999999992,-0.04));
#11371=CARTESIAN_POINT('',(0.1,0.119,-0.04));
#11372=CARTESIAN_POINT('',(0.1,0.108999999999992,-0.0499999999999931));
#11373=CARTESIAN_POINT('',(-0.1,0.108999999999992,-0.0499999999999931));
#11374=CARTESIAN_POINT('',(-0.1,0.098999999999999,-0.0499999999999931));
#11375=CARTESIAN_POINT('',(0.1,0.098999999999999,-0.0499999999999931));
#11376=CARTESIAN_POINT('',(0.1,0.098999999999999,-0.0499999999999931));
#11377=CARTESIAN_POINT('',(0.1,0.108999999999992,-0.0499999999999931));
#11378=CARTESIAN_POINT('',(0.1,0.098999999999999,-0.0499999999999931));
#11379=CARTESIAN_POINT('',(-0.1,0.098999999999999,-0.0499999999999931));
#11380=CARTESIAN_POINT('',(-0.1,0.098999999999999,-0.0550000000000052));
#11381=CARTESIAN_POINT('',(0.1,0.098999999999999,-0.0550000000000052));
#11382=CARTESIAN_POINT('',(0.1,0.098999999999999,-0.0550000000000052));
#11383=CARTESIAN_POINT('',(0.1,0.098999999999999,-0.0499999999999931));
#11384=CARTESIAN_POINT('',(0.1,0.108999999999994,-0.0550000000000052));
#11385=CARTESIAN_POINT('',(-0.1,0.108999999999994,-0.0550000000000052));
#11386=CARTESIAN_POINT('',(-0.1,0.108999999999994,-0.065));
#11387=CARTESIAN_POINT('',(0.1,0.108999999999994,-0.065));
#11388=CARTESIAN_POINT('',(0.1,0.108999999999994,-0.065));
#11389=CARTESIAN_POINT('',(0.1,0.108999999999994,-0.0550000000000052));
#11390=CARTESIAN_POINT('',(0.1,0.108999999999994,-0.065));
#11391=CARTESIAN_POINT('',(-0.1,0.108999999999994,-0.065));
#11392=CARTESIAN_POINT('',(0.1,0.108999999999994,-0.065));
#11393=CARTESIAN_POINT('',(0.1,0.108999999999994,0.0550000000000052));
#11394=CARTESIAN_POINT('',(-0.1,0.108999999999994,0.0550000000000052));
#11395=CARTESIAN_POINT('',(-0.0325,0.199,0.175));
#11396=CARTESIAN_POINT('',(-0.0325,0.1465,0.175));
#11397=CARTESIAN_POINT('',(-0.0325,0.1465,0.175));
#11398=CARTESIAN_POINT('',(-0.0325,0.199,0.175));
#11399=CARTESIAN_POINT('',(-0.0325,0.199,0.175));
#11400=CARTESIAN_POINT('',(-0.0325,0.199,0.175));
#11401=CARTESIAN_POINT('',(-0.0325,0.1465,0.175));
#11402=CARTESIAN_POINT('',(-0.0050000000000002,0.119,0.175));
#11403=CARTESIAN_POINT('',(-0.0050000000000002,0.119,0.175));
#11404=CARTESIAN_POINT('',(-0.0325,0.1465,0.175));
#11405=CARTESIAN_POINT('',(-0.0050000000000002,0.119,0.175));
#11406=CARTESIAN_POINT('',(0.0049999999999998,0.119,0.175));
#11407=CARTESIAN_POINT('',(0.0049999999999998,0.119,0.175));
#11408=CARTESIAN_POINT('',(-0.0050000000000002,0.119,0.175));
#11409=CARTESIAN_POINT('',(0.0049999999999998,0.119,0.175));
#11410=CARTESIAN_POINT('',(0.0325,0.1465,0.175));
#11411=CARTESIAN_POINT('',(0.0325,0.1465,0.175));
#11412=CARTESIAN_POINT('',(0.0049999999999998,0.119,0.175));
#11413=CARTESIAN_POINT('',(0.0325,0.1465,0.175));
#11414=CARTESIAN_POINT('',(0.0325,0.199,0.175));
#11415=CARTESIAN_POINT('',(0.0325,0.199,0.175));
#11416=CARTESIAN_POINT('',(0.0325,0.1465,0.175));
#11417=CARTESIAN_POINT('',(0.0325,0.199,0.175));
#11418=CARTESIAN_POINT('',(0.0325,0.199,0.175));
#11419=CARTESIAN_POINT('',(0.,0.,0.175));
#11420=CARTESIAN_POINT('',(0.,0.,0.));
#11421=MECHANICAL_DESIGN_GEOMETRIC_PRESENTATION_REPRESENTATION('',(#7164,
#7165,#7166,#7167),#11422);
#11422=(
GEOMETRIC_REPRESENTATION_CONTEXT(3)
GLOBAL_UNCERTAINTY_ASSIGNED_CONTEXT((#11427))
GLOBAL_UNIT_ASSIGNED_CONTEXT((#11434,#11433,#11432))
REPRESENTATION_CONTEXT('FTSH-107-01-L-DV-K-P','TOP_LEVEL_ASSEMBLY_PART')
);
#11423=(
GEOMETRIC_REPRESENTATION_CONTEXT(3)
GLOBAL_UNCERTAINTY_ASSIGNED_CONTEXT((#11428))
GLOBAL_UNIT_ASSIGNED_CONTEXT((#11434,#11433,#11432))
REPRESENTATION_CONTEXT('FTSH-107-01-L-DV-K-P_body','COMPONENT_PART')
);
#11424=(
GEOMETRIC_REPRESENTATION_CONTEXT(3)
GLOBAL_UNCERTAINTY_ASSIGNED_CONTEXT((#11429))
GLOBAL_UNIT_ASSIGNED_CONTEXT((#11434,#11433,#11432))
REPRESENTATION_CONTEXT('FTSH-107-01-L-DV-K-P_pins1','COMPONENT_PART')
);
#11425=(
GEOMETRIC_REPRESENTATION_CONTEXT(3)
GLOBAL_UNCERTAINTY_ASSIGNED_CONTEXT((#11430))
GLOBAL_UNIT_ASSIGNED_CONTEXT((#11434,#11433,#11432))
REPRESENTATION_CONTEXT('FTSH-107-01-L-DV-K-P_pins2','COMPONENT_PART')
);
#11426=(
GEOMETRIC_REPRESENTATION_CONTEXT(3)
GLOBAL_UNCERTAINTY_ASSIGNED_CONTEXT((#11431))
GLOBAL_UNIT_ASSIGNED_CONTEXT((#11434,#11433,#11432))
REPRESENTATION_CONTEXT('FTSH-107-01-L-DV-K-P_pp_pad','COMPONENT_PART')
);
#11427=UNCERTAINTY_MEASURE_WITH_UNIT(LENGTH_MEASURE(3.93700787401575E-7),
#11434,'DISTANCE_ACCURACY_VALUE','Maximum Tolerance applied to model');
#11428=UNCERTAINTY_MEASURE_WITH_UNIT(LENGTH_MEASURE(3.93700787401575E-7),
#11434,'DISTANCE_ACCURACY_VALUE','Maximum Tolerance applied to model');
#11429=UNCERTAINTY_MEASURE_WITH_UNIT(LENGTH_MEASURE(3.93700787401575E-7),
#11434,'DISTANCE_ACCURACY_VALUE','Maximum Tolerance applied to model');
#11430=UNCERTAINTY_MEASURE_WITH_UNIT(LENGTH_MEASURE(3.93700787401575E-7),
#11434,'DISTANCE_ACCURACY_VALUE','Maximum Tolerance applied to model');
#11431=UNCERTAINTY_MEASURE_WITH_UNIT(LENGTH_MEASURE(3.93700787401575E-7),
#11434,'DISTANCE_ACCURACY_VALUE','Maximum Tolerance applied to model');
#11432=(
NAMED_UNIT(*)
SI_UNIT($,.STERADIAN.)
SOLID_ANGLE_UNIT()
);
#11433=(
NAMED_UNIT(*)
PLANE_ANGLE_UNIT()
SI_UNIT($,.RADIAN.)
);
#11434=(
CONVERSION_BASED_UNIT('INCH',#11436)
LENGTH_UNIT()
NAMED_UNIT(#11435)
);
#11435=DIMENSIONAL_EXPONENTS(1.,0.,0.,0.,0.,0.,0.);
#11436=LENGTH_MEASURE_WITH_UNIT(LENGTH_MEASURE(25.4),#11437);
#11437=(
LENGTH_UNIT()
NAMED_UNIT(*)
SI_UNIT(.MILLI.,.METRE.)
);
#11438=PRODUCT_DEFINITION_SHAPE('','',#11447);
#11439=PRODUCT_DEFINITION_SHAPE('','',#11448);
#11440=PRODUCT_DEFINITION_SHAPE(' ','NAUO PRDDFN',#82);
#11441=PRODUCT_DEFINITION_SHAPE('','',#11449);
#11442=PRODUCT_DEFINITION_SHAPE(' ','NAUO PRDDFN',#83);
#11443=PRODUCT_DEFINITION_SHAPE('','',#11450);
#11444=PRODUCT_DEFINITION_SHAPE(' ','NAUO PRDDFN',#84);
#11445=PRODUCT_DEFINITION_SHAPE('','',#11451);
#11446=PRODUCT_DEFINITION_SHAPE(' ','NAUO PRDDFN',#85);
#11447=PRODUCT_DEFINITION('','',#11457,#11452);
#11448=PRODUCT_DEFINITION('','',#11458,#11453);
#11449=PRODUCT_DEFINITION('','',#11459,#11454);
#11450=PRODUCT_DEFINITION('','',#11460,#11455);
#11451=PRODUCT_DEFINITION('','',#11461,#11456);
#11452=PRODUCT_DEFINITION_CONTEXT('',#11483,'design');
#11453=PRODUCT_DEFINITION_CONTEXT('',#11483,'design');
#11454=PRODUCT_DEFINITION_CONTEXT('',#11483,'design');
#11455=PRODUCT_DEFINITION_CONTEXT('',#11483,'design');
#11456=PRODUCT_DEFINITION_CONTEXT('',#11483,'design');
#11457=PRODUCT_DEFINITION_FORMATION_WITH_SPECIFIED_SOURCE('','',#11467,
 .NOT_KNOWN.);
#11458=PRODUCT_DEFINITION_FORMATION_WITH_SPECIFIED_SOURCE('','',#11468,
 .NOT_KNOWN.);
#11459=PRODUCT_DEFINITION_FORMATION_WITH_SPECIFIED_SOURCE('','',#11469,
 .NOT_KNOWN.);
#11460=PRODUCT_DEFINITION_FORMATION_WITH_SPECIFIED_SOURCE('','',#11470,
 .NOT_KNOWN.);
#11461=PRODUCT_DEFINITION_FORMATION_WITH_SPECIFIED_SOURCE('','',#11471,
 .NOT_KNOWN.);
#11462=PRODUCT_RELATED_PRODUCT_CATEGORY('','',(#11467));
#11463=PRODUCT_RELATED_PRODUCT_CATEGORY('','',(#11468));
#11464=PRODUCT_RELATED_PRODUCT_CATEGORY('','',(#11469));
#11465=PRODUCT_RELATED_PRODUCT_CATEGORY('','',(#11470));
#11466=PRODUCT_RELATED_PRODUCT_CATEGORY('','',(#11471));
#11467=PRODUCT('FTSH-107-01-L-DV-K-P','FTSH-107-01-L-DV-K-P',
'FTSH-107-01-L-DV-K-P',(#11477));
#11468=PRODUCT('FTSH-107-01-L-DV-K-P_body','FTSH-107-01-L-DV-K-P_body',
'FTSH-107-01-L-DV-K-P_body',(#11478));
#11469=PRODUCT('FTSH-107-01-L-DV-K-P_pins1',
'FTSH-107-01-L-DV-K-P_pins1','FTSH-107-01-L-DV-K-P_pins1',(#11479));
#11470=PRODUCT('FTSH-107-01-L-DV-K-P_pins2',
'FTSH-107-01-L-DV-K-P_pins2','FTSH-107-01-L-DV-K-P_pins2',(#11480));
#11471=PRODUCT('FTSH-107-01-L-DV-K-P_pp_pad',
'FTSH-107-01-L-DV-K-P_pp_pad','FTSH-107-01-L-DV-K-P_pp_pad',(#11481));
#11472=PRODUCT_CATEGORY('','');
#11473=PRODUCT_CATEGORY('','');
#11474=PRODUCT_CATEGORY('','');
#11475=PRODUCT_CATEGORY('','');
#11476=PRODUCT_CATEGORY('','');
#11477=PRODUCT_CONTEXT('',#11483,'mechanical');
#11478=PRODUCT_CONTEXT('',#11483,'mechanical');
#11479=PRODUCT_CONTEXT('',#11483,'mechanical');
#11480=PRODUCT_CONTEXT('',#11483,'mechanical');
#11481=PRODUCT_CONTEXT('',#11483,'mechanical');
#11482=APPLICATION_PROTOCOL_DEFINITION('international standard',
'automotive_design',2010,#11483);
#11483=APPLICATION_CONTEXT(
'core data for automotive mechanical design processes');
ENDSEC;
END-ISO-10303-21;
